station_complex_id,model,n_train,n_test,n_features,Train RMSE,Train R^2,Train MAE,Train MAPE,Test RMSE,Test R^2,Test MAE,Test MAPE
103,Baseline,25797,8253,1,67.35034751495294,0.2251463521881449,53.568709539868976,188.1387866134257,79.1084384763594,0.2495100526842659,63.485883920998425,175.6501246056765
118,Baseline,25797,8253,1,129.24428874349067,0.2518708407598042,100.37899755785556,245.47599842726967,152.460627116618,0.2208081540359282,117.57833515085424,250.19209550337044
231,Baseline,25797,8253,1,495.0209893498328,0.202227283782289,397.4778462611932,490.7206098675215,517.6258141365824,0.2128887120454274,422.7575427117412,497.6829392496697
409,Baseline,25797,8253,1,263.8510188689025,0.1906706133032846,214.47664457107416,216.7216384181025,309.0598522054331,0.1886647208113473,249.017084696474,209.7018853601547
399,Baseline,25797,8253,1,608.0888360773661,0.2147785171137244,417.3797728418033,488.5382391837695,652.2056075267037,0.1873520541579983,460.0871198352114,375.8255139898383
623,Baseline,25797,8253,1,1045.7006813012138,0.1462409581967551,812.3467845098268,205.4479652877208,1214.114921267883,0.1747510174682003,964.5501029928512,203.9707416522972
602,Baseline,25797,8253,1,1870.5258914317992,0.1904903584025874,1498.5098267240376,178.95820948259347,2207.231937463829,0.1678720414343784,1777.747606930813,178.01106623999928
618,Baseline,25797,8253,1,1007.9909256758774,0.1477566569365196,793.3483738419196,150.74952113399877,1123.9022648706875,0.1465843993606871,894.6300739125167,148.76212540995573
17,Baseline,25797,8253,1,342.2248309273939,0.1314366630153786,254.25185099042525,226.9458502087586,433.1421694776034,0.1421033418391962,314.50854234823703,350.709094750909
307,Baseline,25797,8253,1,377.098444763522,0.1435602825915264,264.76280187618715,316.5189716268825,411.005331360066,0.1293281542384344,288.7336726039016,303.66743522944574
619,Baseline,25797,8253,1,872.2393582726799,0.1408985552224104,693.6086754273753,175.35459420746778,1031.64160248471,0.1286682804052125,830.3690779110626,171.9319114277382
167,Baseline,25797,8253,1,788.7866513098745,0.1385597008547315,632.1715703376361,147.70667313652783,972.935484399447,0.1190462263276243,787.5639161517024,150.49635933693628
614,Baseline,25797,8253,1,1505.161328625266,0.107861411176828,1165.3634143505058,192.00655510412844,1646.8508892206332,0.1065494529177817,1294.3662910456803,186.77818884118
460,Baseline,25797,8253,1,238.14966133329267,0.1292267335620164,152.15633600806296,171.33791200030316,336.01947215275857,0.0886897436295724,208.1970192657216,162.04143546919033
601,Baseline,25797,8253,1,917.2278064770423,0.1038945138472684,739.3657789665465,168.41479367165434,1014.1891081419636,0.0878476097241776,827.1123227917121,167.13747804599774
405,Baseline,25797,8253,1,562.5381107288694,0.1185485096509862,404.1116408884754,227.60740806267304,676.2608701154394,0.0734908869852544,480.2221010541621,199.78732698318444
16,Baseline,25797,8253,1,339.114217876257,0.0938699361113194,270.4422219637942,229.12466534026424,407.5604602723555,0.0562822059415499,323.08190960862714,345.7019451392956
98,Baseline,25797,8253,1,156.30450879271044,0.0122777889227475,115.61402488661471,144.1855124613718,191.3613910756981,0.051450080741548,143.37659033078882,130.44682862976472
160,Baseline,25797,8253,1,255.660125971238,0.0548628555682577,188.8439741055161,400.4682242374069,292.25304466851617,0.0498888554491335,220.17193747728095,391.1830440683876
320,Baseline,25797,8253,1,272.4731926165479,0.0750826612347204,215.4829243710509,184.0114509247209,301.990294964518,0.0477997618730241,241.7369441415243,180.77899653830264
14,Baseline,25797,8253,1,438.44307272739326,0.0989434122167297,328.46137147730354,264.8140672650593,537.8311253534946,0.0447938597111402,394.9458378771356,384.7228674082133
323,Baseline,25797,8253,1,224.84375704730877,0.043726472388602,174.4106291429236,153.8101681507225,263.94646995934335,0.04021466159689,208.64558342420935,143.59683060752118
636,Baseline,25797,8253,1,891.4250898080181,0.0254209011817798,612.4493158119161,173.15357648276267,960.9296014263329,0.0397489791052111,674.6847207076215,173.06565284381833
204,Baseline,25797,8253,1,61.75961141933276,-0.4293077541281802,39.04194286157305,143.36550217385738,50.31052128572792,0.0298893811119453,27.548648976129893,85.43629031500333
13,Baseline,25797,8253,1,254.4659475821724,0.0280398675787914,189.5612668139706,257.59005796055993,309.98373217479246,0.0202517939081587,234.33054646795105,354.40950228387635
203,Baseline,25797,8253,1,19.66699550257502,-0.3769968761440698,12.68193976043726,103.56773972738551,18.860774795365582,0.0110010132280164,10.22828062522719,64.64684221436286
165,Baseline,25797,8253,1,452.5814777808672,0.0222202018469361,337.72175059115403,223.8989589213353,511.79047755079273,0.008602034336004,388.00787592390645,195.26983211112912
9,Baseline,25797,8253,1,787.5411474466462,-0.008156120429194,581.0580687676861,279.1724459211582,886.1091826528647,0.0024822741628758,665.7234944868533,456.8490239882847
321,Baseline,25797,8253,1,173.23884955750336,0.0601442349565474,131.59510795828973,185.53849520886664,192.7635620752228,-0.0028020810731723,146.70592511813885,174.67697707951297
200,Baseline,25797,8253,1,32.6410530703906,-0.1654518840580043,17.597821452106835,160.97144127641997,34.232952961436936,-0.0078433114536959,14.858354537743852,107.3877272167566
439,Baseline,25797,8253,1,261.82621114180483,-0.0483745654884768,201.1940148079234,189.69415741253144,305.8671266084454,-0.0086854240881837,239.4811583666545,156.82238879156458
224,Baseline,25797,8253,1,367.8269436884135,0.0661351639020023,247.40578361825015,613.5204314570191,452.5804552341539,-0.0155768220289043,323.5824548648976,268.50681294625576
168,Baseline,25797,8253,1,354.2928162129609,0.0511547432022354,250.99166569756173,305.43651366990366,491.1173110935775,-0.0208663083829085,338.49000363504183,297.54164755224
235,Baseline,25797,8253,1,339.3472390188045,-0.0069589496220114,260.5397914486181,331.754870950948,405.2655048329282,-0.0243767038905109,318.0925723979159,359.6333268170503
57,Baseline,25797,8253,1,75.24389411752439,-0.0437900846568206,51.89525913865953,232.31410294881604,86.84220262656748,-0.0274746942182939,58.25905731249243,258.00718200368743
175,Baseline,25797,8253,1,248.801426256624,0.0516519447313007,192.5464201263713,195.3420578359416,285.7815916724844,-0.0276987098115488,222.22416091118384,182.0773391040081
205,Baseline,25797,8253,1,46.94554186745345,-0.4696659649263748,28.17253944257084,103.61095529840252,32.72579756468896,-0.0287337087842021,17.22403974312371,60.7433825515668
71,Baseline,25797,8253,1,260.57805290844635,-0.1234976705160051,176.3121293173625,202.04743342763555,279.19783768857263,-0.0306764591362902,195.1160790015752,192.5747572491433
209,Baseline,25797,8253,1,106.34910852314955,-0.5434865910264215,72.90281815715005,106.43950476594816,105.06967217588272,-0.0327155638555853,57.76856900521023,57.78264989346885
8,Baseline,25797,8253,1,476.5392320541776,-0.0520054997406309,329.2557661743614,553.9838601131637,527.6384768878211,-0.0411723393856235,368.8724100327154,577.7472828307767
223,Baseline,25797,8253,1,432.8322990318132,0.0255229909420235,311.2777067100825,218.1756183024528,489.84915630095065,-0.0429770846255552,370.5332606324973,209.34517802161812
336,Baseline,25797,8253,1,177.64510199131095,0.0664136509723115,133.8407954413304,277.12930254747323,138.4248715017816,-0.0450515861090867,106.91530352599057,244.568419132957
319,Baseline,25797,8253,1,295.19202789596693,-0.0055113937208568,213.69938364926156,179.10090094622774,330.3281369433496,-0.0455090599566287,242.40155095116927,160.47132302969317
162,Baseline,25797,8253,1,425.30273518996455,0.0085745773004758,326.43974105516145,201.93912541227817,498.8694458264197,-0.0531132787701369,386.6946564885496,149.96125091136537
453,Baseline,25797,8253,1,279.7976175517064,0.0123682342358859,191.2934449742218,122.14104054288232,317.71539785425057,-0.0613402779388287,238.54986065673089,117.8974012211698
326,Baseline,25797,8253,1,165.20082903082067,-0.1215122772796968,108.4325696786448,270.9453827388396,175.49248560705897,-0.0638680048656803,120.97322185871803,243.4905568742097
20,Baseline,25797,8253,1,160.1989973930797,-0.0618597494842743,101.14714889328216,316.93862212297574,171.29132966122054,-0.0731834729307232,108.76372228280626,309.4378405060543
327,Baseline,25797,8253,1,510.6273413159762,-0.0502329001753167,331.22956157692755,295.14039605793096,584.9658419337405,-0.0732366431361737,382.6736944141524,274.51741853398454
613,Baseline,25797,8253,1,1394.5966020618505,-0.0677733321730715,954.1171841687018,197.54171990981712,1501.3197669958006,-0.0827002405855765,1033.3992487580274,192.6993265869725
306,Baseline,25797,8253,1,190.70483138375437,-0.0496339548826267,140.98581230375626,168.70530154979417,214.6152997509556,-0.0843355487711847,157.93481158366654,166.73547330065682
234,Baseline,25797,8253,1,307.9158616410295,-0.0703695572831846,242.4427646625577,205.7973802582565,338.18440404994254,-0.0885124383260078,266.27844420210835,245.23362763417128
201,Baseline,25797,8253,1,17.331193715767053,-0.4231775404338895,10.374539675156026,150.5146300491362,18.065634204812767,-0.0922847078310824,8.073185508300012,99.21702273353084
277,Baseline,25797,8253,1,470.03718609568494,-0.0955306374273443,312.7676086366632,181.6557759673956,547.4314705532909,-0.0930089292730333,373.6058403004968,184.51211326373988
603,Baseline,25797,8253,1,212.3383551848476,-0.2145108029519586,158.27072915455287,116.38139346138595,251.1954129077424,-0.0941370894552833,188.08760450745183,110.34535130075014
314,Baseline,25797,8253,1,494.1616278738385,-0.0367194816446658,363.7921463736093,461.1186999682101,549.4571729465907,-0.0941430973503856,407.48031019023387,444.0086888947996
607,Baseline,25797,8253,1,2326.921171003077,-0.0741982281518702,1773.5763848509516,172.08139674081738,2643.7133343523465,-0.0956730988746896,2005.97564521992,163.14612886154194
292,Baseline,25797,8253,1,160.9766740612223,-0.0645283816837909,115.807225646393,293.46222042101834,178.26018808609103,-0.0973896857933673,129.46601235914213,278.6262411554609
403,Baseline,25797,8253,1,623.54817568686,-0.0899723883615613,443.976276311199,207.40492962313715,720.6900610259263,-0.105224455933264,516.69501999273,217.73389065924724
198,Baseline,25797,8253,1,59.75004304203003,-0.2641595033721904,46.165949529015,106.28323955721788,148.54320002313403,-0.1079393116038354,99.59675269598934,82.59241279082454
622,Baseline,25797,8253,1,773.690468469718,-0.1200388328261237,501.1412567352793,213.26074764811432,834.9431211223383,-0.1083698257174432,545.6059614685569,184.32327283264607
173,Baseline,25797,8253,1,241.93456407584495,-0.0719707683393251,183.65368066054197,393.3186703269778,301.3589864282769,-0.1087029204842837,231.9046407367018,360.6843941061687
620,Baseline,25797,8253,1,752.2366770998536,-0.1045148535607525,514.3801217195798,241.42888897212717,811.2746835326735,-0.1111243522862934,551.6948988246698,232.67811128965175
430,Baseline,25797,8253,1,153.47323127171916,-0.253819462842602,107.15354498585108,129.03944931881952,173.52157032760147,-0.1112277844846414,124.57433660487096,131.67554469643522
287,Baseline,25797,8253,1,81.82356758744949,-0.1580906494457696,56.66554250494244,178.52064854495677,86.41931048817402,-0.1123169081437482,62.54877014419,205.5151548192064
308,Baseline,25797,8253,1,281.1505759450392,-0.0887199373811202,210.5535139744932,212.0924116875671,307.45075133711805,-0.1129219673443033,230.02653580516176,188.3977881820401
404,Baseline,25797,8253,1,463.3458797397626,-0.1167745196645935,330.5713067410939,182.69610454400743,524.7229660325826,-0.1156599876544195,377.5879074276021,183.4740751222842
10,Baseline,25797,8253,1,610.6730988340411,-0.1005143827553329,429.3877195022677,285.659557044678,767.161496467612,-0.1206519403334684,556.103719859445,368.1275329234984
363,Baseline,25797,8253,1,102.958022992796,-0.1894734896823446,68.34519517773384,134.39062621121408,106.47467841161644,-0.121939932212554,74.5673088573852,124.73779798099902
152,Baseline,25797,8253,1,130.03341521460072,-0.1976102754234914,89.26216226693026,158.97872303422926,144.973986226559,-0.1314174807099863,100.1693929480189,153.72210731809935
407,Baseline,25797,8253,1,331.03755399427735,-0.0563625653694248,258.07055083924485,200.96109653586976,384.34663710386144,-0.1355472364366556,294.0701563067975,198.6098455392705
305,Baseline,25797,8253,1,269.3807234808099,-0.1630492519122326,191.8655657634609,140.74029083404497,274.45725872234146,-0.136315831387823,199.0202350660366,128.44622323465177
22,Baseline,25797,8253,1,140.95878901029184,-0.1251565816894548,93.53773694615651,292.42451560889253,160.4922185382117,-0.1397651333011464,108.6229249969708,314.60623222098496
609,Baseline,25797,8253,1,1625.186171437717,-0.1503042312054581,1008.094778462612,195.0881515402871,1944.465033111819,-0.1487106231054582,1228.8032230703986,187.9722011753704
169,Baseline,25797,8253,1,530.0734491150812,-0.1521821638676717,343.2923983408924,219.66155140863788,586.0620204975094,-0.1502153606015548,390.6940506482491,185.42656880398684
398,Baseline,25797,8253,1,746.3474612086901,-0.1276636032202496,543.6819785246347,302.9452417638728,804.9156255053826,-0.150447886863865,597.1525505876651,296.471613748537
625,Baseline,25797,8253,1,567.0862305188948,-0.1337557772983202,445.8203279451099,124.758771104478,655.5215025647369,-0.1534925147647241,512.924512298558,123.69266272340307
228,Baseline,25797,8253,1,636.854392091906,-0.0987319342414858,456.3762840640384,273.1956791489071,786.6801010349457,-0.1546575303946136,556.7443353931903,433.06987698223776
232,Baseline,25797,8253,1,338.9927618237643,-0.1458206352781241,260.0502383998139,185.762277704596,382.082999351334,-0.1564167378734553,291.399975766388,197.3584944752006
312,Baseline,25797,8253,1,349.0677922746809,-0.0853920734170936,259.12237857115167,266.91232479012,397.4507497912576,-0.1604296618854925,301.55288985823336,265.5222574275281
316,Baseline,25797,8253,1,636.7384089029439,-0.1259249198399998,433.7220607047331,186.5401223092144,742.0390669344172,-0.1604905021316303,515.3782866836302,195.8811426292331
301,Baseline,25797,8253,1,231.03630015430687,-0.1929886791204265,158.33019343334496,167.1830156922127,241.3554337772177,-0.1638613949354874,170.10250817884406,200.2719251438574
196,Baseline,25797,8253,1,18.048979761382466,-0.0170029412692072,13.521921153622516,98.37239537643796,15.536310818047156,-0.1663590362912894,11.66606082636617,92.21209670613688
62,Baseline,25797,8253,1,47.5718873620346,-0.2137368408650495,34.02139783695779,159.64976773930644,49.528412181611,-0.1695236214374862,35.59675269598934,151.00681759887132
612,Baseline,25797,8253,1,1666.916141002372,-0.1610186661421306,1025.0393068961507,216.97242045636503,1939.7196976659145,-0.1716937160568301,1215.269598933721,208.7292736964311
207,Baseline,25797,8253,1,25.24105516028456,-0.5132151210068825,14.860138775826648,128.79068436214723,17.723039897846167,-0.1761244382658116,8.794620138131588,89.40794665948712
176,Baseline,25797,8253,1,117.69044275031548,-0.1164916826910862,89.9926735666938,197.0024722583412,127.07496468503597,-0.1763800851672301,97.31891433418151,198.34732912804284
434,Baseline,25797,8253,1,373.3905982494844,-0.2115581581447743,263.9388688607202,142.46838884171518,453.7804333502119,-0.1774600691713375,325.2998909487459,166.73664412530505
153,Baseline,25797,8253,1,548.083991228765,-0.1911007145963175,417.7092297553979,152.93955566699756,600.337812834543,-0.1787026310190576,464.3527202229493,126.72796453649909
304,Baseline,25797,8253,1,204.00996101541432,-0.1727624170452872,142.43997364034578,168.9935420282317,213.44558541434608,-0.1796910206085347,148.97382769901853,185.19808166738125
471,Baseline,25797,8253,1,733.5621622898271,-0.0661659815526447,477.8669225103694,397.7791762563879,1004.0348133696648,-0.1807102955665651,636.3193990064219,288.66733524897484
273,Baseline,25797,8253,1,423.2985055963436,-0.1066445921928085,299.6824436950033,215.38167704471368,487.4568827381325,-0.1864293652718793,350.8505997818975,207.5017525956343
396,Baseline,25797,8253,1,470.72142545975817,-0.1868870089446337,327.6693413962864,207.8799747413871,518.9460537129494,-0.1896088043727533,363.253604749788,189.48955129016707
391,Baseline,25797,8253,1,81.8671342000638,-0.2530904694772993,61.38306779858123,111.2188742023658,93.08120707807302,-0.1896706496907549,70.737792317945,114.14360342179457
125,Baseline,25797,8253,1,158.12649802803423,-0.1586926924055562,121.51661045858046,220.62157012269236,192.4651082258955,-0.1901243525189688,148.01138979764934,272.5315002330218
159,Baseline,25797,8253,1,492.397855182679,-0.1807871304517398,338.5923944644726,375.30758968671256,512.6430104600205,-0.1931651044301503,357.7554828547195,364.4769560762893
282,Baseline,25797,8253,1,58.868297501712135,-0.2796815894920164,38.013955111059424,242.2284640209277,60.04074003602612,-0.1973214927093849,43.879922452441534,263.65326909110246
208,Baseline,25797,8253,1,49.45750902597253,-0.5841708512356436,29.808737450091098,137.79680814327523,33.14103565483145,-0.1990035560887908,16.674542590573125,82.78161728374005
397,Baseline,25797,8253,1,1158.2590803531857,-0.177250342945556,878.3774082257627,235.8846140241514,1284.4202434592144,-0.1998187693445028,979.9332363988852,229.59075017566352
202,Baseline,25797,8253,1,18.10817165063176,-0.3254264897780266,8.17715238205993,184.67511588057877,19.804867175607384,-0.2009292860904874,6.787713558705925,126.43009184987146
303,Baseline,25797,8253,1,239.4559429664104,-0.2330432981748882,163.24723805093615,159.87990528090535,249.90466133155763,-0.2011622237180645,174.36689688598085,229.9523577639107
206,Baseline,25797,8253,1,21.516107927254144,-0.6176899566067076,12.923440710160095,107.99419839509464,16.02091054528765,-0.2016786198968159,8.117048346055979,68.97397528267086
393,Baseline,25797,8253,1,289.32805568263444,-0.1738969197600157,208.6607745086638,143.91415149514634,336.60670005187205,-0.2026711055994157,241.48697443353933,129.6792039809447
119,Baseline,25797,8253,1,553.6563193531572,-0.1514206646805651,417.6024731557933,218.7033503559892,674.0463306288686,-0.2044343667927013,516.778141281958,256.74063240373187
324,Baseline,25797,8253,1,365.5211638833743,-0.0873377976243028,232.0980346551925,218.93240975316183,547.727253355923,-0.2063738888164294,329.74506240155097,208.9946886245617
61,Baseline,25797,8253,1,86.17484959138103,-0.2743355325205359,62.29658487421018,222.7911386683692,88.4595498889612,-0.2074214399744909,64.44929116684843,221.14789289833345
344,Baseline,25797,8253,1,108.22882617568264,-0.2162531041515509,74.59576694964531,130.40259291355275,113.14246655877712,-0.2100962266148771,78.18732582091361,138.20024933106427
56,Baseline,25797,8253,1,78.36053950830853,-0.2689157499464836,53.82370043028259,222.5076066704501,77.20207684283947,-0.2160643424300183,53.19253604749788,241.09191973451752
238,Baseline,25797,8253,1,107.20815888771187,-0.2587335016925574,79.71810675659961,206.538043273543,119.6919047635028,-0.2209141001110537,89.93008602932267,224.2199408298615
216,Baseline,25797,8253,1,99.14189079011496,-0.2414275896644986,67.00356630615963,160.19831989656612,100.24985326114152,-0.2217611379272837,71.90245971162001,143.28061629700025
272,Baseline,25797,8253,1,100.1698362024021,-0.1864695357645553,65.09125092064968,195.30551107660577,107.31411217541736,-0.2243397720660829,73.4528050405913,174.26511117984973
313,Baseline,25797,8253,1,876.1554699305615,-0.1340350395318306,669.4362135131992,305.27792864464965,1014.5963370970234,-0.2266485022165787,767.0460438628378,279.0943051586128
605,Baseline,25797,8253,1,615.0119133830923,-0.2638478732645182,433.0671008256774,159.59016918002004,635.4379159016773,-0.2435104427682266,454.1005694898825,147.371760206215
157,Baseline,25797,8253,1,272.17760837731737,-0.230917133827547,190.89463891150132,350.2335258530334,299.40787883932285,-0.2455390387870097,212.49436568520537,348.13877483564283
26,Baseline,25797,8253,1,488.7427083579446,-0.158484359638459,362.018219172772,179.85739527471634,602.3340658732711,-0.2475486142586302,443.8117048346056,195.20370733983748
138,Baseline,25797,8253,1,95.4629898144454,-0.4539128037376363,56.38140093809358,118.5869672830149,368.1785152888744,-0.2516398118456182,196.5360474978796,113.71994397340262
158,Baseline,25797,8253,1,310.7362441241966,-0.224565503268918,221.1839748808001,342.86296261151165,350.76494121278114,-0.2568126684242058,247.89737065309583,336.83209464810307
55,Baseline,25797,8253,1,286.0541167476194,-0.3302834185542345,190.3010427569097,213.18285976384024,288.17495287655817,-0.2572154863269795,193.63395129043985,199.68483320026323
395,Baseline,25797,8253,1,305.3923577142199,-0.2864537491030869,220.602938326162,179.03632442097742,353.4383997406682,-0.2589064823529818,256.4818853750152,166.48851810546932
432,Baseline,25797,8253,1,151.44908980104856,-0.3529294806178085,103.94956777919911,131.964196177413,152.48991242536013,-0.2604024457408309,104.88064946080212,122.48545432377884
151,Baseline,25797,8253,1,489.349272077284,-0.2660003233302785,346.3997364034578,124.3854106403112,538.0081773179849,-0.2605230340784845,388.3636253483582,121.89444198846203
255,Baseline,25797,8253,1,187.7855407403888,-0.2781242216090858,126.33042601852928,163.77138632564996,199.8497405987802,-0.2628738179046366,135.87253120077548,135.1831475653475
624,Baseline,25797,8253,1,1770.4269151137305,-0.2359698162656045,1125.3100360507035,201.4037965129129,2062.898993729529,-0.2648464529787375,1312.2006543075245,185.894711756478
107,Baseline,25797,8253,1,207.8801560565295,-0.2866209410131564,120.1796720548901,251.4373149207795,237.22883069859992,-0.2660891510375349,139.64703744093055,237.64173857309007
325,Baseline,25797,8253,1,154.16182333938164,-0.20551375369475,97.00658991355584,187.29749103231217,191.46271449249235,-0.2662714018818513,118.7932872894705,189.33216590393997
225,Baseline,25797,8253,1,2084.4037342036386,-0.2870946182383631,1186.6495328914216,342.88147991553745,2422.7209932777296,-0.2675409607016388,1412.656003877378,397.0650077365028
311,Baseline,25797,8253,1,409.35609222472914,-0.1963928530621876,297.1162150637672,296.0936434805279,466.0108178940494,-0.2728302771814193,342.6046286198958,280.1058694238448
91,Baseline,25797,8253,1,39.34960485317508,-0.2376779772083961,29.258557196573246,111.52437331798374,46.37338908593637,-0.2741436588722949,34.47352477886829,112.141637093344
286,Baseline,25797,8253,1,113.4434466637901,-0.2886854314853357,82.13396906617048,153.9665543191865,125.54630312181088,-0.275768020178603,92.67636011147462,213.20067932671748
337,Baseline,25797,8253,1,224.1005460391534,-0.1746489359320537,167.40733418614568,195.44359429288804,253.30535153199224,-0.2796545202717173,184.1303768326669,214.38099195064305
221,Baseline,25797,8253,1,218.66287725626225,-0.0948388664744777,150.18924681164478,157.59298814588453,305.6741197989177,-0.2810157491660072,226.9069429298437,144.56667961081178
382,Baseline,25797,8253,1,207.29149310087416,-0.3188670228561368,147.03930689615072,114.0041521054386,217.4473667916198,-0.2840827337735974,149.8819823094632,105.96314325747866
147,Baseline,25797,8253,1,268.34835261893613,-0.3335949071013666,173.3407372950343,179.04112827739286,285.2921609664908,-0.2847577056828319,183.6580637343996,222.12907666250635
58,Baseline,25797,8253,1,353.4228548182266,-0.2251179330958865,240.23863239911617,101.33331645379263,413.6934139685274,-0.2865005393786137,264.8456318914334,97.2958294441399
329,Baseline,25797,8253,1,188.73033286475564,-0.2390933143857234,133.97119820134125,251.87142863639096,221.55211001714105,-0.2877281723634188,159.15400460438627,261.9276469734563
635,Baseline,25797,8253,1,767.685248757474,-0.3018461910851964,545.8639376671706,151.0566157774352,869.7211561729019,-0.2879133029154486,628.2550587665091,153.051270423138
438,Baseline,25797,8253,1,244.7514313162885,-0.2826832459410262,175.47540411675777,167.90047166716377,277.36654282577547,-0.288517389178186,204.56088695019992,123.24656173341135
343,Baseline,25797,8253,1,86.18103973091665,-0.323459051459348,61.92596038299027,144.3486955841516,88.93643690729996,-0.2960589617122804,62.77741427359748,169.19299812703122
236,Baseline,25797,8253,1,300.1578356877702,-0.3345332328977131,214.72927084544716,267.1718958844221,343.14718937810466,-0.3009657181947001,244.35441657579065,244.4168522381076
384,Baseline,25797,8253,1,209.0940917068848,-0.382295106256181,143.5488622708067,128.21463625496145,214.10411777005208,-0.3053764550476372,146.63116442505756,124.56445728702997
431,Baseline,25797,8253,1,66.27976705039248,-0.3317306629475058,46.42442919719347,136.27262577815694,80.02233799971725,-0.3065181058032344,55.35526475221132,131.4833245185851
428,Baseline,25797,8253,1,132.48426427562177,-0.3439146063803622,89.41834321820367,132.35659798331582,158.17893981912445,-0.3101435849322946,108.80528292742034,138.50946006696725
50,Baseline,25797,8253,1,151.51540046954705,-0.3222968494374092,98.72353374423382,203.67771204936167,173.49216187318376,-0.3124470524853804,114.13825275657337,193.9794875804382
413,Baseline,25797,8253,1,479.9726191377102,-0.3147548849832109,305.4774973834167,342.49181073553467,565.1959656465905,-0.3129990139056258,364.0167211922937,323.3982651688808
309,Baseline,25797,8253,1,285.0812752328538,-0.2265295388231127,197.414272977478,228.18154747859597,325.4775460487958,-0.3135582823306913,222.1346177147704,210.55963671830503
101,Baseline,25797,8253,1,299.80519207663514,-0.2674496141130238,213.29569329767028,158.4538613308608,346.0839671565149,-0.3175726648283787,241.90948745910575,161.63026120409342
123,Baseline,25797,8253,1,158.59300113349303,-0.2905068085457127,116.87967593130983,162.84892647065982,164.46299750265547,-0.319359588963459,123.61274687992244,191.4189911736168
414,Baseline,25797,8253,1,728.1694502683193,-0.3546021010635907,473.21215645230063,211.5568796147167,784.0337356149503,-0.3195157061237799,508.614564400824,194.6918266712195
266,Baseline,25797,8253,1,370.72604358916914,-0.3351985721524477,231.9761600186068,169.45284852805867,434.29774236087206,-0.3227586532346327,275.4809160305344,150.49711621198327
616,Baseline,25797,8253,1,1314.5505440581844,-0.2939495066421518,926.0667907120984,100.54242373334417,1405.087595395058,-0.3237038836396879,997.2539682539684,94.9896568751432
144,Baseline,25797,8253,1,170.67402754130975,-0.408938584270383,110.17893553513974,140.32447966811435,188.97981738827087,-0.3240066660283118,122.1168060099358,157.1322730695407
218,Baseline,25797,8253,1,183.7507889617964,-0.2816194345449565,117.23347676086368,140.40833347352864,192.20900338293544,-0.3278121712702526,129.6030534351145,114.32787590089552
376,Baseline,25797,8253,1,123.41010681341028,-0.3396234570660688,86.96340659766639,131.65013626041517,133.71904678345788,-0.3302286907149969,91.76953834969102,198.2481858290556
84,Baseline,25797,8253,1,119.27012743372885,-0.3162526236961824,66.63135248284684,136.8028687911514,93.58789802366836,-0.3332661927315556,51.78953107960741,148.87267140517767
477,Baseline,25797,8253,1,867.563426090853,-0.3082217391017774,602.3923324417568,337.66318616318955,1000.1531277403848,-0.3337494859966814,702.1543681085666,279.541107610133
32,Baseline,25797,8253,1,398.75734078686816,-0.3729208105954684,290.71768035042834,145.60500092553815,453.5294909394797,-0.3350265691913179,334.9821882951654,143.14967754194387
185,Baseline,25797,8253,1,61.67690983132847,-0.3995888944914967,41.45609954645889,126.49667083825008,62.2402183777902,-0.3363371605563596,42.690052102265845,114.30730989757652
298,Baseline,25797,8253,1,146.11302278767133,-0.3745694483460617,101.1488545179672,132.58328046177678,143.33138265518505,-0.3381231351239153,102.06240155095117,123.27702410935156
257,Baseline,25797,8253,1,105.90685185902936,-0.317294943411077,68.02915067643525,117.23083745776468,117.54803602379847,-0.3384806820310322,75.65903307888041,109.47664804903978
283,Baseline,25797,8253,1,279.7116904298974,-0.3167275853665365,194.2452998410668,372.6935145229624,322.1646444920188,-0.3409745734923495,230.51787228886465,475.83507293937697
341,Baseline,25797,8253,1,139.24304860382284,-0.3215766607364596,97.0109702678606,226.97124146903985,156.9610616355035,-0.3414031713570089,107.28135223555071,232.6253086302009
99,Baseline,25797,8253,1,97.2488556397806,-0.3424596803460438,69.35077722215762,155.91186769457406,112.94147139229626,-0.3417897793353912,81.12868047982552,155.74725889321235
606,Baseline,25797,8253,1,647.2659216985356,-0.302161216432669,462.5221537388068,166.83466358967982,749.1669048043229,-0.3423973858897915,544.6424330546467,159.45912152438166
222,Baseline,25797,8253,1,214.22098275621173,-0.2768173365233881,142.96716672481296,276.1878280145916,259.8426140075628,-0.3429391275111264,177.50357445777294,238.53436403184972
276,Baseline,25797,8253,1,937.285612013033,-0.2913068129136245,511.8424623018181,623.652478792979,953.7563351588752,-0.344093899667125,509.078032230704,464.7396094226276
299,Baseline,25797,8253,1,169.54715594695287,-0.3542619894646088,111.08105593673685,126.3331363754653,183.17759784392865,-0.3450851216827497,125.68532654792196,143.24449430059272
310,Baseline,25797,8253,1,844.1646984246864,-0.2952157392138239,600.4607512501453,194.4214562310085,962.133055622346,-0.3451589904204615,681.7513631406761,185.1778860874477
150,Baseline,25797,8253,1,64.34215580116245,-0.3769656357128996,42.69201845175795,141.4944912941837,69.75480676457789,-0.3466439488012143,46.39319035502242,147.10621414573555
628,Baseline,25797,8253,1,2351.224391314163,-0.3145896022464913,1588.4167926503085,203.44411170564237,2773.0521746593613,-0.347808203003767,1877.5227190112687,181.659194320495
455,Baseline,25797,8253,1,171.0601049994565,-0.4709584026752282,109.35515757646236,146.35022999752624,154.6576395133224,-0.3481172761890714,91.78250333212164,150.16495330813987
392,Baseline,25797,8253,1,551.0088003171114,-0.3812213092354004,402.7901306353452,130.85134138732812,619.8080238502704,-0.3501748421240624,461.7942566339513,120.05700454584584
48,Baseline,25797,8253,1,87.92343074512675,-0.3360882215788237,55.843160057371016,196.88623971637807,100.87241822957056,-0.3536057819412312,63.97903792560281,203.4663667768984
447,Baseline,25797,8253,1,1452.4794156750197,-0.4187050343331491,993.8399426289878,310.82097104273004,1522.34865395854,-0.3546720157183867,1064.7568157033809,749.7443483991483
154,Baseline,25797,8253,1,169.30498975447327,-0.3926055218387092,115.4328797922239,175.8145696118998,177.45758568478436,-0.3553495514556528,121.19229371137769,172.6309773263421
427,Baseline,25797,8253,1,116.29742464720046,-0.3664423057398369,82.27111679652673,107.0665480082266,142.61269817021665,-0.3556717025764055,101.18356961105052,114.38300181437695
217,Baseline,25797,8253,1,149.6363767197614,-0.4022334392520106,94.6912431678102,159.6404232640114,144.6964441426749,-0.3560990268075639,97.90330788804071,135.4932678466131
113,Baseline,25797,8253,1,114.28339368847172,-0.3776743262199902,71.78613792301431,173.90618392010168,131.91231771983368,-0.3595319077805381,83.54489276626681,174.163950410678
433,Baseline,25797,8253,1,129.5195039195613,-0.461208876908223,85.636973291468,149.37795345886383,143.68367487232229,-0.3605841274598316,97.1506118987035,139.76635583453057
256,Baseline,25797,8253,1,177.6516273761229,-0.3720085426834834,121.76578671938596,113.01375665328248,192.27707141500312,-0.3608303376438699,128.4530473767115,107.21002257931092
627,Baseline,25797,8253,1,130.5788078410015,-0.3519952538649238,92.86808543629104,133.31730812507033,144.07995293080953,-0.3612323600176959,102.3954925481643,131.06717274455204
328,Baseline,25797,8253,1,425.7059961366794,-0.2440834921521169,290.4554017909059,246.72321480882357,599.2198468135202,-0.3655477991652429,414.76650914818856,220.89784986467737
93,Baseline,25797,8253,1,70.1264431525527,-0.4162364686529003,45.32023103461643,151.16645457034463,79.23931255268973,-0.3660091219317436,51.60753665333818,129.3075655665944
96,Baseline,25797,8253,1,143.6987603320756,-0.3725380680074752,92.21638174981588,118.41409226558272,169.83523886577882,-0.3673616387350455,109.84042166484916,113.07099913939878
81,Baseline,25797,8253,1,66.28925772558397,-0.4178364331575848,39.7709035934411,142.8581991545009,70.39403129060405,-0.3694183381281131,44.102871683024354,143.06776051274778
95,Baseline,25797,8253,1,173.79357694821758,-0.3733097744801597,113.33992324688916,154.8219803221426,202.21559139114896,-0.3712695497546165,129.5093905246577,137.6612954267119
149,Baseline,25797,8253,1,97.54427213009768,-0.365936651992889,64.78865759584448,132.06607604862762,110.33621716868892,-0.3717281428189862,72.53447231309826,140.0073322998247
394,Baseline,25797,8253,1,245.47182579233137,-0.3459910808953046,169.85711516843045,155.29434514138055,298.4737678397428,-0.3735110408536248,207.0088452683873,147.83627385665093
440,Baseline,25797,8253,1,227.40894246198772,-0.3905139095031693,155.93026320890027,197.52299450352717,247.0633978341915,-0.378977894416201,173.97697806858113,147.7189654148108
49,Baseline,25797,8253,1,146.79487497205153,-0.4103893802875844,96.10718300577588,222.08765440515003,160.40755111547864,-0.3810524831690836,104.86065673088574,180.29400563561285
350,Baseline,25797,8253,1,100.74040164053564,-0.4187877809361235,66.48494010931503,148.6635393180774,97.50214791322162,-0.3814003917674091,64.82927420332001,158.3088390053025
374,Baseline,25797,8253,1,48.60818321479297,-0.4876639571865999,29.309570880334924,184.0808597996604,60.51426685829004,-0.3823178672884586,40.23603538107355,185.9019860277034
156,Baseline,25797,8253,1,120.72157265555626,-0.3613706946101116,81.71787417141527,207.69746923787775,133.64792585121913,-0.3832684648067792,90.2466981703623,208.0124959541245
180,Baseline,25797,8253,1,168.00542563095672,-0.3362295921967213,110.32340969880218,139.7224476861297,194.4752834937628,-0.389165680045586,127.27444565612504,129.47288628119736
94,Baseline,25797,8253,1,145.42752843618504,-0.3415865738143595,92.69535217273328,143.02704575495733,186.67749131256545,-0.3892673022541884,114.87422755361686,140.37481825327237
379,Baseline,25797,8253,1,184.8683756510309,-0.4326240394016467,132.41803310462456,151.4036667992825,173.2745227104258,-0.3925208248373566,124.04107597237368,171.08136080200782
85,Baseline,25797,8253,1,81.04292715222077,-0.3012809051422398,46.57650114354382,132.66589430814705,126.70810462642125,-0.3928738379427652,79.3967042287653,132.55038690199638
457,Baseline,25797,8253,1,191.98156058083967,-0.4814329890064488,118.25968135829748,156.90208058691516,188.7612606504722,-0.3931590533819817,107.56767236156549,146.05445576207242
86,Baseline,25797,8253,1,49.16964895559145,-0.4995311852048667,28.570298871961857,141.67478963904568,31.09504353917613,-0.3937153825797017,16.789046407367017,127.76042764654886
155,Baseline,25797,8253,1,199.71577305408283,-0.3610686437510859,136.8404465635539,188.24079029369548,225.7928666624516,-0.3944526036593596,154.94111232279172,194.0943855140243
279,Baseline,25797,8253,1,604.562188064322,-0.4207358106133172,421.987285343257,108.33552044458564,671.402467763299,-0.3952116378519683,494.59614685568886,94.12875522933236
388,Baseline,25797,8253,1,215.9651147891892,-0.4200965155255121,144.42694887002364,136.0803849754768,238.41104827871263,-0.3952221317991176,155.69029443838605,116.8405877896876
164,Baseline,25797,8253,1,1851.1454053586497,-0.4625246124633584,1334.0871419157263,260.08843949283727,2078.2853787955823,-0.3975008298792115,1555.9831576396462,185.0590803172952
146,Baseline,25797,8253,1,276.5108629972907,-0.4480294241995248,166.70973368996394,218.49964369858205,319.1700313404321,-0.397556184558286,193.4364473524779,233.48753852885335
429,Baseline,25797,8253,1,107.34165744136058,-0.4573473585311458,71.04446253440322,133.25099108597846,119.12017672539687,-0.3978956378363107,78.46080213255786,127.5132106703646
44,Baseline,25797,8253,1,439.5872866179266,-0.4870556461445918,251.7051207504749,184.6391740136987,426.6135563943728,-0.3980794706669166,246.46395250212043,188.6182722432799
375,Baseline,25797,8253,1,72.55579089085512,-0.444992225392943,50.89975578555646,178.72715336121095,80.50479446231061,-0.4003758048483961,55.44892766266812,204.3935127145472
120,Baseline,25797,8253,1,852.2573863086988,-0.2965279184078468,617.2018064115982,334.56138436183585,1043.6403476917626,-0.4029172040230384,749.8037077426391,279.6436345982494
74,Baseline,25797,8253,1,149.16655263708043,-0.4278749488313234,94.76865526999264,205.7164838188073,150.56092383087162,-0.4030917027583953,97.57639646189264,196.61794855625743
100,Baseline,25797,8253,1,67.65860724374163,-0.3076502682136841,46.74826530216692,143.62393882128924,74.45268206040751,-0.4051270081254126,50.76057191324367,141.57155094910195
43,Baseline,25797,8253,1,172.47829717299848,-0.3833484487402028,110.48389347598558,160.88642939419745,217.9609484274181,-0.4081567483795221,134.43656852053795,150.93697542181198
291,Baseline,25797,8253,1,153.03140667093598,-0.3917436980587419,105.39066558126916,338.1765460139705,185.7284886309999,-0.4099225784964815,127.47885617351268,303.10296735100087
83,Baseline,25797,8253,1,97.05410632328612,-0.3144478102046313,55.55366903128271,134.60081997055946,144.13177182053911,-0.4116033909114396,90.90427723252152,130.56689046751643
182,Baseline,25797,8253,1,130.5652028765477,-0.3938740757527224,81.8700236461604,124.73578761820644,149.12657377359866,-0.4142622154125774,93.29940627650552,112.1112135456959
630,Baseline,25797,8253,1,563.2020065777492,-0.4186904217689087,367.6255378532388,123.28372161693832,620.0059520592337,-0.4157469760042516,410.7723252150733,113.06529410299342
6,Baseline,25797,8253,1,98.29400766704558,-0.3741623117035046,68.4667597007404,172.35619720701123,122.45264566413668,-0.416979387147421,85.42178601720586,174.35501184934404
183,Baseline,25797,8253,1,144.13518899865915,-0.4550521105665264,87.95305655696399,127.55604298881896,153.1939989314694,-0.4178437978852996,97.00448321822368,107.85703347790268
461,Baseline,25797,8253,1,356.88486642702816,-0.2769152076837393,261.4277241539714,140.58896383517384,385.7501453054485,-0.4185595907698205,282.1756936871441,127.6049489616534
288,Baseline,25797,8253,1,153.86874160207608,-0.3741577144593664,97.97495832848782,188.4006641522484,161.72209492494787,-0.4193388172266024,105.69695868169153,216.070867612154
253,Baseline,25797,8253,1,44.9822528351397,-0.2519114532499311,29.309725937124472,162.54719177546403,44.96182529293717,-0.4217731680778369,29.990306555192053,159.6204699320811
246,Baseline,25797,8253,1,49.123961018516994,-0.2135561793397535,33.44210567120208,174.25560537625893,46.20764800896904,-0.424159081192285,32.77087119835211,185.71518499038305
441,Baseline,25797,8253,1,186.9553190282196,-0.4431312481466083,130.17990464007443,166.43059267637318,203.6374964906465,-0.424475264513368,145.1729068217618,148.76542181144657
42,Baseline,25797,8253,1,272.9308065104751,-0.4286781410977018,175.7562119626313,149.57816067653823,306.596568332188,-0.4257440007909305,201.0364715860899,135.42951366864193
284,Baseline,25797,8253,1,250.28010628983304,-0.3537252677595479,181.38585882079312,356.082407253339,308.85195696634906,-0.4265801409022935,223.94450502847448,529.2871206725142
79,Baseline,25797,8253,1,78.20913476016293,-0.4968180336401047,48.88552932511532,167.51271302442808,76.20421904409997,-0.4269952673180814,48.21616381921726,162.73858414106704
355,Baseline,25797,8253,1,211.46957815803108,-0.4026768753590832,144.89483273248828,167.21404000793854,236.3652264941907,-0.4279436948403499,163.88125530110264,176.75640523230365
214,Baseline,25797,8253,1,115.80662419008274,-0.3934472076721318,72.62220413226345,136.78352219138833,115.23297722591812,-0.4284730292080723,78.72506967163456,112.94154138599156
459,Baseline,25797,8253,1,271.382417273132,-0.4194810614753765,178.71612978253285,158.16172485420407,317.1995183986147,-0.4325892662364039,211.74021567914696,156.0042333593359
458,Baseline,25797,8253,1,351.0915763113349,-0.452525804208564,229.17455518083497,146.27657160379263,428.5871400650101,-0.4338187534523356,285.20368350902703,146.48077945972125
300,Baseline,25797,8253,1,195.77866179161668,-0.4117844720718604,128.64743962476257,156.21727915786337,209.2768378547283,-0.4339265859386065,142.306070519811,150.417004850583
31,Baseline,25797,8253,1,102.55724662797432,-0.5019698718753323,70.84901345117649,171.93610910028164,109.55622953545566,-0.434267914489133,78.05101175330184,161.686252794286
114,Baseline,25797,8253,1,119.22413476060886,-0.4505614780674969,70.50246152653409,132.96726790701072,132.17648171727325,-0.4355987712686149,77.36071731491579,125.26591194048471
452,Baseline,25797,8253,1,493.82663853248494,-0.3985150221324749,325.2137070201961,117.59264066194568,554.2828665791557,-0.4359480693328625,362.2607536653338,111.52334674547748
615,Baseline,25797,8253,1,138.45372821548102,-0.3946089962288586,94.10702794898631,150.230173475055,147.28442362279833,-0.436400555165813,100.6030534351145,146.51243517111695
51,Baseline,25797,8253,1,572.1746088710921,-0.4452894014264545,347.1250533007714,190.1115423365302,610.4946051444327,-0.4366979983313337,372.4635889979401,177.68067051052185
621,Baseline,25797,8253,1,184.7867504887213,-0.4605980718701701,125.95352172733264,90.72648304245284,199.25272092271365,-0.4371382957402776,139.6586695747001,85.43891510351027
333,Baseline,25797,8253,1,632.9486286176543,-0.4138182223577327,378.03190293444976,463.2730473814809,737.507730954064,-0.4387788647024262,454.3632618441779,397.4957154919815
263,Baseline,25797,8253,1,399.1098698598676,-0.4617282005137655,243.9875954568361,174.31306244892411,427.5025510052049,-0.4388683305837446,264.0836059614685,143.47232465273044
52,Baseline,25797,8253,1,210.6052698291468,-0.4742455492361861,127.68895608016436,171.65810961619738,219.7382741443896,-0.4391282032547274,133.62716587907428,151.98984905021
5,Baseline,25797,8253,1,181.4627913932545,-0.4681007872438625,122.92592161879288,166.9979742860932,198.1511160111013,-0.4411179988850171,136.25033321216526,167.4070619830343
372,Baseline,25797,8253,1,88.62644821571138,-0.5202302382611665,61.67899368143583,143.08921375102724,85.52895621168521,-0.4416139741213454,60.24318429661941,184.16596910366485
126,Baseline,25797,8253,1,182.05283581237828,-0.4617273269710258,133.57219831763382,168.72544701060755,220.746549273404,-0.4436839719647225,162.60184175451352,204.8911466096824
265,Baseline,25797,8253,1,571.5604012543629,-0.4422738490975946,343.77714462922046,169.01218061193572,656.7536123099746,-0.4441681065190308,396.25578577486976,141.0382722602342
295,Baseline,25797,8253,1,237.92550717152025,-0.4510187796163265,150.8770787300849,183.17969899056448,259.7345381192402,-0.4451908636459514,160.87386404943658,182.0886022503458
334,Baseline,25797,8253,1,170.82985262277165,-0.1591420830086449,112.85366515486297,414.98586784575934,204.13795783289223,-0.4456108857884091,142.1301344965467,396.1239547709062
59,Baseline,25797,8253,1,175.8642362742952,-0.4833014619500821,108.32302205682832,163.0295928713267,186.45644839724784,-0.4457776106979072,116.8858596873864,140.0623442378893
89,Baseline,25797,8253,1,64.50353908915214,-0.5383447725391506,38.527774547428,147.9703391066827,70.11379595957143,-0.4482588153199081,42.38567793529626,128.3806587549142
268,Baseline,25797,8253,1,100.33975987084708,-0.4712310361697178,62.419855021901775,167.91268309404614,113.72928513299354,-0.4483297806467563,73.63249727371864,145.5345398960629
88,Baseline,25797,8253,1,68.03614969150406,-0.5073684791967539,41.58813040276001,129.57930751341482,78.22596801557542,-0.4506403098519913,48.05985702168908,113.19693178163294
127,Baseline,25797,8253,1,329.5297102560952,-0.3982264293177529,211.4222196379424,161.45695799960586,404.5517475459793,-0.4514071799798498,255.39936992608747,179.7536460076673
220,Baseline,25797,8253,1,76.96117063480084,-0.5106920216562585,48.62701089273946,150.21267029964562,70.67021074355324,-0.4519437496628367,45.97891675754271,123.814510127179
65,Baseline,25797,8253,1,215.66948460170016,-0.5036850611207224,127.5210295770826,205.26118317235355,226.6254105332896,-0.4520682998329937,137.44674663758633,194.2514075415564
143,Baseline,25797,8253,1,236.94160730099784,-0.4678994765558153,143.67096949257666,133.82980339995447,267.6607778794361,-0.4524740703766767,160.1129286320126,175.17103381290008
421,Baseline,25797,8253,1,141.54464763357885,-0.4648469733654148,95.41384657130672,103.8485777989346,139.8186995746896,-0.4568808651341591,97.87774142735977,106.51961683504692
111,Baseline,25797,8253,1,89.60829941100417,-0.4592532430651614,52.03287203938442,169.63106465980363,102.33917291465634,-0.458117763522865,58.60184175451351,155.732736110299
610,Baseline,25797,8253,1,3965.5864933877215,-0.3824473099732035,2680.4352444082647,242.3972422267894,4946.195253354717,-0.4582509823645722,3387.5885132679027,230.84156286054323
345,Baseline,25797,8253,1,693.314402532504,-0.4935035649160795,404.9927123308912,134.11414558266563,737.6076763509188,-0.459007913410673,433.2708106143221,273.09967669065287
259,Baseline,25797,8253,1,684.0740715652332,-0.495115696312228,419.1212544094275,117.33741444851256,691.1846389623585,-0.4604588032624883,433.6441294074882,110.2989399137878
264,Baseline,25797,8253,1,512.1965575475812,-0.4734544323944423,335.1860293832616,204.2781965781627,527.966899428401,-0.4614607716475531,354.8101296498243,179.71509849040677
349,Baseline,25797,8253,1,61.1140774047182,-0.5390276251695978,39.957398147071366,124.52339897905568,68.13352173636473,-0.4620760802129819,46.61323155216285,129.69165737084697
187,Baseline,25797,8253,1,82.2459824906307,-0.5233294405570383,48.67949761600186,125.4760110447329,78.1084825990096,-0.4621941571370522,48.059735853628986,110.7175785926152
356,Baseline,25797,8253,1,244.69652064458887,-0.415274314639473,146.9249525138582,155.72592843419542,288.9772016866249,-0.4626926077308138,169.93796195322912,128.68728423487298
80,Baseline,25797,8253,1,61.395188341202434,-0.4624216319531213,39.50381827344265,108.56111171718904,67.5271359665534,-0.4630717332129985,44.13413304252999,113.3294626869986
130,Baseline,25797,8253,1,117.76815994504082,-0.4211102772517079,74.57173314726519,169.78812929368715,137.8401380998736,-0.4647779793072211,90.0757300375621,195.93330854492777
76,Baseline,25797,8253,1,243.32832088512944,-0.5354823016737846,142.39853471333876,188.82045542342425,236.3229786207023,-0.4655996778136129,140.59529867926815,176.3655994092976
617,Baseline,25797,8253,1,1105.197240522339,-0.4253285086905036,813.6279799976742,213.91605489915696,1274.6270218032466,-0.4660711621829045,924.6289833999758,209.93657177841763
373,Baseline,25797,8253,1,126.69218307778075,-0.5449272236866336,82.14451292785982,128.34152971173066,136.9097456144087,-0.467499501013074,89.10820307766873,165.43164128148055
131,Baseline,25797,8253,1,64.42310722545679,-0.3803335020352723,42.51955653758189,173.15669511521355,71.0130602037114,-0.4690429356066676,47.10093299406277,172.09069645803106
269,Baseline,25797,8253,1,191.6857204799132,-0.4695080969175931,122.54781563747724,164.59286862235817,220.82465096818592,-0.4693205477951414,143.07839573488428,169.2654516566489
38,Baseline,25797,8253,1,337.41688160852,-0.4775582106919032,207.5930922200256,207.8965750290522,357.1135040403305,-0.4695611947482956,221.85144795831815,155.95652560524178
75,Baseline,25797,8253,1,148.76973640201263,-0.5066982558864044,89.07981548242044,216.64616625174315,156.027445258248,-0.4707070805767728,98.11050527081062,208.24510212542063
213,Baseline,25797,8253,1,227.63857198583608,-0.3450154215675609,151.2867387680738,158.15951973440667,222.07950203101453,-0.4710087752336014,154.62813522355506,116.94903236830496
353,Baseline,25797,8253,1,104.610906120084,-0.4571925141590383,64.77602046749622,183.3568858367676,112.52279061528688,-0.4718182726801263,69.45110868774991,166.19580624952007
190,Baseline,25797,8253,1,150.22464926093585,-0.5265547565381803,84.67624142342133,158.77338787165118,142.9311468321832,-0.4725454221342791,86.1870834847934,140.98131789406463
354,Baseline,25797,8253,1,163.2413046190952,-0.4268929673858137,100.11117571810676,177.15986314082113,178.36419080967218,-0.4742085791378052,109.63383012237972,180.2026547409188
271,Baseline,25797,8253,1,302.15729168446563,-0.3938363034730565,210.95642904213668,144.32211077530292,328.6251030867413,-0.4761624712010048,227.9814612868048,119.81742649959295
383,Baseline,25797,8253,1,149.24926811295194,-0.5675471334848632,96.75194790091872,121.30574392011178,147.83800338669798,-0.4770845540938646,98.04568035865746,115.1585842244814
346,Baseline,25797,8253,1,175.18565766884743,-0.4886231839176989,104.46137147730356,114.5865328446712,190.42313969511736,-0.4787631518331765,113.00436205016358,141.7155326311107
294,Baseline,25797,8253,1,141.02161831777806,-0.5959050710960059,82.68655269992635,170.48554875370118,146.56924038511266,-0.4790100413736182,88.76638798012844,162.47938705171256
82,Baseline,25797,8253,1,91.88627645577483,-0.4444654057897235,52.6604643950847,117.61244555238808,94.43317927697962,-0.4794176112548141,55.46177147703865,115.27332595557726
608,Baseline,25797,8253,1,333.812774539776,-0.4670903714934171,234.5693297670272,195.6497988213736,379.2812557084549,-0.4800172394664432,266.0705198109778,196.5016457080364
436,Baseline,25797,8253,1,98.02381473906614,-0.5273100857640913,58.80726441059038,175.0386729712785,93.45071745446448,-0.4800818303643497,58.1130498000727,151.8765899495956
424,Baseline,25797,8253,1,196.08787248305396,-0.4993868262770726,128.4585416908943,127.42714654371284,179.8990730417462,-0.4809725779589087,122.96498243063128,128.0308645251009
475,Baseline,25797,8253,1,488.2156833167551,-0.4719719173562748,334.3614761406365,182.618009658547,568.3397765949542,-0.4821921325671945,387.49581970192656,190.76852564378527
611,Baseline,25797,8253,1,3870.289865238262,-0.4065134269549688,3034.513160445013,153.96938359525822,4546.979435119536,-0.4849173015966597,3560.631649097298,148.82801856184923
36,Baseline,25797,8253,1,241.68309870577065,-0.4867445656740727,146.6986471295112,195.7162459394948,252.44175457384296,-0.4850154502964232,156.95504664970315,177.09319549590666
278,Baseline,25797,8253,1,817.482655143366,-0.5243823912052101,507.74392371205954,108.29212004961096,868.3135055935285,-0.4864721727287739,557.7410638555676,96.74074747584436
380,Baseline,25797,8253,1,141.20825984333325,-0.4800116303237838,98.66763577160135,151.13955466849845,148.78323327192297,-0.4866707647653236,101.3784078516903,163.63280742478784
444,Baseline,25797,8253,1,162.53227159789705,-0.6082932622216659,87.72113036399581,156.47628846017523,138.31647753727026,-0.4870422002757451,79.23882224645584,158.6009226894098
366,Baseline,25797,8253,1,459.0498072221775,-0.5416277677086927,270.1894793968291,133.41061915858756,423.1738441669225,-0.4873253535943598,249.7381558221253,124.2998946008676
377,Baseline,25797,8253,1,202.10801538229305,-0.5111663802432718,138.24390432996086,112.68795445458257,222.27885989132255,-0.4880058286648938,149.47691748455108,112.23395381569952
387,Baseline,25797,8253,1,175.6305579306088,-0.5079345800148269,117.39706167383804,118.3607516608508,197.6366992068512,-0.4914843099020143,135.24924269962438,115.66525037293196
296,Baseline,25797,8253,1,130.4319073662602,-0.4614295649865565,84.34011706787611,178.49498934701697,135.73348139514684,-0.4936882250733279,88.17484551072337,168.9405948948786
381,Baseline,25797,8253,1,226.58186988570475,-0.5273128872545374,156.2523161607939,140.31759332581106,242.2286022479614,-0.4956153408213204,165.320731855083,130.68420145503404
47,Baseline,25797,8253,1,319.79321086725525,-0.4981816647256551,183.11028414156684,176.2510048146285,342.53990313791223,-0.4966339590522086,195.70592511813885,163.32002070308772
110,Baseline,25797,8253,1,156.23811012636835,-0.5320833032414038,87.52982904988953,185.52085850016695,167.1607398669485,-0.4972304043775073,94.69138495092692,185.42655171934655
245,Baseline,25797,8253,1,104.25755078536554,-0.4673934458002213,64.8923130596581,165.79417820099806,104.07231277433476,-0.4975039573187381,67.83436326184417,142.93011819930356
70,Baseline,25797,8253,1,86.19633493361032,-0.4802471250941937,54.676861650579525,181.61755446183184,94.5118620253144,-0.4975793283040484,62.46225614927905,151.81422749133105
297,Baseline,25797,8253,1,70.44327085980217,-0.3994161865243462,39.843819048726594,136.36943737579728,77.96333726871786,-0.4983938140652728,46.90815461044469,156.81241900820183
367,Baseline,25797,8253,1,110.67565790219444,-0.4946019236441499,70.1101290847773,138.93539570804705,133.6772142172046,-0.4985428222635437,84.57542711741185,131.5959210406218
280,Baseline,25797,8253,1,125.32015518462892,-0.4831472726078682,86.44315230453154,152.92418029617045,141.08805609791506,-0.5017550790153771,98.40227795952988,147.17814326748586
348,Baseline,25797,8253,1,119.29300850642088,-0.4853803543747956,73.82191727720277,133.87645875761598,135.68084080299664,-0.501941061723779,83.77232521507331,147.77416092715282
359,Baseline,25797,8253,1,522.1673547492762,-0.4922902990754441,302.9509632903051,151.2420783249731,566.3300605025428,-0.5023730278985492,332.24100327153764,131.09457350609907
60,Baseline,25797,8253,1,116.8932150455654,-0.5196808050823469,78.6171260224057,169.50894340003046,132.13211034335188,-0.5048086895294683,89.76772082878954,147.02523326479738
34,Baseline,25797,8253,1,249.29359414341084,-0.5341504594537423,160.37961778501375,168.6480989982203,270.3892043376873,-0.5058662170307737,178.5084211801769,143.1661767756547
191,Baseline,25797,8253,1,106.17314077484384,-0.5448367500675522,59.34403225181222,171.51472593752723,109.61102867933724,-0.5059449281741388,62.54271174118502,150.7526036196738
210,Baseline,25797,8253,1,209.0893124534065,-0.4672730601535715,122.34399348761484,160.10828190350756,186.186165594587,-0.5066616924937124,117.4336604870956,142.17808883418854
134,Baseline,25797,8253,1,69.33179402351347,-0.4503425393710001,43.54735046710858,126.48575839730027,77.98619105582483,-0.5076857120342086,52.57663879801285,125.6928370872534
68,Baseline,25797,8253,1,239.76158158024543,-0.555697186106404,141.46598441679265,190.47681009354224,234.6832899398726,-0.508428293419509,140.84199684963045,156.281631507431
386,Baseline,25797,8253,1,121.4133615581441,-0.5432589658188489,83.17063999689887,131.34406875071195,127.64530687376204,-0.509249333463218,87.09996364958197,126.93055283657908
250,Baseline,25797,8253,1,111.36850170351865,-0.4843088133212616,66.04647827266736,166.27728614180293,102.6842538057504,-0.5109422068639533,64.31794498970072,155.6115296580679
422,Baseline,25797,8253,1,81.31229062818478,-0.5460875617386374,47.72923208124976,126.40334345935014,75.98744053053238,-0.5111824608690354,46.35962680237489,129.66432807362594
369,Baseline,25797,8253,1,159.85495943260634,-0.5098176689953284,103.43423653913246,122.13552796358486,190.42285399192036,-0.5135279181091261,122.65273233975525,120.54489743962378
371,Baseline,25797,8253,1,255.11826304467283,-0.5590207588062064,169.99612358026127,107.72590731541598,276.00150537733697,-0.5139511236061836,183.12274324488064,105.59973929002943
87,Baseline,25797,8253,1,100.41361547987968,-0.4343811959364678,62.02833662829011,122.52989410728888,126.95526106995568,-0.5154830110934707,81.5103598691385,114.85216872597776
145,Baseline,25797,8253,1,141.34957149076655,-0.5187856117440415,84.96251502112649,189.47602395220957,150.94780285168326,-0.5155940090674802,90.23276384345088,174.29880940671424
351,Baseline,25797,8253,1,75.65791877223737,-0.5802897246718868,43.81862232042486,135.60566694687384,74.76686573477431,-0.5158205684500561,43.9252393069187,160.08953680383314
365,Baseline,25797,8253,1,167.25182152348242,-0.510678661974016,99.58720006202272,140.2426489999318,186.49055831652512,-0.5166305009842311,111.86465527686902,124.97120609023938
188,Baseline,25797,8253,1,300.7877222672639,-0.5393281369211054,178.30910570996627,124.40698827700342,312.6064449270225,-0.5174026448431637,182.41815097540288,108.84228303789678
179,Baseline,25797,8253,1,449.1667504411956,-0.4272270606277533,296.08830484164827,151.63455563695595,540.3889171255182,-0.5197845821151466,348.6218344844299,160.71949089912243
254,Baseline,25797,8253,1,681.1567529687823,-0.5652279964608335,381.2572392138621,126.25432544564406,651.4345336670018,-0.5212174959519726,373.4877014418999,115.04543578494588
385,Baseline,25797,8253,1,132.5457251960406,-0.5242867124613626,88.70977245416134,146.50915427668784,156.61900866032477,-0.5213779144646185,103.80370774263903,132.5720893020182
141,Baseline,25797,8253,1,45.53491985107792,-0.5327538766302251,30.453851223010428,162.50462482325707,54.68989496841594,-0.5214395897236468,37.30425299890949,196.61125506138305
418,Baseline,25797,8253,1,112.65259312247323,-0.581758563270363,68.75117261697096,126.12596458570816,98.0986880598048,-0.5267090241353833,62.5846358899794,113.48841843200648
244,Baseline,25797,8253,1,123.661529885886,-0.4359917294088733,75.38264139240997,177.472648480925,122.80249017572888,-0.5277794393977164,77.37537865018781,171.11307557512615
626,Baseline,25797,8253,1,413.5782055248151,-0.5059835622984226,266.8224599759662,153.4165548377728,477.8900433083694,-0.5303845502321265,309.1103841027505,141.06934112483515
124,Baseline,25797,8253,1,172.40266167674767,-0.4117114488886264,119.34317943946972,158.46372548153423,205.6617693174369,-0.530740373765465,138.86368593238822,197.3981641888149
437,Baseline,25797,8253,1,84.43850902068507,-0.4626832595302892,51.292049463115866,186.5876908805356,93.81563537044998,-0.5314661865158707,57.84575305949352,151.60698393027522
46,Baseline,25797,8253,1,192.94359376674072,-0.5661815027794332,111.67763693452729,179.09183058779652,214.8815430593295,-0.5315916506041829,125.3403610808191,160.73108021932458
54,Baseline,25797,8253,1,409.395933624968,-0.5754539194051724,239.9634453618638,140.87271320360142,423.924815697156,-0.5351577875775211,245.00714891554583,138.5062606572514
90,Baseline,25797,8253,1,75.61839693150624,-0.565843986128949,45.772531689731366,137.76934613317871,102.2837349626096,-0.5358302847333416,59.97843208530232,140.46001339923893
181,Baseline,25797,8253,1,354.0070789943853,-0.4649312017239067,225.99534829631352,131.18892126354015,465.2459048384853,-0.5370089579225628,284.93481158366654,120.42605092464233
456,Baseline,25797,8253,1,541.7737469129795,-0.5526627974553149,327.86219327828815,150.25921165233774,538.7922611644102,-0.5405465644395324,336.57482127711137,146.42031556018108
352,Baseline,25797,8253,1,146.470875501708,-0.5792727848419146,88.22192503004226,92.4488460816125,158.2236123302995,-0.5439574605908979,94.66666666666669,116.09769365249498
358,Baseline,25797,8253,1,216.02610781402785,-0.5336559828369176,125.16645346358104,152.80100611431166,239.6407095964043,-0.5450182485742727,140.1502483945232,142.8875391122167
97,Baseline,25797,8253,1,309.6512347099901,-0.4730733304267389,196.94526495328915,109.96594050296116,355.66019013514114,-0.5475514486620483,221.8621107476069,91.67952047436007
368,Baseline,25797,8253,1,171.707210584205,-0.5252029353369216,103.35430476411986,128.72488143484102,197.10565143767025,-0.5483237161318462,119.08711983521144,119.1138264345138
240,Baseline,25797,8253,1,366.7554231523725,-0.5387393300189036,244.26274372989107,322.0934894848065,414.823286644,-0.5493523911545688,276.02374893977947,312.2359720891632
72,Baseline,25797,8253,1,239.85186261103803,-0.5856949776978939,140.16327479939528,183.17975988690665,241.7542164582248,-0.5522668126870933,147.40579183327276,162.5338351960457
261,Baseline,25797,8253,1,741.6548410966464,-0.5367914160388945,461.0888087762143,176.30745849006632,842.5172984326467,-0.5544437160517015,522.1094147582697,175.89771247726594
289,Baseline,25797,8253,1,256.3854252060597,-0.5285693977575527,165.04651703686474,153.13139927961737,296.8866997158906,-0.5548455242344448,189.0930570701563,143.5641997648796
270,Baseline,25797,8253,1,231.47519676427564,-0.5198611949318945,141.59208435089351,166.97282004948178,268.24188448267256,-0.5550264178280768,167.29443838604143,154.2980732306297
64,Baseline,25797,8253,1,184.06474156843217,-0.5965976999893006,104.56940729542195,170.34550329501923,186.64944388792424,-0.5564933742298626,108.61710893008603,160.05138963296085
364,Baseline,25797,8253,1,79.94295777157062,-0.5716224560910228,47.64472613094546,188.09720314340976,77.62510764389341,-0.5570985857054591,47.84369320247183,161.12506853782142
450,Baseline,25797,8253,1,787.6836765671537,-0.4903584898815785,488.8423847734233,114.56071432445827,773.2166159460671,-0.5576068238313976,485.7013207318551,146.81543663064173
33,Baseline,25797,8253,1,235.05605409702363,-0.5773424105596028,147.06155754545102,160.04729164767636,257.844264485324,-0.5595885660233928,166.49836423118865,148.19803541741877
258,Baseline,25797,8253,1,158.57976603220493,-0.5035636507261678,95.38473465906888,150.97695308883556,176.37623775508513,-0.5597651820003882,107.7174360838483,129.00302092214534
108,Baseline,25797,8253,1,131.30427433565535,-0.6201067379800618,83.38128464550141,180.8321013962897,137.0813163398663,-0.5601889976654257,86.06373439961226,153.4965692237517
290,Baseline,25797,8253,1,167.54907126550123,-0.4842647390165822,108.66732565802224,184.15199413159212,188.92870703825807,-0.5615353228475748,119.36544286925968,191.91269404372167
66,Baseline,25797,8253,1,207.6058723642119,-0.6017658091542029,121.22859247199288,187.08115655407744,216.71723426345764,-0.5626707729994289,127.74094268750756,177.32194964679508
35,Baseline,25797,8253,1,375.7550131438061,-0.5861599764686869,248.0627979997674,146.13189870301036,427.1355417105517,-0.5673428867895789,278.5831818732582,129.17422767897082
252,Baseline,25797,8253,1,79.76363306269101,-0.483543675220681,46.63139124704423,137.62531848544137,81.3673384467214,-0.5681666391415809,49.95383496910215,149.23088631211962
109,Baseline,25797,8253,1,213.5493391930746,-0.5933826862801073,117.49028956855447,145.08082044472118,230.80146684285452,-0.5701302313228693,128.46407367018054,150.66921990263083
340,Baseline,25797,8253,1,222.24174849606047,-0.5353367344797058,146.16091018335464,273.8452118245119,251.89984455225,-0.5707929168291741,162.7174360838483,282.1554958508683
136,Baseline,25797,8253,1,99.15963988573807,-0.576767786668676,61.42706516261581,110.166231565922,99.3936481770956,-0.5734862014923472,64.68363019508058,107.83316075029248
67,Baseline,25797,8253,1,171.10254079529224,-0.5945397238590222,100.21041206341825,193.8384223202015,174.361328900284,-0.5737198983412326,104.04943656852052,200.40985606059016
211,Baseline,25797,8253,1,188.9063432090948,-0.5370294089406396,115.73287591580416,151.56656327609508,188.51782363785404,-0.5740747855939723,120.78492669332364,117.1041593602131
28,Baseline,25797,8253,1,206.3484058871408,-0.5295879908452936,143.26751172616972,243.01615381831755,258.1042513325169,-0.5747144908173198,176.05246577002302,239.0575769573764
426,Baseline,25797,8253,1,242.22833161977383,-0.6361970298787132,150.2907314804047,112.91764362481916,246.82860448154412,-0.5755879725999706,159.12189506845996,97.49147221276658
199,Baseline,25797,8253,1,10.455868823387275,-0.6634651633090609,6.325696786448036,133.46867685788902,8.770302820281232,-0.5768672146263272,4.42845026051133,90.33605661883333
135,Baseline,25797,8253,1,75.84120948974297,-0.5706547137557725,48.64534635810366,128.69442209011666,77.87057367839162,-0.5798046131052994,52.38579910335636,120.49397688155229
629,Baseline,25797,8253,1,385.6565166456538,-0.4925241513491587,275.461914176067,132.17390655991642,492.6770031857304,-0.5806863656187002,344.97213134617715,127.68682385047856
189,Baseline,25797,8253,1,179.3015298572229,-0.5474653306398951,101.55665387448153,165.45438460576327,178.8067761614759,-0.5810945387081892,103.75826972010178,130.55263903946212
347,Baseline,25797,8253,1,145.6102627098348,-0.5574351283242769,83.94786215451408,130.46547149097088,180.0266556726975,-0.5893915745386336,99.19835211438264,149.7568511969461
192,Baseline,25797,8253,1,225.48439732201163,-0.6094982361235137,135.89630577198898,119.64197480558872,228.1533055053941,-0.5910349036887608,141.30292015024838,114.32612482497706
212,Baseline,25797,8253,1,191.9623060928871,-0.5546343775156612,112.67492344071016,150.6159464271192,202.1038877935969,-0.5949532182931443,124.395129043984,122.7284629743772
449,Baseline,25797,8253,1,351.94364765367493,-0.4968936275016369,208.9274721866884,135.04149309103494,523.4028571091308,-0.5983672090236793,320.1706046286199,122.57111028744924
445,Baseline,25797,8253,1,106.96795025098407,-0.6380478246983008,61.41322634414855,200.93784565505877,114.76987865044566,-0.5997532844824196,66.24718284260268,191.2784441455473
77,Baseline,25797,8253,1,199.61123115187988,-0.5905021097382579,115.46253440322518,158.5302113373248,225.10888812076195,-0.6001276429691651,128.82042893493275,156.58770006290544
451,Baseline,25797,8253,1,846.8650463408907,-0.6149860381943257,538.6789936814358,118.7731294648484,891.8626139771224,-0.6001418876351712,578.7789894583788,114.49508250626886
78,Baseline,25797,8253,1,134.0561468555217,-0.6112449527905928,79.78749466992286,169.61833439589194,139.5628992947847,-0.6005122777014318,84.63116442505755,151.14649310772867
262,Baseline,25797,8253,1,269.1111335955184,-0.5896331970475241,153.04039229367757,189.48472715006815,300.0709809400543,-0.6007162014713141,170.98545983278808,183.05037044498724
446,Baseline,25797,8253,1,103.5548524876418,-0.6185302932604182,56.30522929022754,196.4390838120032,114.6544907435706,-0.6036479000352744,61.70943899188174,192.36055322972172
193,Baseline,25797,8253,1,69.04700664505764,-0.6377663125057662,39.27018645578944,164.39982384999217,68.02658228405632,-0.604636199962632,40.27747485762753,157.42113622600863
357,Baseline,25797,8253,1,147.63342905828875,-0.584836079574715,83.75799511571113,180.54570564512375,161.28060947719584,-0.605099970732266,94.57688113413305,174.80353225753083
243,Baseline,25797,8253,1,290.86019770845456,-0.6086882116751486,176.00713261231925,122.9345658316528,305.3444602872087,-0.6100553756045488,185.5624621349812,117.74627961645028
443,Baseline,25797,8253,1,95.71242691991073,-0.6419950533760985,56.9341008644416,184.64513118372776,95.26163822056988,-0.6104681282793902,57.67175572519084,167.37712400091354
37,Baseline,25797,8253,1,186.7099039866267,-0.5895227013909285,106.05539403806644,197.49118881475437,202.70825313730916,-0.6121086972239147,118.09814612868048,211.53774376345504
4,Baseline,25797,8253,1,395.6984683101549,-0.6050035322994298,237.9994573012366,144.4261212013459,442.8358066802837,-0.6136168928957302,265.9139706773295,137.67623621331418
237,Baseline,25797,8253,1,377.4300407122494,-0.6242093457902402,245.2251424584254,281.7814239113736,448.0264079085612,-0.6143288768194526,295.27977705076944,308.45186927765
53,Baseline,25797,8253,1,164.77712166912346,-0.6532344588748666,90.35829747645074,194.66631352427277,180.32518622104263,-0.6174993675994416,99.36835090270203,190.5698711564045
2,Baseline,25797,8253,1,349.4461394444092,-0.5678369541463242,206.1639337907509,153.21993172557643,396.2446765487235,-0.6189029890342677,234.34605597964375,146.744341874052
419,Baseline,25797,8253,1,89.17698359568561,-0.6442231216044789,52.98406791487383,137.15372547694068,90.03165631991213,-0.6200259963397583,55.75172664485642,139.74503800447016
39,Baseline,25797,8253,1,183.72811719755688,-0.6213331987905939,106.48606427103928,150.40822730999196,195.11954473644053,-0.6268320232120479,114.3598691384951,133.48010607614796
3,Baseline,25797,8253,1,435.955862193264,-0.594395789610831,265.6572082025042,166.0083476924908,500.5655948002077,-0.6288439166382236,306.189022173755,154.0202774670102
423,Baseline,25797,8253,1,123.92103125399156,-0.5919862838463055,75.67593130984223,148.6731888921165,124.14806691154033,-0.6344081504641974,77.49981824790986,143.86957356670987
186,Baseline,25797,8253,1,79.95943679359381,-0.5694988243784356,47.71442415784781,126.61653017303858,104.67116869645892,-0.6374460497746621,61.61395856052344,118.24739200287108
69,Baseline,25797,8253,1,161.0020300513647,-0.6961968372953147,93.23789587936582,161.06195008731137,155.83161989739085,-0.6387242985637385,91.19665576154124,145.6586241372135
45,Baseline,25797,8253,1,126.78578312451444,-0.65230412988064,73.5911927743536,232.8298763005988,147.48334635831728,-0.6390191700037409,84.63710166000243,219.6767762203721
41,Baseline,25797,8253,1,309.6458255358463,-0.5524945996175574,193.44768771562585,290.6893789360229,353.28173186159387,-0.6414971805142362,218.2253725917848,253.8028610904266
260,Baseline,25797,8253,1,108.33029065893317,-0.619432082644999,63.87727255107183,167.7168420776769,119.93864752952014,-0.645687472817821,71.8283048588392,149.7004774886304
463,Baseline,25797,8253,1,213.2017421744596,-0.7170087483798724,132.70384153196107,248.05203623921253,203.16875218292,-0.6552064313688073,128.8318187325821,235.80448170551583
1,Baseline,25797,8253,1,486.73105678809054,-0.6172014291486867,288.9850370198085,150.45553235972287,537.5941350282025,-0.6568820535374325,317.95613716224403,137.6698719800418
215,Baseline,25797,8253,1,213.52248084803463,-0.5327177473608915,124.82970888087762,135.91020476906948,280.01552401098064,-0.6592718712467054,165.29952744456563,115.2201891985908
129,Baseline,25797,8253,1,217.81311407066875,-0.5162835077021617,132.0716750009691,195.96995110761364,303.17690391261107,-0.6602720654409235,175.1845389555313,216.3605782935031
30,Baseline,25797,8253,1,190.979868244836,-0.6480099256732013,122.08551381943636,194.52851325690463,217.4215791946121,-0.661808726901445,137.39306918696232,198.94544239384
194,Baseline,25797,8253,1,99.89839742905042,-0.6911449751897107,52.07621041206342,166.81170462321035,93.78980458752228,-0.6689966519762416,50.31733914940022,156.1272922473784
177,Baseline,25797,8253,1,235.7315765182328,-0.6395350295880562,147.97856339884484,223.03264980777163,288.5142531172199,-0.670623836778641,177.07694171816308,226.6445801042062
251,Baseline,25797,8253,1,61.20934238326422,-0.494919981409019,37.179090591929295,164.20276000728524,67.9480034772315,-0.6726030141018637,43.21882951653944,158.69107052429916
442,Baseline,25797,8253,1,149.44298018336102,-0.7418244312293654,81.25278133116254,164.43854019114323,145.8883241597351,-0.6785390519292316,82.84066400096934,153.8044615070681
122,Baseline,25797,8253,1,280.1128407460116,-0.5915803033205211,181.63189518161028,279.2172518563491,343.48428302307013,-0.6799853759596715,217.85375015146008,341.1722272804141
448,Baseline,25797,8253,1,815.9771548840743,-0.6265540699846865,237.1668798697523,591.3527017538433,1185.2255547594784,-0.6837836662460259,347.4392342178602,596.9809196321918
293,Baseline,25797,8253,1,228.1387947876751,-0.652209449586175,137.97123696553862,238.90113607216836,219.4156408141927,-0.6839936211302866,134.8657457894099,556.2848906243454
425,Baseline,25797,8253,1,74.73832709475707,-0.6545840328767776,44.44272589836027,143.43090440266835,79.52078008321482,-0.6882768598439868,48.36386768447837,139.13242053332672
137,Baseline,25797,8253,1,89.40136542590544,-0.67390772845518,53.453851223010425,148.97297322284246,88.97878693495076,-0.6954805552665977,55.432448806494605,157.2081855374091
318,Baseline,25797,8253,1,1892.3412833878283,-0.6952433407388656,1281.112299879831,192.19132368325583,2131.869379614699,-0.696091563182021,1493.1949594086998,173.9600929871017
420,Baseline,25797,8253,1,80.00228632814655,-0.6926282694057306,46.244330736132106,137.43573550373952,87.15610963661109,-0.7043815331622927,52.04834605597964,151.90512394879983
361,Baseline,25797,8253,1,150.18717657096204,-0.7094686240699501,79.05578168004031,171.35171616835365,150.86212885189389,-0.7046409868917691,81.26753907669938,200.77828813699355
416,Baseline,25797,8253,1,107.534152098317,-0.6596953725280021,67.54355157576462,115.96236952800145,112.26885162068037,-0.7066651698452997,72.14843087362172,118.03307382472497
242,Baseline,25797,8253,1,230.85219794282727,-0.7297405614912211,131.5949141373028,243.86739669036615,251.61289889547643,-0.7090209023029608,144.04689203925844,234.27616892612423
476,Baseline,25797,8253,1,767.2304729833562,-0.6493111012983619,496.5081986277474,261.88368813428315,933.4686293249722,-0.7101471061085192,607.3286077789894,301.4500336926454
378,Baseline,25797,8253,1,185.1197057632585,-0.7331061310591158,114.15385509943016,135.73456943514634,203.20578649152063,-0.7119149591467138,126.97043499333576,205.17720786693604
241,Baseline,25797,8253,1,207.74689153476555,-0.7256402021938759,127.71298988254448,263.46457227599825,226.24127979845292,-0.7132458921991032,139.93505391978675,269.37115992555204
464,Baseline,25797,8253,1,529.1034179357961,-0.6298847337157467,330.2870101174555,342.0180477276083,689.6828331016014,-0.7283483329622877,413.702411244396,332.23335957703506
195,Baseline,25797,8253,1,261.3366586029288,-0.7604465118486976,134.12059541807187,148.6269546368897,254.3048407275178,-0.7306876034976684,134.9624379013692,101.3575355335071
197,Baseline,25797,8253,1,29.844565094277225,-0.6757841266455398,16.945381245881304,118.10645646897312,31.89020946674368,-0.736780506404175,19.097661456440083,118.25430318066948
417,Baseline,25797,8253,1,96.1747323214833,-0.7469985471484912,55.3990386479048,166.37060485554375,92.47653217323229,-0.7408440718643825,54.50514964255422,161.89256931051915
370,Baseline,25797,8253,1,59.40870436526144,-0.7255378910943358,36.35690196534481,127.9329696243266,59.24673572178592,-0.7459533633127731,36.67078638071005,122.12052336947194
339,Baseline,25797,8253,1,143.64709575474717,-0.6889692047873859,87.89277823002675,258.84544769517095,169.3390849021924,-0.748706980841054,103.30958439355386,298.9492706654719
247,Baseline,25797,8253,1,39.38933942670463,-0.416392500971992,24.649881769197968,154.15078529545264,39.727474933993015,-0.7554473246107722,25.15267175572519,162.55655076346864
133,Baseline,25797,8253,1,55.8759081057329,-0.6566622566526412,35.67201612590611,166.56855261109024,89.58818298184808,-0.7661026360944019,59.56948988246698,175.96095493618338
249,Baseline,25797,8253,1,91.82176231807954,-0.5852257925425028,50.75621196263131,146.93236061904068,103.87960227033022,-0.7685281405984399,59.14552284017933,159.88605736758225
362,Baseline,25797,8253,1,79.38587228845151,-0.7336244406292411,45.178392836376325,149.2794144598752,83.6710336716451,-0.7704913142764962,47.536168665939655,162.98249219456667
248,Baseline,25797,8253,1,98.74789987820624,-0.5890510452733111,59.0219792999186,197.8189796963856,103.35083868093352,-0.7737471611777718,62.57651762995275,200.85018251431296
360,Baseline,25797,8253,1,195.76815968287997,-0.8311359235301523,114.10733806256542,144.0105995097261,200.86986738414748,-0.7869503234248338,118.0968132800194,185.0530476277322
604,Baseline,25797,8253,1,1343.255862034059,-0.9544589005507644,566.9608093964414,250.5002151086995,1538.7030981583416,-0.96055488573568,645.1826002665697,230.8638885990489
613,Linear,25797,8253,107,210.31260023742863,0.9757164346733812,151.96969070418209,55.49027315522462,262.9203727607327,0.966794478410727,192.39329516658975,91.97188668879488
623,Linear,25797,8253,112,203.88238435820327,0.9675451249060628,142.18195404544156,61.05558119815905,249.85914322639027,0.9650492984701372,174.8841959208193,60.862063679052
609,Linear,25797,8253,92,297.66977560558104,0.961409894948232,207.27238504396655,69.81284605102545,342.5896906102166,0.96434183899986,246.07454831364723,70.6454219745013
602,Linear,25797,8253,127,424.53594215584025,0.9583012048390172,303.5643664425234,50.46515006920238,491.0410831620553,0.958815876347543,346.80284929328445,45.57635407538161
607,Linear,25797,8253,102,456.0749578022468,0.9587338889075836,324.4213375063018,44.10893485362875,514.3792729494368,0.9585218673315792,365.0236536561206,39.87445547281131
614,Linear,25797,8253,107,310.5685026833022,0.9620177193888308,215.44664271238267,45.6480502126102,357.8802157766986,0.9578072975540648,247.40398813402248,48.99306154551847
612,Linear,25797,8253,92,322.8086252190954,0.9564586431329118,226.07602611334525,105.22748056369252,396.1908664690546,0.951118438880916,302.30744903384414,161.1086336755485
619,Linear,25797,8253,102,202.30577778783044,0.9537842864427768,138.86845428187848,55.58875484947509,249.6089246253716,0.9489910894569468,175.11649286133056,49.99958713963742
605,Linear,25797,8253,97,121.6203829630829,0.9505757055811636,82.28195230031463,49.17115644361634,131.32084548582012,0.946890706171694,94.48756394586027,52.14477526041931
618,Linear,25797,8253,92,240.83265990300325,0.9513501912476596,173.2176914154939,45.75809237945288,282.16752448187793,0.9462080186920228,209.98199959026743,56.28289869622169
622,Linear,25797,8253,92,165.35594157513148,0.9488390975693288,118.257106103993,116.13641302547192,189.87150678476004,0.9426820689423884,130.3421156104155,106.12906713991812
9,Linear,25797,8253,92,185.69988487803457,0.943946265531811,129.02388774567726,83.76463918000404,215.1151652419385,0.9412120651112522,146.93772547476465,181.33148076622516
231,Linear,25797,8253,87,125.8836535423621,0.9484093939361092,87.88388927045469,418.122363539163,141.8330664453092,0.9409038385549988,99.24444099216596,572.059148674661
319,Linear,25797,8253,82,68.97651734574744,0.9450989977610096,49.63674522891055,77.79348335073207,79.80043493879424,0.938983515551878,58.01189983540481,81.80974600800354
223,Linear,25797,8253,92,109.71204405772772,0.9373904060278918,79.48756182838443,83.14887258736839,118.96926243671808,0.9384795397141408,88.40019194596844,90.68522276746349
636,Linear,25797,8253,102,195.42508292005667,0.9531609588474056,146.62932365990278,72.36882515802728,244.83870709619157,0.937660719070866,174.93550695075072,75.44466139329803
624,Linear,25797,8253,102,364.8022900942268,0.9475232451915117,256.5333011042844,110.42094261033245,466.5498907318313,0.9353039056797858,327.7549563388296,123.23128653667004
601,Linear,25797,8253,112,249.5305741704851,0.9336788201732678,167.32739539024394,51.95349578640472,272.7501222625568,0.9340280343591544,179.10187106085044,43.94664334400749
167,Linear,25797,8253,102,217.8453097879816,0.934294381477638,154.23371430711833,35.90652843635143,272.0340489115584,0.931129764944926,199.0166325898798,34.96578175871923
610,Linear,25797,8253,107,796.875330613007,0.9441768294801328,541.9141537998906,98.71013789307604,1079.188946612812,0.9305799787933734,746.7134697664136,122.7134415635001
169,Linear,25797,8253,87,122.6048063777058,0.9383598003333246,85.73923658734616,107.60395086206589,144.7369097534931,0.9298462971662912,104.11873174895156,128.51732191331632
628,Linear,25797,8253,107,481.378534464828,0.944896970451981,339.73643207542324,89.0673599543132,634.0802215355278,0.9295306238215316,446.57462284959513,97.67303783072806
414,Linear,25797,8253,87,158.5698664217119,0.9357625701346994,114.34311047043415,152.65571773580535,188.4811012385323,0.923742829818858,131.0807117908534,513.2760208363209
175,Linear,25797,8253,97,62.35241258507915,0.940438098910214,42.71822751711982,61.83488316773455,78.89135484402804,0.9216829827296832,53.60984575211508,67.16942351296163
98,Linear,25797,8253,82,44.48858641527282,0.91998175511951,31.13536275484858,93.38076898205398,55.24997674107144,0.9209292693794072,39.3860873373924,48.96172070974259
399,Linear,25797,8253,82,206.19763299045437,0.9097129499431528,144.0840486461801,370.12146718537,204.78148968620025,0.9198848258800754,146.94336754123538,309.4172557065972
398,Linear,25797,8253,82,180.11397922325082,0.934326178869852,122.86748583932292,176.79174118561104,214.80771810777765,0.91806565287375,145.17318202792947,225.5360082516688
397,Linear,25797,8253,92,285.8013958761353,0.928321965225762,189.8164440921229,93.83352562678876,340.03482404257,0.9159092624611188,231.10216714589933,112.63148700842744
14,Linear,25797,8253,82,118.554708185157,0.9341185343154168,84.34722154431137,104.54157569483056,160.14549106161235,0.9153095047862004,111.35409228310525,145.68176718946154
153,Linear,25797,8253,92,149.9172150808491,0.9108836761704132,101.87799703857344,133.86894135514584,161.90624655754382,0.9142685705396274,114.59612082900914,41.86187691503049
118,Linear,25797,8253,82,43.426032064130176,0.9155394008615132,31.056598339951098,124.90959831383236,50.80252181310548,0.91348338135119,37.35249559681346,70.36923103534647
477,Linear,25797,8253,82,199.2505682961876,0.9309954022078052,133.0049245718422,151.9887180345266,256.33256103550104,0.9123909797817092,172.77581105949108,159.1861495806777
403,Linear,25797,8253,82,157.7321672070089,0.930254529010316,114.23787069879889,103.609375543187,203.1654400720243,0.9121679362852432,150.00386580875863,345.016963102005
13,Linear,25797,8253,82,70.94096986044114,0.9244588925489228,51.03886974516559,92.009398540765,93.3521736804692,0.91114424917689,67.45845680433841,152.90203475480263
327,Linear,25797,8253,92,144.75225512477513,0.9156027753134326,100.61752837471276,195.8400359851373,169.2057664028358,0.9102023860349332,121.91090399088456,223.29243891823276
224,Linear,25797,8253,82,116.5348837448594,0.9062634769942772,77.84572635496657,720.2983595771043,134.82462895458434,0.909872015692292,90.50750763429004,91.70274720102964
10,Linear,25797,8253,82,174.96392275507495,0.909661024915462,118.84840835353594,124.26816929315312,217.72780314966025,0.90973384711621,150.52025138119748,202.0156484537368
316,Linear,25797,8253,82,193.2107443281999,0.8963307676159354,129.874377273757,96.20734193550472,208.88982514932587,0.908034990124176,144.64706679562735,81.14800437610592
611,Linear,25797,8253,132,916.4005119353126,0.9211453073649016,659.4438559868743,37.97927538761597,1134.7318145877032,0.9075210797882364,815.1247768023835,44.96580887151245
620,Linear,25797,8253,107,185.2743445500448,0.932997173706361,126.84536868307973,149.1634756824552,234.8158725273818,0.9069145679962938,149.16835868500323,139.13703748280432
165,Linear,25797,8253,82,134.0524242423722,0.9142178647423924,95.28740046139492,121.85803354453988,158.1967692578098,0.9052762591071452,116.51883362600267,131.19397876340773
272,Linear,25797,8253,87,26.846146561130787,0.9147790094254852,18.84677778896101,95.03710555708628,29.903023161468205,0.9049354759684916,21.099103166744197,90.45563301865408
8,Linear,25797,8253,82,133.62788033057996,0.9172791767424332,82.36973844624153,419.1719185940433,159.58323923985063,0.9047589317041976,99.19302494535148,555.6009873077807
107,Linear,25797,8253,77,53.642341559835074,0.9143277837891888,36.17506088512663,243.03572522271327,65.73837364464886,0.902777393093445,45.753570591380026,411.6164145826776
326,Linear,25797,8253,82,50.6548532063255,0.8945560395273696,35.141595328842975,138.2707884858122,53.086252094789664,0.9026502528644288,37.51375040633501,97.592511632603
320,Linear,25797,8253,82,81.7659389693005,0.9167085894940916,59.30660163021602,72.17977083976834,96.6751668478173,0.902417447546585,68.51808820105677,61.17695696048323
395,Linear,25797,8253,82,82.05764796396915,0.907121332453858,56.563354291326974,77.57819735973864,99.1520118654078,0.9009238625436616,69.17964438416686,75.48101169305778
17,Linear,25797,8253,82,97.14897484977968,0.930006952614026,62.78776846690109,87.31209504881842,147.45703341368264,0.9005728419730914,91.16607079761305,134.88625766522878
396,Linear,25797,8253,82,121.78592114168876,0.9205533453642122,86.11192052895653,118.87672355202469,150.1179572265052,0.9004537202292942,105.98902457869583,154.49369595013087
32,Linear,25797,8253,97,107.91782581207764,0.8994424971161081,72.64177224711786,53.21635837842494,124.42772871868014,0.8995122339976367,85.37746991775913,45.42091896786781
409,Linear,25797,8253,82,79.78522758046286,0.925996419077748,54.52321823456626,72.4013497282548,108.80900604612113,0.8994354622231258,69.76994480027204,102.68896663697409
404,Linear,25797,8253,82,125.69486038477037,0.9178154984591768,92.36017683664748,81.15401203329613,157.88278585256126,0.8989953718704242,116.38521913873232,228.9073820459569
71,Linear,25797,8253,82,83.9954569211184,0.8832631148800842,52.40940756612964,122.3684788959833,88.09835343068532,0.8973795679499069,59.50784259603723,100.67686831069004
168,Linear,25797,8253,82,98.59506335949152,0.9265179880585422,68.84658548400914,168.3846113744804,155.79075918519047,0.8972736698914069,105.0673452591854,194.27098629859285
439,Linear,25797,8253,82,81.23791024497858,0.8990729173329046,56.00069917028474,152.59856117744044,97.6209633691324,0.8972513044467321,69.12233171951027,102.74388000944784
277,Linear,25797,8253,92,137.40480018100476,0.9063810206845436,96.18259589185222,74.34588737159307,168.12852185988018,0.8969027743013277,120.6062413218672,90.93820924898598
157,Linear,25797,8253,82,75.89482832484009,0.9042919659257684,50.8045471419027,290.62595735387663,86.22306622413457,0.8967053517538595,58.98925109195463,259.8691118198149
307,Linear,25797,8253,82,130.04513678642775,0.8981465958599386,90.34332777261632,237.3083254513397,141.64689221047144,0.8965873442947692,101.05537596700349,237.2337809543726
228,Linear,25797,8253,82,176.2199290090157,0.9158756939638444,127.12692634384,166.57218709982365,236.5610144986204,0.8955897320017786,167.97508181836275,212.3631213464706
162,Linear,25797,8253,87,135.1750312693132,0.8998486847532657,98.16819504395984,90.67577073729446,157.53557644143837,0.8949832508069591,117.19997799431997,52.58161416008604
635,Linear,25797,8253,87,214.19904702844917,0.898648926237726,151.88291228531227,69.92169220182201,250.98947419408347,0.8927400531228571,174.87799667041463,72.213563746885
20,Linear,25797,8253,82,47.984718603506565,0.904730589907502,32.2917289667288,333.32800583668273,54.42290099306104,0.8916655480571661,37.21107391066897,360.09271461378745
321,Linear,25797,8253,82,58.34434830319936,0.8933972976425185,40.97901453882964,95.83515016996462,63.40200047653283,0.891514607986927,45.27703852404471,85.11997422134733
306,Linear,25797,8253,82,62.96937384980156,0.8855612173058602,44.55410514711426,101.0740789433996,69.55826176486119,0.8860957893846969,49.19552847498315,70.20184562576101
238,Linear,25797,8253,82,29.842060603160157,0.9024705597655908,21.171564358472228,84.9994308757643,36.58295409712645,0.8859453235389957,25.823482618082195,111.20438651894251
159,Linear,25797,8253,82,149.31972255746663,0.8914140451578897,88.54356011245216,305.37869945904373,158.53164995088687,0.8858955920678305,95.23550404169944,277.66351184677325
405,Linear,25797,8253,82,182.5008366223853,0.9072264371957128,134.2409335007546,144.9597711578451,237.38090615757807,0.8858403196375427,172.85336670611946,260.27569521633274
16,Linear,25797,8253,82,112.67253801942168,0.8999689800704389,77.91895969084837,78.01078634048099,142.2665755778983,0.885009010332171,98.0539022851625,127.95451915513894
273,Linear,25797,8253,92,125.3739804515904,0.9029200544059228,79.85235517584341,94.9603457072705,151.820995416125,0.884911178557418,97.87354566179262,102.78810120064009
355,Linear,25797,8253,82,59.69476813068577,0.8882276508817717,38.20127890778303,126.35379918988214,67.41536017696035,0.8838386548776143,43.14518011206971,93.81184444204295
235,Linear,25797,8253,82,112.91578686181188,0.8885108879298165,77.98423723183616,143.03239728085822,136.52808259378617,0.8837415852564084,97.47710739041818,156.8852420059579
603,Linear,25797,8253,92,59.78805647382792,0.9037117360662148,43.699641766083765,43.2008340496221,81.96855706423422,0.8834954434119902,58.07547564539729,40.67416731254735
413,Linear,25797,8253,82,127.57523196381976,0.90711521067001,88.58665785311774,222.61941612989733,168.64524514683967,0.8831000042008054,117.70652945850782,592.4386459836097
308,Linear,25797,8253,82,90.14293200545488,0.8880815773011081,60.05241802611377,120.57667867899096,100.16320446490376,0.8818782104678493,66.56248408936477,82.45529740868825
333,Linear,25797,8253,82,166.44905194581872,0.9022269191452827,111.24609527800904,423.94974177055394,211.837306688691,0.8812958814543476,144.66434470232727,441.8830063773784
606,Linear,25797,8253,97,183.0405210633573,0.8958657103936615,122.41977113126153,72.88052998910706,222.79240655242995,0.8812797781123158,150.5361349266789,63.91337964410848
151,Linear,25797,8253,97,146.59243100592892,0.8863893571265828,97.25102629874054,46.74679580196597,165.64756614269734,0.8805068111212628,111.79043445379074,42.306955437918376
392,Linear,25797,8253,92,167.10174050790067,0.8729694593183782,109.147655989109,54.65863555130445,185.44874002310124,0.8791286432162957,126.23685711852832,48.78792169136219
276,Linear,25797,8253,87,273.69948695873563,0.8898882896992346,172.81148479345762,1252.427337261792,287.126114570049,0.8781851803062195,197.75466861934817,1671.2287399689494
279,Linear,25797,8253,87,179.08354767392242,0.8753355160226756,121.40470756739688,43.18927121418346,198.4134495836921,0.8781525515353673,142.91742281755162,37.786226541385616
471,Linear,25797,8253,77,233.43175539746295,0.8920380179369924,146.1118083642108,805.9423637346927,322.88036270124906,0.8778962303496032,193.04140668665883,781.853183296074
616,Linear,25797,8253,102,380.25384619702936,0.8917295399976737,245.41086616136272,34.840701583139015,429.6133307336728,0.8762516145357371,289.97274044959363,33.259730823551834
22,Linear,25797,8253,82,43.761174870020376,0.8915557346070666,30.371740139378204,279.34746804198375,52.93672974198598,0.876000017662557,35.85132963339044,246.712097463828
287,Linear,25797,8253,82,25.008973465628703,0.891812405606593,17.683862852025435,142.730307406523,28.88046807698105,0.8757731707196865,20.67537240894788,162.4764796568062
61,Linear,25797,8253,82,26.16346568772628,0.8825337059580916,18.64789871365855,96.64565010162892,28.55145616872904,0.8742158386384337,20.900956289175845,124.02265595314594
305,Linear,25797,8253,82,88.79506229853008,0.8736303714641854,59.554697395871415,76.45859766816086,91.58521080765988,0.8734680172094804,61.97520528993967,52.07934227566212
280,Linear,25797,8253,82,37.91943335854325,0.8642105255966936,25.153349122028114,121.28951751735076,41.30907684461503,0.8712611607309074,27.689360409452046,70.01512058311519
234,Linear,25797,8253,82,94.45919552593908,0.899270167621689,68.03715090017637,84.57573140360817,116.32485698447012,0.8712132156330487,75.41775646256592,86.55906878032495
438,Linear,25797,8253,87,74.80342505056109,0.880184802310012,49.90163651721201,142.12263057925944,87.87580341477421,0.870663604172284,63.18705047246299,74.79908294806559
453,Linear,25797,8253,82,104.68477984892272,0.861747143349948,69.84550732632171,63.98122479738306,111.1273608339624,0.8701565278021228,77.41548865455533,48.18463815405558
264,Linear,25797,8253,82,154.6612001149402,0.8656535637290528,95.17828922923232,100.78891026410788,157.58975446638797,0.8697943802008542,101.03412864242551,79.48195077151873
625,Linear,25797,8253,97,183.13603099006903,0.881758779469151,131.20739902628335,41.05189466957467,220.2525387275954,0.8697784853578613,156.23241081326876,38.35729006607911
221,Linear,25797,8253,82,70.23437963039305,0.8870465264470585,48.4058481817402,153.3474084938534,97.64557628493344,0.8692799292460875,68.85410839157178,82.79897641299736
103,Linear,25797,8253,82,27.66405706120793,0.8692710588776711,19.222397651446805,108.07359458714537,33.05615933721281,0.8689599525476593,23.20663792084667,195.5574402811174
434,Linear,25797,8253,82,120.50388043083846,0.8738115593487077,81.50601028146706,113.02868149295428,152.07043097860893,0.867765672633125,108.111481322018,438.40004148801455
615,Linear,25797,8253,92,41.44660908595953,0.8750255705061931,27.04386111461672,72.74843134574289,45.01107773731332,0.8658468888996051,28.75337982364629,60.71903573001368
301,Linear,25797,8253,82,77.2755973234931,0.8665370802084982,48.30474701319841,285.9934243412515,81.9957545879331,0.8656709834366478,54.24527627037604,160.36764313864154
312,Linear,25797,8253,82,119.36690278184255,0.8730785754817513,78.45628702009265,159.2846655255657,135.43425677296196,0.865256061419488,89.46196401021314,141.84754336383668
259,Linear,25797,8253,82,211.6045972560296,0.856939829219652,130.48337350383548,71.3498157246484,210.10411014634212,0.8650508193353169,132.16623830465818,56.96114720796337
278,Linear,25797,8253,77,251.60600845306567,0.8555961255492376,161.75875683139384,63.23729498039483,262.8298843850646,0.8638075102072102,171.79336087617173,46.04546145061322
451,Linear,25797,8253,82,244.13976003077636,0.8657799541965793,149.24368867278764,69.72969701504215,260.9158761988018,0.8630495109175832,163.582911118408,67.17085823605603
452,Linear,25797,8253,82,154.51979683560248,0.8630738598768757,97.13855965967215,53.85933067159596,171.1858565288598,0.8630343743347619,108.95249915537912,58.53844589940832
303,Linear,25797,8253,82,76.09399566363302,0.8754832245345937,48.13496619065929,277.66136569119465,84.6419511352596,0.8622079112347885,54.42168630047859,499.7894216397229
218,Linear,25797,8253,82,65.72619059105001,0.8360250212885401,41.8766248211504,482.98155813065273,61.931463037573806,0.862148381054165,42.90077622587236,57.18504752263238
313,Linear,25797,8253,92,271.80947613842085,0.8908576482771662,174.62403643709754,124.12287904911985,340.2404228288062,0.8620551880301267,214.00160017364072,108.62761100156446
450,Linear,25797,8253,82,252.0228182052353,0.8474308304934477,155.85908652982602,69.94089611962751,230.11155147199167,0.8620466262568603,151.4868823091322,188.3023831577725
68,Linear,25797,8253,82,74.17451832408366,0.8511066346286873,44.41491949701176,128.87620722551043,71.22775215676235,0.8610499165484164,44.28784147351753,121.6768016602024
213,Linear,25797,8253,82,78.11751270568628,0.84160831745241,49.81442108561263,454.8548257629689,68.6576853913237,0.8594028134840275,48.36132878765186,54.09009321486445
51,Linear,25797,8253,92,175.84084028799668,0.8634985841801321,108.68084157677056,240.7513408095342,191.6343736705205,0.8584373613943378,120.66053304262486,418.0516825773586
216,Linear,25797,8253,82,33.07698233854261,0.8618156814816553,21.551473848461303,284.1841270786408,34.12605892792472,0.8584235271415724,25.317567572678243,65.54341875615785
421,Linear,25797,8253,82,46.46381333801371,0.8421534642864892,30.939318892786943,80.35434532772715,43.6803510701343,0.8578110776548263,29.566474526116394,121.50622019237294
35,Linear,25797,8253,92,111.95334036222503,0.8591971217442499,67.534395690015,66.08930238631105,128.65350332030255,0.8578077814800558,80.06788420131997,54.96429635699096
447,Linear,25797,8253,77,453.509917226393,0.8616925054209028,294.24256719836615,723.3675601136207,493.3297676518594,0.8577407392096937,332.3575793289284,966.874469773612
59,Linear,25797,8253,82,54.43505619316517,0.857887684658434,33.39858214566305,86.07608727545029,58.543396079915446,0.8574712409121653,37.87061805510252,99.80280016965452
329,Linear,25797,8253,82,60.01080707475168,0.8747206368290648,42.721616663724895,224.79879909401225,73.7483541530521,0.8573154068530259,54.76461853977988,213.9051592688067
311,Linear,25797,8253,82,137.90303629811538,0.8642252691496176,90.44623836065765,163.49385322185648,156.0514698870906,0.8572703410494265,103.39605864320843,129.1164263010486
64,Linear,25797,8253,82,55.22628724411228,0.8562704773020529,32.98453717235283,125.19471965618996,56.56174207130282,0.8570647223083872,34.89978488302941,112.5374504860814
309,Linear,25797,8253,82,93.5124421949827,0.8680287212616682,60.66265160225009,126.15035214387358,107.42307054577186,0.8569122663154074,70.22567846788331,110.09831889485773
26,Linear,25797,8253,92,152.9771464641878,0.8865034386213151,106.17791571844774,75.36661570223151,204.16675595400687,0.8566648574792851,138.69175260496405,91.97137652320596
372,Linear,25797,8253,82,26.90465060913502,0.8599002404426233,18.08039491674542,63.865162372340265,27.01161201031613,0.8562116681041216,18.61202977822629,179.77340294707955
426,Linear,25797,8253,87,72.4759856559357,0.853521465971864,45.549602385629086,64.0950212783311,74.62417654469496,0.8559839865192242,50.704504611583765,45.04882247926712
407,Linear,25797,8253,82,109.35300506306494,0.8847290378733732,75.53115915561993,77.3128900039701,136.95106252503635,0.8558250379446902,89.74191659384127,303.77922135891714
310,Linear,25797,8253,92,269.4726502189841,0.8680172640117481,171.7170379310333,116.2634208954834,315.1224550021352,0.8557014226053484,205.36837072515465,97.73268159243806
62,Linear,25797,8253,82,16.498715104555473,0.8540096945576258,11.812019759062244,79.78717011624337,17.4228771402362,0.8552762071954663,12.592093177178583,83.90864834417616
65,Linear,25797,8253,82,66.4513433954497,0.8572464179916159,41.07544507295867,164.5183160937007,71.64500311065919,0.8548751952336193,46.51888655599568,178.50569566248737
363,Linear,25797,8253,82,37.31300968321394,0.8437734149712272,24.979585340656843,79.70629080479841,38.43481471591834,0.8538070212088349,26.106734010447127,77.29023831473887
78,Linear,25797,8253,82,39.77221791479149,0.8581766545479284,24.07520800798802,139.75038068295035,42.22091652000795,0.8535213403364179,26.315759412037465,92.52954179954509
217,Linear,25797,8253,82,51.049611159548114,0.8367959885974829,32.739584196172736,371.766591782532,47.55738776289243,0.853508754904513,33.549537988256446,70.99463204695186
60,Linear,25797,8253,82,35.210367128196786,0.8621156813797695,22.547368911256136,79.89669927314152,41.24545424674668,0.8533720612009617,27.38385638628208,85.6618101214331
463,Linear,25797,8253,82,64.46540170856899,0.8430199742156085,38.6693893161796,283.6253121932236,60.58732718211288,0.8528019941377523,41.82960375129359,226.6451788473785
119,Linear,25797,8253,82,191.8688449936598,0.8617190293301256,127.80307411011636,371.0247318781381,235.83220325613283,0.8525618550078914,164.6334139982298,104.36891178849766
379,Linear,25797,8253,82,53.65707308959589,0.8793128750479347,35.9293078908894,81.65762872546432,56.38238159534709,0.8525587143100879,36.05414094567725,175.43051723423702
76,Linear,25797,8253,82,73.50908699516926,0.8598666339611444,43.318440602507245,158.2118999267594,75.10157518469303,0.8519864247224327,43.70773096380128,94.956954408097
394,Linear,25797,8253,82,77.62687146822653,0.8653944262979617,50.161511881562745,75.1524889101545,98.05543052045525,0.8517607802469602,63.94144729909664,70.95526503350091
189,Linear,25797,8253,82,59.61100417168518,0.8289567999476845,35.08609651625292,230.69671098979447,54.83139715173044,0.8513213815337943,33.229225565864965,74.5983057164766
324,Linear,25797,8253,82,112.76063948281336,0.8965204599810087,70.64867749615104,120.78183514775247,192.76825584266655,0.8505746564656788,112.75971557670177,116.45563371438612
328,Linear,25797,8253,82,139.79400084925553,0.8658449388454489,94.43288920165924,317.27128096022744,198.3847092824041,0.8503244306121539,137.92279534140073,173.1135532604795
79,Linear,25797,8253,82,24.95999259379998,0.8475445519340077,15.472234984774929,137.37843685248404,24.701383906721038,0.8500636030390886,15.177012455204531,84.46135968807596
393,Linear,25797,8253,82,95.74962605655598,0.8714349156604813,64.54732608487407,72.15525833700094,119.0661449251715,0.8495202886310422,79.64959234843514,60.54822786931717
214,Linear,25797,8253,82,41.4968233475528,0.8210822534050737,26.3090166886531,302.7778962908683,37.40665645047246,0.84947235693052,26.390778768406705,58.26911069836136
232,Linear,25797,8253,82,121.886570648577,0.8518684712245761,85.08111352982826,82.08465073041667,138.18093371799512,0.8487500686294587,95.85746380553222,75.52683745307488
323,Linear,25797,8253,82,90.8527609012948,0.8438662734932689,61.7060126178669,59.29340118117214,104.79020419546048,0.8487192153210833,71.6774095181867,42.135517416470776
164,Linear,25797,8253,87,583.7803998814679,0.8545475181585869,400.7057108338588,185.2062216760528,683.9755871280227,0.8486358899736333,488.2384267552703,98.11710947210408
460,Linear,25797,8253,82,67.67284179575086,0.9296872669352658,45.26206420261973,102.84302011374687,137.00261877160912,0.8485061143496317,79.06828401066518,136.89116880683127
160,Linear,25797,8253,82,100.6167408312163,0.8536107028792133,61.2994113600606,239.84774854221644,116.81061219059376,0.8482177719268768,74.26616052658025,201.62294827282892
74,Linear,25797,8253,82,47.46984965951318,0.8553951095049068,29.50524868186945,127.67635918387764,49.60165786816063,0.8477161319380413,32.22258100416865,110.24700230365085
263,Linear,25797,8253,82,126.81635919893844,0.8524183874076904,76.10971945275344,106.65387415465284,139.153612563807,0.8475481834014629,86.27331416392384,84.93384316613296
254,Linear,25797,8253,77,216.48497181545,0.8418974112662685,128.69640008637464,87.21172722501528,206.634484910424,0.8469422373808948,124.52451194867294,227.8648056951089
266,Linear,25797,8253,82,115.93595299920678,0.8694202180535016,69.0319671067637,137.38271558414553,147.90265862872042,0.8465886720464456,92.1227084309696,140.63990978640263
152,Linear,25797,8253,82,46.46507765706572,0.8470818940865179,30.947239789888076,106.90599030107391,53.450501890350594,0.8462035544446966,35.67418493169327,92.45977808417794
67,Linear,25797,8253,82,52.557136657290506,0.8495522078096636,32.13295656352802,131.71821906594215,54.538240612789046,0.8460323991100408,34.356567169562176,152.9592854963731
192,Linear,25797,8253,87,72.2880392590449,0.8345790906557343,46.39571858135356,177.68691566090288,70.98167491762607,0.8460007298491011,45.64670631727368,60.05128572692488
72,Linear,25797,8253,82,77.13161870916805,0.8360171797729838,44.540248922569866,141.85076040006973,76.17409048940685,0.8458892930730102,47.26956517425786,99.93130326085132
188,Linear,25797,8253,87,95.1115523581624,0.8460862080697353,57.60457634203606,64.52783123818546,99.6312183061412,0.8458669176092621,62.3260776497452,62.64801171618293
371,Linear,25797,8253,82,77.45367015289584,0.8563013121174102,49.84455617345614,46.11916486639112,88.07833724038544,0.845820310154529,55.45960062471712,53.93783925503863
52,Linear,25797,8253,82,66.6670687217868,0.8522749732049176,40.25067942518446,191.86569192096363,71.98136795310212,0.8455712138977625,43.52871024378534,387.85669142186936
265,Linear,25797,8253,82,178.94630195515123,0.8586262038246703,106.10872830194728,126.2617302863043,214.80444379767965,0.8455103701685427,131.980112598332,100.51939479105616
255,Linear,25797,8253,82,60.56966358738517,0.8670283401002935,39.27480076332455,82.71957487135131,69.96687973120291,0.8452118197719307,46.9218904121846,213.23639600452444
630,Linear,25797,8253,92,181.7784133925305,0.8522104023864696,119.40374130800303,66.13123796068155,205.12195660157457,0.8450404929656459,140.94658839880756,59.35236017038172
256,Linear,25797,8253,82,57.4424792488532,0.8565552073237139,38.488041007775095,58.036927715815466,64.96882648554508,0.8446329106423595,44.14448473505239,130.35000825546564
69,Linear,25797,8253,82,49.61910415028356,0.8388941231081934,29.852268933467748,124.72304335152351,48.08977589805978,0.8439369000280117,28.72717703400961,102.22569528900304
424,Linear,25797,8253,82,63.35506125185805,0.8434781933906925,40.52302354365275,103.65326685008658,58.44250668524403,0.8437043696647926,39.37084206932876,80.09520147640849
381,Linear,25797,8253,82,66.15604157429217,0.8697982785856432,43.90457675919768,66.30663635827223,78.51267670061057,0.8428737909347942,49.7972683952426,295.9627970790912
5,Linear,25797,8253,82,61.14515597255191,0.833311817436891,40.16671043717507,91.27363590404782,65.47695568731676,0.8426439465136495,42.83698628087945,73.51979306933059
191,Linear,25797,8253,82,34.39796847211409,0.837849291305283,20.72624495112814,241.3175176098127,35.43349855808304,0.8426275692578098,21.607116295114675,129.04822456130518
34,Linear,25797,8253,82,81.36942092177144,0.8365563068359259,48.92516998968966,90.50771571334748,87.420037432735,0.8425909597537785,56.32082866754117,75.19652194067523
432,Linear,25797,8253,82,50.265391892252666,0.8509678486348595,34.583246946256025,80.87807994495262,53.96381035086376,0.8421544939129113,37.85829976226207,187.66939771253965
149,Linear,25797,8253,82,31.232977042314623,0.8599594596924216,19.842742163380425,56.082919295768086,37.43968825622768,0.8420584789635649,24.02362947000525,72.47228746008918
418,Linear,25797,8253,82,36.70590243493372,0.8320694849678403,23.4494086923228,93.362824362767,31.555113573511598,0.842031909201012,20.69588506138637,65.41021319788484
38,Linear,25797,8253,82,112.32504295449642,0.8362564613994135,71.19926407470095,363.1010589181557,117.1778415159441,0.8417782743516052,76.1062747836266,92.0046040373671
147,Linear,25797,8253,82,89.43813181529627,0.8518602868272986,55.368552362634574,363.5132247533514,100.33046789832002,0.8411060984028043,63.00820298907257,579.0839933404988
49,Linear,25797,8253,82,46.83503213592417,0.8564315910205127,30.196155589399662,218.24377569719425,54.42210723816583,0.8410314278971797,35.26501790807552,275.30609933935057
245,Linear,25797,8253,82,36.34820756517821,0.8216399698041731,23.15173367253247,367.0400456655887,33.95178417763878,0.8406240560489727,22.950736329998957,153.65832391511427
195,Linear,25797,8253,77,80.73799702414128,0.831973373342108,47.84332118374412,293.8061048996266,77.22018106575699,0.8404227193641617,47.17238784903614,132.11572091265847
154,Linear,25797,8253,82,58.684985127286446,0.8326820268732857,38.49955256525068,125.70575963198326,60.91795387412971,0.8402823930360996,39.9436817058322,91.3447001550852
375,Linear,25797,8253,82,22.617667163472984,0.8595838804183544,15.629436482870606,92.3502429612,27.18872073803434,0.8402728820563382,18.68483579444649,188.80310581831912
212,Linear,25797,8253,82,65.37172482072586,0.8197080908374451,39.74401973862961,380.2753503271687,63.98269970620112,0.8401459164030582,41.902628956054606,75.74383329528787
271,Linear,25797,8253,82,100.14775253298282,0.846881372147676,63.08717975155903,63.283857453868606,108.44584400227173,0.8392472113898533,68.90385753330123,53.42694227530645
384,Linear,25797,8253,82,65.48024923818726,0.8644380224828003,42.880442288516335,60.18063897674541,75.1470545813399,0.8391912555911261,46.64845294458007,305.4106102208468
243,Linear,25797,8253,82,92.61249104364477,0.8369043338387535,55.09611029484551,65.72522104041647,96.51761781998152,0.8391304260415777,57.01126221020129,59.89307457575905
33,Linear,25797,8253,82,76.24982491774863,0.8340180741000194,46.25676875169643,83.70425875020618,82.82080866077602,0.8390933381608479,52.12185383087435,72.03817623481392
187,Linear,25797,8253,82,27.1391839614046,0.8341337525211558,16.834574834537342,73.88365719718874,25.911532561534585,0.839085624798752,16.772916055014516,56.44519964977482
156,Linear,25797,8253,82,40.2103978439764,0.8489629937121117,25.84159931335145,108.57029210240788,45.58533636035868,0.8390717245450867,30.239764938555588,117.48836749375532
158,Linear,25797,8253,82,100.5753251592034,0.8717134613680374,66.60799261467423,308.32249181020615,125.53379448067918,0.8390246034326434,78.47620085981363,287.504336412268
288,Linear,25797,8253,82,52.625034030454366,0.8392612614496167,34.3551474402356,266.8828819455628,54.477593807092354,0.8389416677109351,36.085481280101725,270.3753663372966
236,Linear,25797,8253,87,97.13611617546596,0.8602372321855933,64.0437332770552,143.35742493726295,120.8224083579768,0.8387127871564861,79.45089526669885,323.98974784048164
459,Linear,25797,8253,82,84.70485912974847,0.861712527631099,54.78630693508765,117.53471916735285,106.44600043587512,0.8386699195235823,71.34784457325894,120.73645051469953
210,Linear,25797,8253,77,75.39119593674339,0.8092394614199016,45.39521426302403,664.2805401434026,61.02993996459359,0.8381149231194219,39.35275940244412,111.31916081702435
354,Linear,25797,8253,82,54.70085641337008,0.8397789641451757,34.156673298201376,157.58827227322897,59.15507655059813,0.837846009864648,37.47175154669461,115.66976096583636
325,Linear,25797,8253,82,53.60339578069059,0.8542518337285471,33.864609071933806,113.22840434931238,68.585820772674,0.8375098441034667,41.41512258649011,111.95719946650853
304,Linear,25797,8253,82,72.99815633904439,0.8498480151873877,47.10724554561167,233.3768869610914,79.31215013873948,0.8371178972726958,52.20294983884987,392.9045909907978
50,Linear,25797,8253,82,49.49549305775065,0.8588935984088046,32.493266349109795,211.74863007591816,61.12545295815597,0.8370830559474304,39.880182039768776,205.91135052843416
621,Linear,25797,8253,112,59.09633422265177,0.8506139133185563,38.47357172926053,33.49908286979401,67.09830346372536,0.8370279532496576,47.71888418194708,31.701942785168587
386,Linear,25797,8253,82,36.76653528235069,0.8584821398093715,24.082178748880832,63.02257086073232,41.974350721036224,0.836800334906381,27.58266157653016,214.32576971735827
91,Linear,25797,8253,82,12.837344435785708,0.8682722421098984,9.289153987798883,48.80443374066439,16.605907043766862,0.8366173524366253,11.67050117925715,76.41558383507358
66,Linear,25797,8253,82,64.28190806418498,0.8464332228214044,38.43582040158558,123.5387662283616,70.11114727507263,0.8364484222902944,43.09136929649305,153.95053472094574
430,Linear,25797,8253,82,51.82053576843917,0.8570534985395666,35.649020770897735,71.71213952051883,66.59488988958837,0.8363266530037061,48.17063171898892,259.1460447664681
461,Linear,25797,8253,92,112.23535657915676,0.8737111012464569,76.47378176061765,214.70185509250857,131.13363018865846,0.8360680685840614,91.75657841404896,49.44433074905146
366,Linear,25797,8253,82,148.56398008593746,0.8385318173987903,85.60444542698824,92.62562922483944,140.51419248425768,0.836013260262267,83.17440580980842,79.68969027486631
608,Linear,25797,8253,92,108.59713403091324,0.8447299510695845,69.77666594597581,99.32936604657388,126.2581620824404,0.8359927902560733,80.00039968260273,89.91349547280613
179,Linear,25797,8253,92,140.57946823756444,0.8601953348726831,88.03954691054352,130.27885251643383,177.52371476382365,0.8359856218477063,113.36164617873706,123.17829535258868
6,Linear,25797,8253,82,31.75850073111795,0.8565488838119505,22.047970358182784,100.12838933889934,41.68396466726983,0.8358029972382949,29.53372811389337,116.97648238230704
225,Linear,25797,8253,92,718.3175940481068,0.8471449479920875,444.61703186187,198.0313397136983,872.1667837786704,0.8357315032986624,549.8640457001445,245.0411153772763
257,Linear,25797,8253,82,36.64289431192912,0.8423062621388238,24.04022247312108,68.4291803625404,41.22755122130901,0.8353520102644488,27.765640048026327,98.9206363425293
36,Linear,25797,8253,82,84.28471957960991,0.819182070844701,50.8445432214594,277.15032684006883,84.08457032783585,0.8352440109462916,52.83697771303051,112.92567122147426
194,Linear,25797,8253,82,32.81787415969632,0.8174908310119078,19.412893250367237,214.25472213272224,29.46829632098032,0.8352390603736649,17.42097695600305,140.85440007198636
627,Linear,25797,8253,87,45.65351082048024,0.8347360492896796,31.1070942725179,69.48301166282856,50.12982181005021,0.8352150780013712,34.23246290081341,72.32549302391642
77,Linear,25797,8253,82,60.04699893205127,0.8560714611059099,35.4395164413972,123.00976159350483,72.26416560264559,0.8351020232103625,42.99370164376959,115.65991421602732
383,Linear,25797,8253,82,46.919192320574425,0.8450836546802227,29.648627635109868,58.60049958277077,49.41952644442602,0.8349443715118186,30.955039638127943,256.2884801322801
193,Linear,25797,8253,82,22.554668304095596,0.8252427862869519,14.21179005134664,191.65469656381887,21.82367321272817,0.8348513678545277,14.140458354801938,156.06835779011317
55,Linear,25797,8253,82,95.7321921340184,0.851007714983081,62.41038507162641,220.06864948957116,104.79810299108142,0.8337337495185194,68.87761204660853,657.6585756264801
211,Linear,25797,8253,82,64.6978123749205,0.8197113913496579,40.526348159260486,426.1830677412504,61.294848250895534,0.833594193679178,41.94030459023691,70.08169387987033
298,Linear,25797,8253,82,49.75389412747657,0.8406166351776589,32.458068288851024,134.46048876222503,50.57405612982081,0.833402273230029,34.60491191779806,79.61928405919771
422,Linear,25797,8253,82,27.3065969848151,0.8256359867733098,17.235422064245967,95.44310480615796,25.243057834796005,0.8332302813653542,16.01679861343498,80.62632779744081
382,Linear,25797,8253,82,64.95188243645248,0.8705143818496965,43.69717354951892,47.44754606070756,78.43166306587464,0.83294189591839,50.288553095997486,351.19605803220065
31,Linear,25797,8253,82,33.908809371316906,0.8358073934495154,22.006911028184625,88.35671437155116,37.53451508045233,0.8316482064695545,24.671628287998256,75.02429126189382
423,Linear,25797,8253,82,39.63470975471208,0.8371451682385228,24.344328406594958,99.987201608145,39.85449456713352,0.8315638881326662,25.84751811869631,93.7756419805982
185,Linear,25797,8253,82,21.02433744680058,0.8373702808258907,14.209942123745902,69.12168558438367,22.107417729393948,0.8314029913571916,15.99691900954234,54.771779340969175
356,Linear,25797,8253,82,79.93912659276043,0.8489558761389672,50.09780908543315,225.30743910355156,98.39809915088178,0.8304103586714123,62.20596878908734,150.0881777389002
54,Linear,25797,8253,87,131.74086463332554,0.8368602942888727,79.12476182720805,326.5921808570096,141.07595170220503,0.8299873184400506,84.60602315550445,604.5999298028041
391,Linear,25797,8253,82,29.37276296264565,0.8386931344977127,21.4219809008459,58.77471038974932,35.20195131062527,0.8298483323710601,25.993813683888423,60.74335606663062
282,Linear,25797,8253,82,24.699525045741925,0.7747233526241344,12.928109413787933,206.81637340975263,22.641699008854545,0.8297305509148235,15.848011784316382,208.0629018516373
222,Linear,25797,8253,82,75.14866452511157,0.8428742765254197,48.913309676839134,275.969011081013,92.52825321624476,0.8297118994316004,63.67737755166903,173.31605184230733
220,Linear,25797,8253,82,26.067054267175116,0.8266928351238765,16.356555906655576,77.33770225269706,24.207856874742657,0.8296313411384835,16.15733079085899,55.08316831842299
440,Linear,25797,8253,82,77.69015160773706,0.8377098363082586,49.3542501207282,177.76374591710518,86.86586124396307,0.8295336178041346,57.360442586506274,82.02169380316283
183,Linear,25797,8253,82,50.66556494968663,0.8202105173651113,32.03233300745892,76.40318670286712,53.128378849151936,0.8294710923963803,34.54204981972726,60.613712067024906
475,Linear,25797,8253,77,155.29167924887088,0.8510733419230325,98.4240998466512,91.84162778752209,193.0963745589136,0.8289052675588806,124.0661151177341,131.65877159096922
296,Linear,25797,8253,82,44.43148966634414,0.8304132384540175,28.102197581007875,165.76591811333716,45.96294414583104,0.8287219697504391,28.711822657829533,85.10690934027217
244,Linear,25797,8253,82,43.56412585953493,0.8217864519865714,26.714569400919004,403.89227943447816,41.189339532735005,0.8281237101321792,26.326969578521705,165.59468262182324
268,Linear,25797,8253,82,33.075582915606105,0.8401363307403813,20.69981373616061,113.29815381657778,39.227100294998486,0.827696041969209,25.80555002296848,99.02465837812764
377,Linear,25797,8253,82,62.568190045372944,0.855172047114129,41.09108440735696,53.49049613171106,75.66563755375154,0.8275728289979001,49.27357649642504,98.48014448339949
388,Linear,25797,8253,82,67.38896151642759,0.8617299307177955,43.667498701748336,74.43070230225013,83.85732872627992,0.8273873381876365,51.84024328987066,332.0178589172211
350,Linear,25797,8253,82,34.424924776935,0.8343253417575818,22.65315018031155,99.8294112412351,34.47931050956052,0.827253859213623,22.297094936322896,249.51085645856543
173,Linear,25797,8253,82,94.42095698375928,0.8367234175923867,64.05776980602151,356.8888488256797,119.077553074085,0.8268961600221181,81.30478453145147,177.11103257005703
431,Linear,25797,8253,82,21.775934121891503,0.8562499379832683,15.461308808115842,67.5868192670487,29.134134132673086,0.8268202168696542,20.528330099863776,129.54711843862924
136,Linear,25797,8253,82,33.88675039650163,0.8158559441544115,22.02011066990992,88.44430347559727,33.02191332165193,0.8263198673253977,22.70476298296515,71.91621867171321
250,Linear,25797,8253,82,39.47767201533143,0.8134898027331804,24.447438021738076,393.725136358856,34.83299823838712,0.8261311163572188,23.04125045092613,179.86045311967428
269,Linear,25797,8253,82,60.229131894205466,0.8549206278788339,37.85327560004487,110.73136472634552,75.99072660580802,0.8260026471781267,49.91569434913392,119.36703298644636
190,Linear,25797,8253,82,51.17595316676945,0.8228415508134891,30.071678045686745,221.8557802414808,49.23404242769532,0.8252786670230345,30.351071270365853,104.94764917120958
441,Linear,25797,8253,82,62.49936125714954,0.8387196946698288,39.744784236393386,107.50784439794624,71.34770779904046,0.8251363803785914,46.751050246316105,81.46655184124842
367,Linear,25797,8253,82,35.05805148062544,0.8500326003310028,21.660294785504103,80.07049679596426,45.78396685390076,0.8242152393768771,29.68101862120477,106.8160868484548
75,Linear,25797,8253,82,49.48736743464201,0.8332807295049408,29.937034427908355,215.4442159166769,53.949997686567215,0.8241643023168411,34.682912423150114,153.75805873531192
368,Linear,25797,8253,82,52.64925195402077,0.8566046803575939,33.768088692221404,78.70400512800187,66.43665453850082,0.8240946196972843,43.37904300246208,98.4808434905265
456,Linear,25797,8253,82,180.89602452787497,0.8268991183221083,110.44282792981492,417.794031893785,182.17445406255507,0.8238806455833126,115.43325090046368,318.9709090262999
369,Linear,25797,8253,82,49.731422241230966,0.8538718004494801,33.08535904458472,67.58488103249208,64.99697968795232,0.8236649486664513,41.73212697330781,83.4908741288897
419,Linear,25797,8253,82,30.21639408443842,0.8112267441049802,18.93022978397822,93.22796623769705,29.71638823984732,0.8235085987769502,19.283365757122088,88.77422899917539
359,Linear,25797,8253,77,177.42111806052037,0.8277161748537966,107.89770962532585,278.1244366767913,194.20721669247447,0.823327368553585,121.04064420723974,129.30882813139974
427,Linear,25797,8253,82,37.790318758555486,0.8557179797535777,25.78978089469197,48.85289173181294,51.62107846787087,0.8223798285688344,34.54301758460043,194.88992967384036
364,Linear,25797,8253,82,27.523854180757205,0.8137028130094748,16.645996378224208,148.14147055194366,26.29049208265418,0.8213886268758274,16.906482257130904,150.7469826024009
416,Linear,25797,8253,77,35.246245548141566,0.8216959212268412,22.9367483132493,71.76968024462937,36.3277041368957,0.8213077700881981,24.44478037924369,90.11984864335564
345,Linear,25797,8253,87,225.11368265316327,0.8425474840053718,135.34168740643105,74.67766399949728,258.5607210727469,0.8207199798560718,156.13523458914483,962.4365051802554
262,Linear,25797,8253,82,86.66641815343993,0.8351324104712072,50.872305892255824,159.97575559477997,100.61660323758257,0.8200277078165628,58.945259064083885,142.53783904081223
314,Linear,25797,8253,82,184.5826434130916,0.8553544942879487,120.27717918968342,155.98082503909433,222.96007713854027,0.8198390587386312,142.42296033308168,142.29557344785636
458,Linear,25797,8253,82,114.01770706858208,0.8468109781620174,72.52206346976055,226.4112241131148,152.1341758595579,0.819336858697778,99.52699089826592,305.85868293264934
428,Linear,25797,8253,82,43.7618773125042,0.8533659040459975,29.668774556829828,70.64486589636589,58.74039290806852,0.8193261628553085,41.78742122738435,246.60260772187783
155,Linear,25797,8253,82,71.06151543185909,0.8276845465957786,44.91155241017314,125.2017148803628,81.28994932518253,0.8192588553564547,53.5771602625673,127.61534826174486
300,Linear,25797,8253,82,65.89106457110344,0.8400844345003456,42.23725418768131,259.4842921882478,74.29955949736558,0.8192588398172734,50.05645613540521,142.66572024023648
258,Linear,25797,8253,87,52.53301123980767,0.8349973710675842,32.908093178769185,95.78689440873563,60.0573505993594,0.8191529571624248,38.26544746231148,67.8493456113227
125,Linear,25797,8253,82,59.66333090101711,0.8350417831125935,41.09143113796775,159.3739181101009,75.07340949520118,0.8189241196075397,52.99219046721975,294.6674024038352
48,Linear,25797,8253,82,31.493395149275624,0.8285786746514865,20.647461147722822,172.93857532968357,36.99551019719336,0.8179270713136609,24.262408040007088,219.69242016789173
97,Linear,25797,8253,87,104.16228151450012,0.8333137783176914,68.45709347880732,132.56353531153783,122.09147665223706,0.8176334104981114,80.6511825744928,58.587410642547646
437,Linear,25797,8253,82,30.06157304885808,0.8146073195998984,18.32896824449505,216.5235491461603,32.39699940205274,0.8173723462202825,20.34965982886237,108.31774393885092
47,Linear,25797,8253,92,107.20094807619851,0.8316460730084669,64.47478954166259,249.3009459584401,119.74342128232554,0.8171072124642466,73.79451918838575,203.73038152667985
376,Linear,25797,8253,82,41.57673717756565,0.8479515156319378,28.283520781892094,74.58774220873059,49.61199802485,0.8168895196433806,33.95415585971843,287.9301305622045
436,Linear,25797,8253,77,35.01685128316252,0.805097143714288,20.954823739531253,170.95708597729862,32.88545129052202,0.8167145207253854,20.279986856732048,101.2440247170735
180,Linear,25797,8253,82,60.852856942769584,0.8246941471497663,38.92021747299065,118.41748819643524,70.90519029763723,0.8153364106873207,45.8350149476723,81.83138045867723
39,Linear,25797,8253,77,63.3272146768724,0.8073798129768747,37.58730773306207,216.3977217627011,65.77624692570208,0.8151245073703411,39.20304669754583,91.1784802149372
373,Linear,25797,8253,82,39.82074155072794,0.8473745092770602,25.10695333013263,62.74136061673355,48.643815611532986,0.81474731878391,33.29083848000199,265.9652986344566
429,Linear,25797,8253,82,35.770566368408346,0.838162888853808,23.897855940677363,76.9982933243725,43.376728363161554,0.8146392930672847,28.897242400086576,179.67822908524766
270,Linear,25797,8253,82,78.04504973956637,0.8272230805853356,47.36160360997128,125.9364586353406,92.76602252853468,0.8140216199173849,58.44869494606975,128.0291544907356
99,Linear,25797,8253,82,35.55270736849842,0.8205772089105827,24.30469051446491,98.210623774728,42.086927213959605,0.813674611945115,29.13600902720937,71.83250267088381
318,Linear,25797,8253,87,605.9470333969193,0.8261789191462972,405.86169952656127,92.20879022706708,707.1345695920832,0.8133911448878159,480.954658420008,82.93750078087186
37,Linear,25797,8253,82,65.84753432181532,0.8022980020443787,38.13438491419585,213.53216683080527,68.96814491740588,0.8133841410532255,41.254253572828944,177.32257886240987
70,Linear,25797,8253,82,29.117912184987244,0.8310815490554907,18.824318103738825,128.06063038437964,33.38722370497939,0.8131135511512979,21.634592056007005,101.37139736465934
53,Linear,25797,8253,82,51.99369088642606,0.8353954181115028,30.31977972732741,222.03302992836984,61.30696740269355,0.813039005851929,36.900525929862354,353.06394240470684
127,Linear,25797,8253,82,116.68431046461474,0.8246873388369321,76.00364528695167,275.2539044031678,145.3158646607445,0.8127304508736032,96.58039363564222,375.8616886573673
44,Linear,25797,8253,92,151.90928933935467,0.8224152627333605,91.15394484769884,319.58908145746767,156.1436393465441,0.8127114833107292,95.04368937531386,515.3588275218365
365,Linear,25797,8253,82,57.53119995018497,0.8212536233533452,35.6684218396912,112.27081297601902,65.5706316048775,0.812507102124626,41.06855143778309,129.12648209482862
425,Linear,25797,8253,82,24.977494985304865,0.8152009030311964,15.338956729088984,107.35022133120592,26.50587142071604,0.81242861803105,16.742567606655243,83.6415746735221
82,Linear,25797,8253,82,33.96678990767343,0.8026146801855699,21.336671216678752,177.9195541274395,33.64461999493757,0.8122098466389243,21.39684070540555,134.2285947246139
476,Linear,25797,8253,82,240.3458280599465,0.8381457638809426,144.0999479581938,161.94653123433002,309.73898345570143,0.8117106516327114,189.0375253507381,236.1817394047423
387,Linear,25797,8253,82,55.94399159950982,0.8470007722759243,35.86296832061061,59.538173031580335,70.23638567280702,0.8116317015027894,46.27501192078843,281.0459088629956
299,Linear,25797,8253,82,59.40118910755463,0.8337690263576408,37.516792577264425,156.2573184050823,68.64700264994319,0.8110929315342682,45.29175191070551,145.900118218921
150,Linear,25797,8253,82,23.33364643858732,0.8189088978556877,14.957929631074355,75.78272245250385,26.180719487729306,0.8102998567069772,16.51773504668296,79.35484760722608
385,Linear,25797,8253,82,41.4013458833075,0.8512817961741349,26.766132920437187,68.3577061719593,55.327462147856615,0.8101416660944958,35.46824966307791,102.7399644044803
417,Linear,25797,8253,82,31.732889176737537,0.8098090703047054,19.379121809289863,143.02346465591722,30.544563747417357,0.8100826440998103,19.294761909976256,127.4667427227908
351,Linear,25797,8253,82,25.842680450930875,0.8156245681760728,16.038453233393636,105.93625744635196,26.502461365251385,0.809540839564175,16.7091961975144,198.99265425190936
237,Linear,25797,8253,82,126.19896239171172,0.8184147176782925,79.08776063243731,226.2362587807792,153.97176307554503,0.809336766346664,98.46414076114164,428.12386123658064
295,Linear,25797,8253,82,81.64157635684995,0.8291504697771881,50.242453723479,238.1555119607147,94.36277084309232,0.8092488478217856,57.31880753391419,110.88491930466353
101,Linear,25797,8253,82,115.65330842047815,0.8113883450609043,74.36970378864488,287.4525196909416,131.78654374329088,0.8089470483106688,85.22847513380616,355.84629275170283
286,Linear,25797,8253,82,42.306798529839405,0.8207709438212825,29.82362673544496,118.27040619262218,48.60720201494174,0.8087660046672565,34.16178959531225,195.1027410576557
123,Linear,25797,8253,82,58.175246359391295,0.8263524231918985,40.8096555751621,139.2338461361002,62.61438697071847,0.808761626713461,46.332694577809576,230.90955018972096
4,Linear,25797,8253,82,136.30741960109577,0.8095476889864943,84.93360715312883,120.18423701200098,152.56372424359105,0.8084784993239309,94.46525383061584,105.88632018505272
3,Linear,25797,8253,82,148.9792956141742,0.8138071806213643,88.85642848114237,131.9918444290205,172.34181159897176,0.8069193351447795,103.20572397843084,111.22323061834966
248,Linear,25797,8253,82,33.35178647537522,0.8187323453455795,20.988361709505387,431.86829525501145,34.13709968862946,0.8064839709544096,22.8181042080343,229.265061643366
283,Linear,25797,8253,82,104.67248938712945,0.8156089640823561,63.92983374096854,650.592648479528,122.72478397171832,0.8054060469988111,79.35399642486801,695.9195432368886
361,Linear,25797,8253,82,51.04294818901749,0.8025455481011441,28.933212803490346,142.97856875252845,51.08247135464158,0.8045587358391316,30.794340396910805,241.18117065612756
334,Linear,25797,8253,82,68.00360327096574,0.8163152967509764,43.12193091195303,476.5034045308733,75.07616107889966,0.8044724344233662,49.33008912766904,237.91852923199625
252,Linear,25797,8253,82,30.24309019222209,0.7867235949316157,18.474955412268542,304.7704693157149,28.739796699727425,0.8043592255671927,18.87697709066586,198.5487985823283
109,Linear,25797,8253,82,72.13076456526717,0.8182122136360207,43.1083789787827,229.05254971474812,81.69841269808147,0.803263118098043,50.01466654347452,250.5201447924324
445,Linear,25797,8253,82,35.558901369512014,0.818984443944309,21.28981904057664,306.54346814186533,40.2631942007048,0.8031145524357002,24.616302749185163,431.4842819210482
182,Linear,25797,8253,82,46.045183054516215,0.8266447283896491,28.63942883271565,71.52056948266004,55.72856699799359,0.8024961298238351,35.26692915607246,62.55877641771872
260,Linear,25797,8253,82,37.4230992658866,0.8067397997371858,22.47268749528033,120.7122727648563,41.56734422014297,0.8023332487616726,25.18126829239247,98.90790309513584
433,Linear,25797,8253,82,44.66481784026471,0.8262306840621935,30.11141193472705,108.85607784748753,54.7700161675093,0.802304727390263,38.50619691090085,201.3286053425879
446,Linear,25797,8253,82,34.9898263872381,0.8152163681310223,20.431906562905947,321.38506867813,40.38816895956335,0.8010081867681144,23.202173184880216,429.7901819341181
95,Linear,25797,8253,82,62.36200051030919,0.8231760269360987,39.598637601527216,122.48298208752178,77.03384193703606,0.800998352103367,49.43464903351887,110.42013724861394
2,Linear,25797,8253,82,120.18047510372595,0.8145579430449051,70.278344308915,140.25628349825072,138.93460568404473,0.8009717110832572,81.96180657873364,115.91882415146408
1,Linear,25797,8253,77,167.3357179735268,0.8088548411260033,96.92211969192032,135.67068812562212,186.41052022703224,0.8007843802949869,109.81774372343985,97.3784950100368
358,Linear,25797,8253,82,73.56804345759237,0.8221336129149722,44.16862891587823,131.86229286498403,86.08442592614668,0.8006291801464246,52.741469144094125,112.37415073038132
134,Linear,25797,8253,82,26.56825033022378,0.7870235330696387,16.505571505527936,100.18310622134344,28.360493883750177,0.8006101807784162,19.696848220728963,105.34509104898508
349,Linear,25797,8253,82,21.149790898697727,0.8156784764345297,14.04376008352436,77.04296329938086,25.21990021649723,0.7996750584915698,17.545824497115685,107.08926625361092
146,Linear,25797,8253,82,99.87375617203668,0.8110896472920068,59.52795010487901,443.2924011094049,120.8425832379354,0.7996612014073408,73.2978888081835,736.7608154170339
215,Linear,25797,8253,82,71.71721916874701,0.8270893053186197,44.24651641112759,394.8955182845209,97.43263194715392,0.799108204174743,63.22462108031596,86.197322348291
443,Linear,25797,8253,82,32.546919423178544,0.8101306057247561,20.461430490338014,211.45509389690545,33.66576655357601,0.7988624953271398,21.20475845562838,284.4145302298044
348,Linear,25797,8253,82,41.12108513492397,0.82350320391721,25.33298862864644,116.79935625962084,49.6678075809419,0.7987361305164028,30.9771277329217,251.83376874568265
346,Linear,25797,8253,82,60.32876971991072,0.8234626429725875,36.96604826863822,112.25126791599207,70.40608183453595,0.7978473078823605,44.45002828300596,403.579684509795
352,Linear,25797,8253,77,50.195498598055686,0.8145255288718185,31.272089263409796,106.4083407240611,57.306196052502486,0.7974669504585561,35.94104397623931,321.43587243061285
110,Linear,25797,8253,82,55.9800813838464,0.8033130813683144,34.08790037731436,371.4915250660966,61.58214232453047,0.7967972156053876,38.215698474596586,371.4247938817985
81,Linear,25797,8253,82,25.081191489781265,0.7970279922159165,16.234470900878673,286.1595867402686,27.139908925463253,0.7964452517710466,18.329029898260654,236.83809057912455
240,Linear,25797,8253,82,128.37883451061865,0.811462031658712,78.72431077821854,236.52671089227977,150.36629323312573,0.7964247680978223,92.49811698565054,233.5168460608749
362,Linear,25797,8253,82,26.596050016998795,0.8054179113675636,15.998366224408912,113.25842701516817,28.392221576929224,0.7961351822685053,17.66168904317048,128.22281290160004
378,Linear,25797,8253,77,59.83519611646434,0.8189355067053918,39.53771687438887,84.88431598808984,70.15281438690357,0.7959670810110604,46.39448850808102,317.64970625157866
96,Linear,25797,8253,82,53.7621238202603,0.8078806144075084,34.83692949957044,97.3053543175929,65.66173159243118,0.7956133893227542,44.131211041688125,85.92915733855001
370,Linear,25797,8253,82,19.69447860669112,0.8103672627717321,12.451304055655092,73.27233097136182,20.297140504468917,0.7950851179055731,13.282776819099398,80.91960732248378
80,Linear,25797,8253,82,22.683858465569823,0.8003644924589605,15.281257526125716,180.7198644582006,25.28381204865378,0.7948865849028925,17.294222277309046,159.48328917930056
135,Linear,25797,8253,82,27.480854453334405,0.7937800461890416,17.92214799803327,134.7986052040669,28.063642440328,0.7948154264407329,19.685007343963857,141.17471927404216
56,Linear,25797,8253,82,29.57173044741204,0.8192861531580945,19.74577348287245,216.5650513055576,31.721165073695893,0.7946962666283097,20.946186400785617,326.21911759934414
93,Linear,25797,8253,82,26.742194314924934,0.7940478973903206,17.532592985735583,91.0075569677632,30.75546269941372,0.7942135707341637,20.19410598967874,68.38909413837958
444,Linear,25797,8253,82,55.05088543117927,0.8154922346073783,32.89572427076808,183.24692502522848,51.47072226198964,0.7940812099510068,31.57166379341,398.45032434592366
464,Linear,25797,8253,82,171.28353156281062,0.8291924845854279,106.34853252292656,688.2750950830057,238.50703134767443,0.7933026938369125,146.1988941265182,953.641700173582
353,Linear,25797,8253,82,37.698573478499,0.8107600445189198,23.880588669132308,189.76919670792304,42.22114831931288,0.7927792297469083,26.89645918023359,146.969697293925
289,Linear,25797,8253,82,90.00967993731038,0.8116017218604392,55.64938559224796,99.4707615372396,108.38409726659329,0.7927775074423924,70.64835557034203,114.84305474148576
420,Linear,25797,8253,82,27.373468855239555,0.801839784871015,17.111798401077795,100.35574597112952,30.41502578976607,0.7924381537508436,18.9297678990547,98.66092098891014
120,Linear,25797,8253,82,334.53372012977974,0.8002346661525641,219.1346615233195,800.2929733409461,402.232309942876,0.7916064727730772,269.2485446925057,116.65214726255604
176,Linear,25797,8253,82,49.27584368911124,0.8042772827029834,32.271166753054715,79.13989340502745,53.536158468642085,0.7912040463524901,35.20525405664071,66.53759861107268
337,Linear,25797,8253,87,75.23086296456299,0.8676224474746967,49.13410090615277,77.48141064564177,102.38232065091778,0.7909481845623386,60.55929628591953,102.256315399364
249,Linear,25797,8253,82,32.32053674358875,0.8035929778224966,19.69030511256034,276.34592136819884,35.823715880143155,0.7896741358180936,23.38145347532066,193.38740816577572
30,Linear,25797,8253,82,66.53277657376536,0.7999880517254737,41.2548821080129,147.02625470921166,77.36208954635654,0.7896065928688019,47.43030199963314,147.77855260206803
344,Linear,25797,8253,82,43.9895346518969,0.7990736935732526,27.895101954022557,70.45756381492615,47.22976059464146,0.7891371314189639,30.40975323157478,133.85575936812293
360,Linear,25797,8253,77,64.50052471238938,0.8012244510367393,38.41873193801497,104.10127548119806,69.1078596547182,0.7884866523338884,42.55159247673667,280.2464409725272
88,Linear,25797,8253,82,23.983190836125697,0.8126930466868378,14.991146479080314,98.5063974433902,29.897354940187032,0.7881036948508435,19.318952321486588,88.89997977042857
144,Linear,25797,8253,82,62.48205983439952,0.8111713599430155,39.25193450374272,162.24589381811842,75.62341550690559,0.787982407767487,48.70234497796121,341.7556470921365
357,Linear,25797,8253,82,52.83827357743223,0.7969924576526379,30.939058033861613,147.92800420932124,58.73943607904683,0.7870893820067829,35.52095540372869,124.74137214074976
141,Linear,25797,8253,82,16.82939078171551,0.7906272968451036,10.958416611631678,112.06317159109624,20.48019779978704,0.7866420509868035,13.4241789881943,143.35255363590568
130,Linear,25797,8253,82,44.12038585308069,0.80054239269153,28.883199219273912,168.07597466352476,52.6700233538017,0.7861312037026924,36.17481076694107,129.06587047577517
626,Linear,25797,8253,107,141.83411744672696,0.8228805055789276,88.3622440312827,79.04155951469296,179.02160004230325,0.785238970560658,113.767204781807,82.34716880273861
291,Linear,25797,8253,82,53.914297634404456,0.8272547849515829,35.17067914821266,276.7997196395622,72.5950375298525,0.7845968330217593,45.12832128623347,277.9724970109519
343,Linear,25797,8253,82,32.84223817103389,0.8078003721583409,21.125135355946703,66.82751978171221,36.30505483827503,0.784026979968956,23.935552702929048,215.19155775749653
145,Linear,25797,8253,82,52.21865960739334,0.7927192739050613,30.893443555071524,307.79702736782224,57.04215600807611,0.783568159741549,34.89280943233044,367.56173670770886
94,Linear,25797,8253,82,52.978500679342574,0.82195704918375,33.663991013010104,121.34443771318466,73.842225829024,0.7826240661423042,48.73528200036485,125.3870943973021
46,Linear,25797,8253,82,69.58873878534258,0.7962679784280502,41.51076791833824,165.65740365398943,80.97940488583048,0.7824826398857117,49.36852131005676,312.85954887869326
108,Linear,25797,8253,77,45.08405157453696,0.8090006996599914,28.81622462286396,205.92175174422584,51.28018618542109,0.7816667571275827,34.041249720503004,210.0138927363409
290,Linear,25797,8253,82,59.8681781742509,0.8104955531140086,37.86825249895856,201.75068715571408,70.7193070816605,0.7812077667029312,44.05330936163302,166.12056736437165
143,Linear,25797,8253,77,87.56954874445553,0.7994974599830709,51.95655233460418,272.5374057813894,103.88356163153271,0.7812074256012261,61.28504716644613,627.1313056114602
294,Linear,25797,8253,82,51.34817641027798,0.7884145908965283,30.56466009735861,188.56294116777272,56.42705548873211,0.7807900692402582,35.34500255596458,108.28915914509908
113,Linear,25797,8253,82,45.03306692221887,0.78608395604025,27.81218018845128,227.51265963213672,53.014110272077765,0.7804155121303098,33.19471011824705,208.97001892159935
84,Linear,25797,8253,82,47.26789440382131,0.7932676713353898,28.71443280317165,295.8139363188403,38.043706404555095,0.7796854785446987,22.636379977649018,201.7196170177134
89,Linear,25797,8253,82,23.50737207520057,0.7956875856817074,14.520490133755972,105.98723921887958,27.349918809699208,0.7796305931830845,17.981032908792802,95.99228208947363
442,Linear,25797,8253,77,50.53082037113408,0.8008565454122292,29.74456067823421,237.8586973538367,53.05029837303009,0.7780444339426826,32.17696416122082,325.0806316059177
181,Linear,25797,8253,92,118.65273632294208,0.8354306884299998,74.12871652136693,68.68163230235179,177.27472837822597,0.776845865490909,111.55214227315098,75.55685185831693
246,Linear,25797,8253,82,19.02042214281613,0.8180661822767926,12.96882016668807,239.8158680859906,18.306617462943706,0.7764642497590646,13.623124339554234,176.6883451513054
131,Linear,25797,8253,82,25.512927992897048,0.7835182449718894,16.707128564423293,144.77348679747405,27.73718397435624,0.7758788890308801,18.80210876029416,103.82452272750392
457,Linear,25797,8253,82,65.89771398025056,0.8254565024939453,39.59979975341855,142.69417395575869,76.02064711909374,0.7740366068608858,46.06385618099278,125.06115558262276
347,Linear,25797,8253,82,49.23746198529022,0.8219191121404772,30.069263320536173,122.213125017756,68.01922954849987,0.7731072098521222,39.94112088128385,339.28670190007347
186,Linear,25797,8253,82,26.80166329795272,0.8236623552757346,16.45552690205961,72.249525053067,38.9676101889412,0.7730551156526124,23.990973715269128,82.47971661839605
251,Linear,25797,8253,82,23.46734097501997,0.7802594097274715,14.67378871880071,339.3904935270445,25.065661024709502,0.7723866143477096,17.23834952402667,148.92097742794653
293,Linear,25797,8253,77,80.5506943459735,0.7940293248157219,50.05759643343938,319.95024930501967,80.88388854489509,0.7711613794849628,50.76116475889311,403.5616268394343
114,Linear,25797,8253,82,46.61503174225502,0.778251980442165,29.110043302989016,190.54439029097543,52.80797268036962,0.7708479784625296,33.12990330889844,207.9755564775469
100,Linear,25797,8253,82,28.36072371157699,0.7702369867898801,18.624336232412247,92.9000197534302,30.11404000359652,0.770124369757533,19.85150875702063,70.814936729542
253,Linear,25797,8253,82,17.93453221146201,0.8009916427153065,11.947635144710778,296.3198892140651,18.12691701230741,0.7689051116213236,12.639890510932124,166.13814531211594
111,Linear,25797,8253,82,35.708006198377255,0.7682789971173283,22.26924377350919,240.69653965317,40.78414446002309,0.7684250877766016,25.385143226244168,238.908983840645
247,Linear,25797,8253,82,14.82212036692886,0.7994388112645539,9.738219900377542,218.5700987156495,14.549860422267608,0.7645365343615149,10.244733332294626,132.79379645326958
336,Linear,25797,8253,82,51.96844740642375,0.9201035465363762,35.8016999015192,165.35719521229947,65.7361839421855,0.7643223228593244,49.32286367415251,189.43822885178116
90,Linear,25797,8253,82,25.068233303834937,0.827915794183465,15.9292440662854,92.55938821366654,40.17564399094954,0.7630505174579989,25.363716035234265,145.70477832173566
449,Linear,25797,8253,82,123.06321128844264,0.8169788983858315,77.42243075309821,92.80536716977804,201.83939959003652,0.7623070643214367,126.18572235976826,118.22767894959443
455,Linear,25797,8253,82,58.09617744047996,0.8303327428957845,35.745777316275,128.39802187572295,65.34312858254651,0.7593506083582826,44.00411305933958,121.14875498841155
340,Linear,25797,8253,82,83.71619602278574,0.7821430982866683,50.648295479099055,185.083989488559,98.83654093497346,0.7581766626310067,58.00860857347432,245.93249187678785
42,Linear,25797,8253,92,109.63457128434256,0.7694716571855225,64.92055585540798,86.53512460405695,126.30841464673554,0.7580244186225547,77.34725211068056,90.26873019663348
87,Linear,25797,8253,82,34.185631645407554,0.833748109824527,21.427724219060867,76.21527618182841,50.812579717242734,0.7572316006082181,33.54729776117093,88.11566706652215
209,Linear,25797,8253,77,34.50046123525994,0.8375630016009215,23.77457846458228,83.0640784559863,51.107227220641086,0.7556622297061051,33.327771495900684,1076.9560232593228
28,Linear,25797,8253,82,75.56353325192251,0.7948853206552431,49.705643556647,150.7741853644753,101.96907891632226,0.7542188903703181,65.49203288342792,173.77748847027092
41,Linear,25797,8253,82,117.46851684303998,0.7765694215110595,71.14359339233972,620.3070991001593,136.72401178313487,0.7541402895729492,82.97150769148973,442.3071118097623
261,Linear,25797,8253,87,277.332994858344,0.7851109245657255,153.31905834780633,94.37227954935342,335.45978281857305,0.7535673362284989,184.7371166646469,86.57723885745922
380,Linear,25797,8253,82,53.16454400711618,0.7902079085336465,36.05980108466731,90.73232560750756,60.7387189805609,0.752236074766313,40.62328764884592,222.83139903693103
177,Linear,25797,8253,82,84.72833215280032,0.7881919344441259,51.77722057843693,216.6405830097615,111.1803752520063,0.7519150613434258,68.09033385618484,238.7904474727096
284,Linear,25797,8253,82,100.9122633863327,0.7799275045054754,65.7046457154103,442.50348694547466,129.3212382801462,0.7498876320742494,83.58694833246565,705.8437257021179
374,Linear,25797,8253,82,17.17363496814701,0.814300592520189,10.890392812422876,133.94244596942573,25.748417012179637,0.7497388489277408,17.97909964537371,161.35277245967026
629,Linear,25797,8253,92,148.72809472010567,0.7780239863941796,100.80506055918394,53.12841005264461,196.63449252820624,0.7482088110786185,135.2766919538369,61.08088636911481
292,Linear,25797,8253,82,72.10240831700149,0.7864346034956583,46.65416514570321,201.95446479230813,85.45904623629606,0.7477865537909167,55.80433330896586,241.9521331198517
242,Linear,25797,8253,82,86.57938030061408,0.7567001238594974,48.29856487261593,272.6113437558507,96.73456769839758,0.7473932438020141,55.370119728772856,283.1875323896003
43,Linear,25797,8253,82,67.81330325179141,0.7861582621070581,41.37402702051968,133.00965494468332,92.6183067789758,0.7457345819625922,55.73611577153666,167.54706687157542
341,Linear,25797,8253,82,58.11276720982769,0.7698089541058196,36.65616118680733,141.8571391155748,68.41384432561279,0.745162424864179,42.3743980011457,181.2098034128508
122,Linear,25797,8253,82,104.940855027645,0.7766161782322151,67.07458969189881,241.2083024012668,134.32879056707085,0.7430610345159718,87.90895914510338,466.0604744419912
124,Linear,25797,8253,82,69.76086190165886,0.7688565031253847,46.72146358734757,128.88883530263195,85.00539870350757,0.7384905309768341,58.36204284707329,239.5889067568685
241,Linear,25797,8253,82,78.75083262002757,0.7520343691363234,45.23215506764311,183.66413567445895,88.39105669204821,0.7384873791720483,50.11586799652021,188.1765685875461
197,Linear,25797,8253,82,11.226175764405854,0.76288925324035,7.321807489438339,113.89214480118628,12.571291199611398,0.7301080288904599,8.884599631565438,108.88082211229488
85,Linear,25797,8253,82,33.28186542212163,0.7805396133929471,20.831859076345346,248.51799206931543,56.00818847903247,0.727851437685852,37.43168884647663,242.7036371003213
83,Linear,25797,8253,82,39.65456857950164,0.7805669821234298,24.348251660372554,314.84703998257305,63.29125254489231,0.7278046993266316,42.28179979053947,433.2765356018992
129,Linear,25797,8253,82,84.87743760086656,0.769751461108744,54.30100373921969,263.11389177918005,124.9633864089956,0.7179327884896096,84.7078113359674,243.36853292436675
126,Linear,25797,8253,82,82.43823733451094,0.7002709313704332,58.639721901306,245.2967957231809,99.55091701692736,0.7063873127132527,72.54408815213803,368.29113968192144
339,Linear,25797,8253,82,58.09636463085491,0.7237349501573589,35.24835175247609,172.6909392177186,69.53312122631189,0.7051602217962362,42.87412305923467,246.03983323759144
133,Linear,25797,8253,82,21.13569963524712,0.7629619608045781,13.29124031555877,143.16726538149044,37.18667893302628,0.6957088858968301,24.51814209528928,210.02778641058865
617,Linear,25797,8253,117,467.69330306148026,0.7447547372573946,256.0141198115916,63.11129688056841,583.5389997727068,0.6927240414706555,320.40849119356074,70.06123540435829
57,Linear,25797,8253,87,37.18266193480228,0.7451107051560921,21.66867674290007,152.1218649270847,48.112768929650485,0.6846228840684606,24.682251924637846,162.67811251905036
45,Linear,25797,8253,82,55.467753152213625,0.6837503732362131,30.436044120823333,178.04835653799353,65.95029838168385,0.6722583796409441,37.37782225424333,188.83736796699847
137,Linear,25797,8253,82,30.6922836798082,0.8027115693979325,18.963415314907003,134.50868882091348,39.980196109686986,0.6576977984960515,28.98523016230589,111.25955219612004
297,Linear,25797,8253,82,37.75628749330171,0.5979811329818683,16.801174343212725,106.46668223991996,39.26235014268305,0.61998764835483,19.57542963393032,100.40026327391256
198,Linear,25797,8253,82,23.849604414148956,0.7985868652599128,17.61643049132246,69.27413800101128,87.09361269362195,0.6191245042891032,51.45444491937332,61.93222571394694
58,Linear,25797,8253,87,178.472865978111,0.6875841700130747,90.7584259938492,42.72362807763731,229.54412930754955,0.6039179704576427,107.32865567327045,41.11903991956403
196,Linear,25797,8253,82,9.631773358365365,0.7103794308515614,6.713975480971635,79.07011519060742,9.13040745189895,0.5971746681036828,6.47689440755636,55.16677674671896
86,Linear,25797,8253,82,19.19812040115384,0.7713986931756542,12.063380958452573,224.8117782871008,17.03231430311919,0.5818432802081175,10.54121639919416,133.7037081398761
138,Linear,25797,8253,77,36.6080610968131,0.7861930824180112,22.258828253826973,121.73535914907876,219.2549550434705,0.556124352901744,116.8731706514456,278.1250473294674
203,Linear,25797,8253,77,10.892776090896389,0.5775901166787183,6.398150845127538,62.16868904341691,13.297819859743642,0.5083707898160108,8.170642788703939,90.72184122795689
206,Linear,25797,8253,82,8.290072778708415,0.7598489180977889,5.584666175929868,76.84737875001642,10.63050639905155,0.4709193848310927,7.095823820260313,249.443059464619
204,Linear,25797,8253,82,27.31169248169089,0.7204793691570682,17.531965860173774,111.7115066655376,37.547091721177054,0.4596735456467266,24.780455624066725,1247.0033477118925
200,Linear,25797,8253,82,20.913021261081717,0.5215907335045957,10.89306495308702,136.16498142217128,26.10110556688253,0.4141018892050148,13.94837276811638,305.4697261420399
208,Linear,25797,8253,82,17.37453295245166,0.804492321736883,11.44503839841825,92.04835212962617,23.52956230835146,0.3956117446136876,15.601237858621388,292.1181591975535
201,Linear,25797,8253,82,10.360995856539295,0.4913663034785209,5.658719006499765,109.4163788225283,13.558664266145518,0.3847335373401799,6.924089133011294,204.95948619280293
205,Linear,25797,8253,82,17.62741895853484,0.7927915902774372,11.560879928094938,70.82944486936813,25.323223453683763,0.3840287163310413,16.305356712105,742.4675771362122
207,Linear,25797,8253,82,10.046280246052843,0.7602844327335214,6.605311275628977,108.0533921784425,13.670451279035712,0.3002505808565469,8.967056119864973,512.4454305857969
202,Linear,25797,8253,82,12.975919312872858,0.319414466418224,5.521442429833478,161.0524004425639,15.16337898644365,0.2960115290008526,6.045988231095591,149.8522512565742
448,Linear,25797,8253,82,536.3401099090445,0.297262614940957,200.4258088947243,335.380602788658,778.7980686803819,0.2730006702947392,266.3540292295209,271.67851448943287
199,Linear,25797,8253,87,4.432576353237465,0.7010449399389196,3.056958936326558,103.04549859830888,5.985403261342521,0.2655659936371489,4.169308070887728,147.35936248286748
604,Linear,25797,8253,92,837.4105875536582,0.2403982647944068,322.6313757057643,97.17498862574226,958.179048153438,0.2397390415208797,363.2856237243357,80.642936265899
613,Ridge,25797,8253,107,212.1134886745147,0.97529877801778,154.076373171079,59.71319670347658,264.8380830519438,0.9663083175110648,194.05589970778857,92.55921400523944
623,Ridge,25797,8253,112,204.41993765854068,0.967373759199267,143.66010208268003,65.5656150780555,246.28050778441755,0.9660432994214634,173.09438102978066,59.16127412287967
609,Ridge,25797,8253,92,303.14639969206223,0.9599768459854354,211.39146322420376,77.14072099782429,342.5045876002208,0.9643595525504964,245.8506478769788,71.2173461245674
602,Ridge,25797,8253,127,425.35661051179744,0.9581398335421332,304.6110337729805,52.194527677372,489.656317058978,0.9590478323519652,345.8871187381972,45.31511524541372
607,Ridge,25797,8253,102,461.225080071654,0.957796650578748,330.9130122679159,48.97310819520912,516.6986249042528,0.9581469716741536,367.4598477135825,39.57517405265792
614,Ridge,25797,8253,107,312.60511955336034,0.9615179327742172,217.89178109540185,49.49759038080449,359.5559392945846,0.9574112497718178,247.93245846639036,48.85854417403968
612,Ridge,25797,8253,92,325.22231315244454,0.9558050784769396,227.21115150978773,110.94548925896646,396.1141828923229,0.9511373593079294,300.8616900922842,162.02564445787553
619,Ridge,25797,8253,102,202.91284115150128,0.9535065093000842,139.85007534464066,58.287031442211855,250.7283060166926,0.9485325605365852,176.22403692211145,50.67150109899309
618,Ridge,25797,8253,92,241.825809238044,0.9509481182942868,175.14489844453206,48.51090059911565,282.56830554033775,0.946055101605342,211.2586186253604,57.03446265002182
605,Ridge,25797,8253,97,122.7404015574704,0.9496612039416222,83.51910032583874,51.690778086025205,132.57231089849648,0.9458736377615934,95.4470372570878,51.4272876055845
622,Ridge,25797,8253,92,165.62959019246605,0.9486696244374322,118.86751504767172,120.27881458482292,189.05838679557704,0.9431719429734318,129.42938776447411,102.55319777254576
9,Ridge,25797,8253,92,188.30135606874956,0.9423647504170872,131.8621540079086,88.69971765605831,216.3109546158181,0.9405566638504828,147.57188758590524,171.16419675704552
231,Ridge,25797,8253,87,126.23570737162709,0.9481204276197104,88.3914926599495,417.3008268348586,142.47711535443707,0.940365921208394,99.83093452504646,573.6601014380072
319,Ridge,25797,8253,82,69.74592373082368,0.9438673677706894,50.292203339029385,83.10835003036597,80.01854114803282,0.938649525879102,58.14779717896858,82.766762176268
223,Ridge,25797,8253,92,110.1042873268157,0.936941921226848,79.9240655329585,85.99237751411937,119.23343972419352,0.938206017755154,88.70257862999415,88.97891208131277
636,Ridge,25797,8253,102,196.1592032518837,0.9528083932811192,147.66623561196602,75.89670737428403,244.72936370089428,0.9377163872831378,174.57503247232484,73.69131609248197
624,Ridge,25797,8253,102,366.0874074107302,0.9471528660898784,257.6735152414328,112.58269391677902,467.7618914046361,0.9349673347785712,328.6091073654796,123.05533111515584
601,Ridge,25797,8253,112,250.1904581233032,0.9333275834577012,168.35475228039147,54.53419957578583,272.6692694522312,0.9340671414230438,179.3713799032979,44.2836146102389
167,Ridge,25797,8253,102,218.6203786063009,0.9338260035145802,155.21561385346314,37.00139407689574,271.6623391286756,0.9313178461822832,198.57735345953563,34.842253511442586
169,Ridge,25797,8253,87,123.0349937618004,0.9379264836099775,86.25295946656058,111.0475275175952,143.7872818055603,0.930763842915296,103.29637918853705,126.24170546444049
610,Ridge,25797,8253,107,800.9653525380718,0.9436023257601694,545.1020986324448,104.4634358933007,1082.3192092136037,0.9301766795418484,748.3618041115396,123.28684015325348
628,Ridge,25797,8253,107,484.5166087958408,0.9441762028704158,342.6048458862401,93.56634777351525,632.3945761563126,0.9299047988323196,442.7684359014258,95.8952934983
414,Ridge,25797,8253,87,159.39003652428678,0.9350963417596284,115.24909474126942,156.79591719140004,187.81196889745243,0.9242833143954998,130.2502188528216,495.7800749412331
175,Ridge,25797,8253,97,62.56338268265579,0.9400343602963298,42.99267614575946,64.7030695529882,79.08820072964775,0.9212916694923932,53.85446807917702,67.61054435020742
98,Ridge,25797,8253,82,44.691817183435376,0.9192490137696782,31.34535734012121,93.63195536102675,55.13718049009754,0.9212517954066102,39.25825401024959,49.20267739847375
399,Ridge,25797,8253,82,207.0533857189532,0.9089619838341524,145.03202167395605,396.54260076352574,205.69389297943087,0.9191693296570288,147.6788197322614,324.8441875172247
398,Ridge,25797,8253,82,181.0102578877037,0.9336709437919142,123.76396877376712,188.2510000996163,215.5054048338421,0.9175325496789648,145.55421549787212,230.1020691106333
397,Ridge,25797,8253,92,286.61772867973883,0.927911913369604,190.28770715883888,97.98937733737036,340.17391458328376,0.9158404541068874,230.64188813776337,113.37262189468608
153,Ridge,25797,8253,92,150.5965734264054,0.9100741748352796,102.95985286260482,133.60836081798172,161.5945629769367,0.9145983337115128,114.04761891060689,41.96023403588924
14,Ridge,25797,8253,82,119.21887832832188,0.9333783010500802,85.11432140741526,111.74869888940492,160.83275315213967,0.9145810489497506,112.08007229038311,144.96630053360244
118,Ridge,25797,8253,82,43.6603097282709,0.914625635284672,31.338673320141005,127.37107191818218,50.65473521607957,0.9139860099101328,37.23178162781029,68.92002315492634
477,Ridge,25797,8253,82,200.119229007637,0.9303924202903012,133.92623050552984,165.69755645932963,255.10671356771408,0.9132269133779338,170.31059049171662,153.0169689593422
403,Ridge,25797,8253,82,158.3672587300472,0.9296917531072348,114.58650976041316,105.73833610189328,203.11959018536228,0.9122075752686568,149.6482978314059,342.2577874440292
327,Ridge,25797,8253,92,145.49879986391088,0.9147299905920964,101.54891519621737,208.04014495617903,169.01626469270593,0.9104034107730924,122.1204904361206,224.88896747420912
10,Ridge,25797,8253,82,176.35163607482164,0.9082223082129058,120.55135372934387,127.93104138655158,217.45346108998172,0.9099611786784818,150.82353801427192,194.84204594801935
13,Ridge,25797,8253,82,72.0991719901213,0.9219721467349556,51.98901944557713,97.12272736776592,94.00099425752732,0.9099048182544324,67.74861517721773,150.12696131572082
224,Ridge,25797,8253,82,116.74556279745056,0.905924245129094,78.29183282377358,718.9300996774451,135.30916295050707,0.9092230460837732,90.8554387269196,91.74504605490212
316,Ridge,25797,8253,82,195.14171466694333,0.8942482484944401,131.39783384236517,101.22523457628256,210.46461850350585,0.9066431387204849,145.57417319815227,81.46206045395655
620,Ridge,25797,8253,107,185.8051347415784,0.9326127126288608,127.07870684781254,150.48544144859136,235.814273662116,0.9061213151719796,150.21777384384453,143.00564603191415
611,Ridge,25797,8253,132,924.0398412730174,0.9198251251517768,666.678620440162,40.02034648801944,1143.8282587860003,0.9060324440869848,824.0326805587445,46.440532707886526
165,Ridge,25797,8253,82,134.20747573842698,0.9140193104742808,95.44783520138336,122.62023127118724,158.55804396512548,0.9048431229869794,116.92334606639884,131.70827279445152
8,Ridge,25797,8253,82,134.16117071102258,0.9166176045305744,83.33321515602204,443.295990606042,160.02749819502384,0.9042279161311308,99.3828668495026,555.3153170531599
272,Ridge,25797,8253,87,26.997066566436423,0.9138181486940784,18.96414858923316,98.95950674893868,30.06163010312316,0.903924348749836,21.255124645921697,92.2613668732853
326,Ridge,25797,8253,82,50.79470396489272,0.893973004604068,35.28944292584613,143.53713690354286,53.09871339486533,0.9026045443525776,37.505409881816256,97.25421353479078
17,Ridge,25797,8253,82,97.2680483922977,0.9298352693261488,63.22171894484466,95.57952681948473,146.16180690334036,0.9023118584026634,90.43314986731482,131.29620344476365
107,Ridge,25797,8253,77,54.239124654939104,0.9124109348001208,36.68645115150076,254.6889917217235,65.8982842808616,0.9023038237836036,45.73995794547725,414.9395863804698
320,Ridge,25797,8253,82,82.14712680549798,0.915930180281961,59.91190257697195,75.9673669549576,96.98520099241388,0.9017905557429542,69.13335932116955,61.93060110297751
395,Ridge,25797,8253,82,82.3291972479566,0.9065055978375188,56.82477365505324,78.40102108735813,99.15135565015802,0.900925173965506,69.10921052850378,74.90516506060578
396,Ridge,25797,8253,82,122.36990670181255,0.9197895963764204,86.76298905858627,122.65854585969376,150.05621740262987,0.9005355852646425,105.86163048210712,152.9797780762723
32,Ridge,25797,8253,97,108.59423158446428,0.898178001005475,73.57179003333599,54.93423931055135,123.92568357098052,0.9003215008450207,85.52714385871181,45.16442870819269
409,Ridge,25797,8253,82,79.82897384381393,0.9259152444601806,54.62798619234324,74.90997778000164,108.74659872412649,0.8995507865686234,69.84540127073726,102.19843638824722
404,Ridge,25797,8253,82,126.20864330661306,0.9171422602471688,92.853072610079,82.76346800869442,157.78092300203144,0.8991256622029086,116.44846527823536,226.2772168370684
71,Ridge,25797,8253,82,84.58615188661777,0.8816154458811208,53.00087090839126,125.82773262736848,87.41766139468545,0.8989592354196617,58.227015552069055,95.5764564377884
439,Ridge,25797,8253,82,81.59591752245285,0.8981814063029372,56.61131696710583,153.71592623348462,97.10919830782632,0.8983257737089381,68.48275414565212,100.77665095050772
168,Ridge,25797,8253,82,98.87545500407198,0.9260994470349846,69.1296952020852,172.1619081547008,156.04711013850536,0.8969353230105968,105.45735499052245,196.256910764521
228,Ridge,25797,8253,82,176.9995150119913,0.9151297261553188,128.15541265655904,171.25856051177456,235.8250816947649,0.8962383546824949,167.72949221485882,212.6593411803763
157,Ridge,25797,8253,82,76.2781972265096,0.9033226204541512,51.23630414587168,302.4343899572042,86.51154536834268,0.8960130033681699,59.152053092941244,263.4655990407368
277,Ridge,25797,8253,92,138.73089211728646,0.9045652697685472,97.1189623235405,78.40892400788027,169.04259245604212,0.8957787018890884,120.74114687314736,89.05551432218701
307,Ridge,25797,8253,82,130.8068428114219,0.8969499411770709,91.6333181591352,260.6398075002054,142.50691777160876,0.895327768131484,102.46325479997148,260.92702002109115
162,Ridge,25797,8253,87,135.86064946585554,0.8988301578549744,99.03792989428976,93.88729763049705,158.07582250333172,0.8942617354690853,117.777501439543,52.86676953460609
20,Ridge,25797,8253,82,48.18644180312942,0.9039278991251246,32.54055069965106,342.9872488323763,53.9175679446994,0.8936680439193636,36.630754996473655,340.2342628798777
635,Ridge,25797,8253,87,215.77909875329237,0.8971481671827453,153.7635307159889,73.2473682995354,251.26055176645505,0.8925082388801518,174.98549455372225,70.80369990807718
321,Ridge,25797,8253,82,58.540582081195055,0.8926790025233413,41.25351111667278,99.82237615242674,63.72253002976738,0.8904149369653391,45.66363798446472,87.2804658366363
405,Ridge,25797,8253,82,182.70852171433697,0.9070151652964012,134.37881972613886,145.43819605184746,237.29364183239267,0.8859242373926672,172.78013234784206,255.61645836172647
238,Ridge,25797,8253,82,30.036172693149343,0.9011976439594556,21.430082957788084,88.81318501861558,36.60730211000805,0.8857934534166049,25.940106381170622,111.03789507656448
16,Ridge,25797,8253,82,112.8953554495635,0.8995729528958455,78.34467415152784,81.28391697599334,141.89940063326873,0.8856018034754023,97.6559143612569,124.76472060165634
306,Ridge,25797,8253,82,63.32454272508271,0.8842666286071418,45.08691385365132,104.04336557841316,69.82323953501354,0.8852263147504588,49.50510962987585,72.00002168740002
273,Ridge,25797,8253,92,125.56864983139758,0.90261834643322,80.04920850939774,96.75008314913497,152.13391216818405,0.8844362727862985,98.17263235854622,103.53114266637644
159,Ridge,25797,8253,82,149.71768113705264,0.8908344794359098,89.67367123108079,331.1835806966207,159.6061577733484,0.8843435791628773,96.66228378462375,297.15139703525824
235,Ridge,25797,8253,82,113.29482353223288,0.887761136459537,78.626321245932,153.33335224138008,136.47592556186632,0.8838303953458004,97.3193241712002,154.60932339671567
603,Ridge,25797,8253,92,60.16654904999864,0.9024887576939924,44.12289981247342,44.13403524290694,82.06838644017088,0.883211489173303,58.23231650618269,40.24588012265743
413,Ridge,25797,8253,82,128.148243516194,0.9062789419684016,89.03306239462829,228.4238833714994,168.6862552354063,0.8830431432786492,117.43634377966085,575.5729946541867
355,Ridge,25797,8253,82,59.94343774597562,0.8872944944507614,38.40346518618448,127.22399964887568,67.69554685904063,0.8828710861749395,43.34381112076362,93.95900979483332
333,Ridge,25797,8253,82,167.54256347177227,0.9009380299656632,112.3970119066701,439.7379289576785,211.3950471740916,0.881791008830782,143.8070736580153,429.9481652068285
308,Ridge,25797,8253,82,90.50997041784612,0.8871683167840272,60.81964942663322,127.48633335958324,100.35399361779348,0.8814277891835984,67.02860631773198,85.74705673084641
606,Ridge,25797,8253,97,183.57063397229044,0.8952616597838624,123.09543363035068,75.17660558788167,223.24059836464585,0.8808016383681077,150.6434606309832,63.67916930987943
151,Ridge,25797,8253,97,147.51160045375877,0.8849601588577449,98.29560221314252,48.49447929836613,166.0518741849427,0.8799227878511766,111.91741786926389,42.60613955439384
276,Ridge,25797,8253,87,274.06030442876624,0.8895977782531768,174.0638699396458,1275.1051527996044,286.7684686504117,0.8784884577694657,198.282600025759,1715.2163029785804
392,Ridge,25797,8253,92,168.0413794566333,0.8715368178484451,110.11079823241326,56.15355302173239,186.0856424698664,0.8782969798901699,126.52269434865414,48.79622982616379
471,Ridge,25797,8253,77,234.19814076125112,0.8913279491086621,147.4392003882855,814.8177829692404,324.15249045928374,0.876932173002466,194.65144946351757,778.4254455844516
22,Ridge,25797,8253,82,43.87798761189103,0.8909760162116173,30.488326246561435,281.8314506912524,52.98180746535512,0.875788745949041,35.84483869991436,245.0235688509649
279,Ridge,25797,8253,87,181.3091986439547,0.8722175996316581,123.17799144336844,45.27462942913606,200.425950386656,0.8756682269322528,144.1738892624311,37.979602451577406
616,Ridge,25797,8253,102,384.3255642081913,0.8893984285210418,250.0376722707049,36.28105773306928,433.29013312229614,0.874124374269327,291.9087497457039,33.896501492071515
287,Ridge,25797,8253,82,25.13642191977024,0.8907069243978116,17.84199374986657,141.90629671745822,29.086877556575743,0.8739911202557569,20.91008385073597,162.46958129340115
61,Ridge,25797,8253,82,26.42284362956243,0.8801930991921663,18.892684774588357,100.90619533521324,28.781249693196656,0.872182968398024,21.016422353703064,126.8016264651242
438,Ridge,25797,8253,87,75.14493528865964,0.879088287780589,50.35038842790232,144.25000565037834,87.40612113839387,0.8720424745522324,62.45630982039414,74.38990522262196
305,Ridge,25797,8253,82,89.1973825520811,0.8724826446157381,60.035918921528655,78.20921413560191,92.13308983373238,0.8719496154109195,62.58912740118709,52.7344949615545
234,Ridge,25797,8253,82,94.90437724748014,0.8983184603454074,68.76024297260939,87.12888348636011,116.83937071742926,0.8700714285188256,76.0052365642753,84.65304321550866
453,Ridge,25797,8253,82,105.30099722966848,0.8601147273268532,70.47455696077235,64.57815042919513,111.25881234179865,0.8698491648820604,77.15544113095349,48.12592686894476
625,Ridge,25797,8253,97,183.3844819643232,0.8814377386178239,131.67780929591547,41.98779780048195,220.3208957264197,0.8696976424009006,156.23678901582628,38.29840254874478
280,Ridge,25797,8253,82,38.22775910251831,0.8619933192496512,25.41971464901639,121.49297141487656,41.59027087078506,0.8695025253216604,27.854726174857007,69.10163696010274
434,Ridge,25797,8253,82,121.44294917021368,0.8718371607753344,82.26603426496911,114.65412204080488,151.44830980842548,0.8688454025849556,106.44296525853797,428.3030497832392
103,Ridge,25797,8253,82,27.678287901487234,0.8691365261023511,19.264849908165868,109.12737782546596,33.10043795738892,0.8686086619762089,23.2299432352923,195.51097348858423
264,Ridge,25797,8253,82,155.4922851268827,0.8642058405929244,96.03619708191404,101.67491374105232,158.4826526940993,0.868314718896617,101.7227681769226,78.80505002925288
221,Ridge,25797,8253,82,70.44909899917717,0.8863548318080487,48.54508168424329,153.7372608585687,98.0071870340799,0.8683099455237058,69.09635955340066,83.76503409752418
301,Ridge,25797,8253,82,77.69845181665826,0.8650724573419858,48.837596925002295,286.1301058147369,82.31173367051531,0.8646336872247267,54.58938992659145,159.18453305656695
312,Ridge,25797,8253,82,119.59149928895832,0.8726005044922447,79.0706560978566,166.1379111230942,135.91535484198803,0.8642970693887406,90.20973046823362,144.6512578660213
259,Ridge,25797,8253,82,213.0907352964116,0.8549232969302316,131.8010465037315,72.35581027656252,211.338980260932,0.8634598515950168,133.20295069341694,57.36290042241951
313,Ridge,25797,8253,92,272.3175420017706,0.8904492495055141,175.81468868387248,130.7005336579028,340.36396251311385,0.8619549956293906,214.5127288059676,109.1511880079262
615,Ridge,25797,8253,92,41.98109809142642,0.8717814854138665,27.56133921880324,75.64126515265893,45.67336419064812,0.861870026341673,29.35913342744639,61.88921233039336
303,Ridge,25797,8253,82,76.53875142166241,0.8740234143576545,48.78366590527438,276.2071241039968,84.75554027644165,0.8618378302746481,54.60652418657601,494.760309662778
278,Ridge,25797,8253,77,253.8108617868969,0.8530541798471297,163.41717738833393,63.86611302949906,264.8064466182553,0.8617513883201412,172.84433238188024,45.80549893328503
451,Ridge,25797,8253,82,247.7050299428045,0.8618311932267768,152.92706160427147,71.38986927925322,263.7060167212478,0.8601048515574268,166.19147120406973,65.59173937158391
218,Ridge,25797,8253,82,66.14508755257495,0.8339282160870949,42.21820841512375,479.2582231354711,62.40247329163222,0.8600435888000554,43.257703954973344,56.78771029423066
452,Ridge,25797,8253,82,156.7854000893716,0.8590291410228097,99.39785987421928,54.98981134116262,173.43073089244334,0.8594185773087955,110.37827936135618,56.843471908249576
59,Ridge,25797,8253,82,54.9455108650154,0.8552099242410189,33.847998591387345,88.31285758907786,58.27150246958153,0.8587920617669871,37.08814098384847,97.57242373833444
68,Ridge,25797,8253,82,74.82681433471937,0.8484763620833964,44.98049636070783,128.47651734944867,71.89471659459294,0.8584355237937815,44.86201496148757,121.3694329108084
450,Ridge,25797,8253,82,256.14853746143524,0.8423947007714254,159.21319459075198,71.18910603743339,233.2193189152752,0.858295210186792,153.61648728978227,192.98943664262387
213,Ridge,25797,8253,82,78.49437765218629,0.8400763623601929,50.056013912075166,454.82523163841824,69.0214748119794,0.857908930477356,48.64018869137012,54.559383417381305
35,Ridge,25797,8253,92,112.80391665627047,0.8570494672356948,68.40112131378187,67.90989592058246,128.9315858463615,0.8571924246634806,79.76010526817497,54.2077555037366
51,Ridge,25797,8253,92,176.9060942075764,0.8618397077208606,109.61173110410864,237.8790036771802,192.78116654634755,0.8567379921735925,121.47234100812888,402.8593608393628
447,Ridge,25797,8253,77,456.8204243597134,0.8596659164103285,298.8527229506185,720.6643474118517,495.1179704121009,0.8567075582902635,333.95437089674544,951.3223898713626
311,Ridge,25797,8253,82,138.2380108163818,0.8635648585542641,91.0076940975956,169.649498253845,156.42492794598195,0.8565863702582955,103.79951719408936,130.06002223261984
26,Ridge,25797,8253,92,153.23949257180152,0.8861138260126414,106.46659707717046,77.09035228406702,204.34946467748307,0.8564082016013923,138.42414841148712,90.19067095681224
309,Ridge,25797,8253,82,93.84511186958484,0.8670880777856479,61.19428235418572,129.99499768142817,107.72770581154094,0.8560995660973408,70.63449889323914,112.29183419017951
329,Ridge,25797,8253,82,60.51675429838938,0.8725992875114984,43.338634442496975,232.47043679365,74.08407511274639,0.856013378068373,54.98966095123758,214.65221412549116
216,Ridge,25797,8253,82,33.26987307635869,0.8601993191666886,21.690927770165164,281.92415102238334,34.42317590747083,0.8559475370719158,25.50680317406333,64.08235078459388
421,Ridge,25797,8253,82,46.81439241834576,0.8397625085511118,31.247420743053212,79.7270719716938,43.99783082685422,0.855736636610368,29.84566667729793,120.05666846199397
407,Ridge,25797,8253,82,109.55527461137874,0.8843022115785296,75.8263108189754,79.79428207880991,137.15943395357812,0.8553859789596846,90.02898410401869,298.94907342222285
426,Ridge,25797,8253,87,73.29352358397101,0.8501982365377281,46.31889910148194,66.00873180631868,74.79032579689695,0.8553419749933729,50.33995100871006,45.3523238738314
310,Ridge,25797,8253,92,270.01692185467783,0.8674835771687037,172.8531674095774,118.53249357260312,315.6025625220214,0.8552613929838788,206.0594549783188,98.29413739300826
372,Ridge,25797,8253,82,27.081375880517847,0.858053683530128,18.22798425137877,64.05708045005532,27.138739098490845,0.8548550362316611,18.67967981764416,177.42661985752935
463,Ridge,25797,8253,82,64.8335713324885,0.8412217905886814,39.23722856017025,293.6127730001147,60.37212913694425,0.8538457922009065,41.81615281668361,225.58829480574423
62,Ridge,25797,8253,82,16.67002399703872,0.8509622722649066,11.9891489271789,83.33941325860165,17.523918025822326,0.8535927398923078,12.697079356490638,86.83654956710129
64,Ridge,25797,8253,82,55.94647837905924,0.8524973585907462,33.432115350812346,127.14790085852523,57.27342792731847,0.8534451382157425,35.24227714622438,110.9663356357108
119,Ridge,25797,8253,82,192.24654978577288,0.8611740654664254,128.4439114120798,370.6764931679724,235.42086604074785,0.8530757280520649,164.47568695089993,103.5052073220897
60,Ridge,25797,8253,82,35.58944201673747,0.8591307739052166,22.929622887160896,81.69672644992734,41.36790866716202,0.8525001157505895,27.272799682872066,82.86621820743731
217,Ridge,25797,8253,82,51.30109728421785,0.8351840413171479,32.92382728833064,368.9945849606422,47.72698447192384,0.8524620728342706,33.67561495696134,70.14820354840448
363,Ridge,25797,8253,82,37.50527427909503,0.8421592740775814,25.121047392288396,81.20470423849049,38.62015322690956,0.8523936922900146,26.21754525083381,77.31008504490335
65,Ridge,25797,8253,82,67.14279099796563,0.8542601680819425,41.57244503695194,163.0318619089974,72.31585853666621,0.8521446887575445,46.99746435874429,174.82093149567282
78,Ridge,25797,8253,82,40.09763820569219,0.855846334152776,24.33087297565033,142.6271272326715,42.541648391108346,0.8512874324981903,26.48737219277231,92.43671105859138
394,Ridge,25797,8253,82,77.99603413665467,0.864111120452148,50.56914277055559,76.44197945275957,98.37478569134328,0.8507936119194822,64.19520030773856,71.09821140850848
76,Ridge,25797,8253,82,74.19047225731582,0.8572566885024041,43.82509074848959,157.66635078303233,75.50995847456127,0.8503723276438679,43.90427919366763,92.6873139319111
324,Ridge,25797,8253,82,113.02236952333166,0.8960395273350462,70.88924486737284,125.14485321963744,193.15568008894925,0.8499734249475679,113.14297306178474,115.3861900735948
379,Ridge,25797,8253,82,54.211994170623065,0.8768036759034349,36.47226445957325,81.7493384927093,56.916383573162655,0.8497526325662089,36.7320902780692,169.84912666105114
328,Ridge,25797,8253,82,140.34648653182302,0.8647824438316659,95.27432318007769,325.78086524280855,198.90163098831195,0.8495434092184863,138.51297613430648,173.83629033652306
189,Ridge,25797,8253,82,60.136188443594094,0.825929677493012,35.465247796357765,233.1767908633059,55.2057859039542,0.8492840948376283,33.39844640068904,74.7353488149735
393,Ridge,25797,8253,82,96.13441133688626,0.8703995204210171,64.96455661356524,72.60471773196369,119.21775372463084,0.8491368282755949,79.80248897760104,60.35790834728195
79,Ridge,25797,8253,82,25.087184119955296,0.845986823290894,15.589098768163684,137.5938201908553,24.806409373116924,0.8487858918821685,15.278235359719131,84.44988600585165
164,Ridge,25797,8253,87,584.5934933083138,0.8541420615242012,401.4884066097839,188.2644459509033,684.0127263944953,0.8486194516540643,488.36891698051136,98.1716795255102
460,Ridge,25797,8253,82,67.76722497497605,0.9294910001033992,45.41933160939394,103.94992320881629,136.98541809747175,0.8485441520660693,79.25476710883163,138.00376740479464
323,Ridge,25797,8253,82,90.88968055515224,0.8437393522128287,61.75668897822236,59.85272786461081,104.90508931177818,0.8483873248018164,71.85945572940386,42.16011749932251
232,Ridge,25797,8253,82,121.9979341234624,0.8515976624257696,85.31172193308038,83.06389712936362,138.45982401880696,0.8481389176437963,96.08906764478526,75.85895033234232
160,Ridge,25797,8253,82,100.68656570107838,0.8534074531957869,61.53990574624588,247.0521746134545,116.93988092322444,0.847881645738767,74.4005623215552,201.8234808897132
214,Ridge,25797,8253,82,41.76490448061212,0.818763068449194,26.52711971511893,299.54553375301964,37.69303876027897,0.8471586793328972,26.673194335371846,58.55039761827935
263,Ridge,25797,8253,82,127.46261520010094,0.8509104034201042,76.71157655624171,107.45374764668468,139.70965325872075,0.8463273918381582,86.50776862140769,84.98894303646343
152,Ridge,25797,8253,82,46.57414045421649,0.8463631930696297,31.06467627341644,107.60544603852902,53.4548063849022,0.8461787822687437,35.694858069876595,92.19247133473228
254,Ridge,25797,8253,77,218.4887078611745,0.8389571429531796,130.269854237609,87.07562005021873,207.51074647750264,0.8456413605295021,124.79569763366516,217.456267501734
72,Ridge,25797,8253,82,77.8358218942606,0.8330092208213504,45.14685271291561,141.41549737523272,76.26106862168987,0.8455371545942995,47.08003005333332,93.33168234751432
74,Ridge,25797,8253,82,47.92980171902292,0.8525792782586037,29.944253922556157,131.41611580564515,50.04036887733517,0.8450104135062337,32.664916256808176,109.50407999716998
371,Ridge,25797,8253,82,78.14052907327829,0.8537413723677052,50.50509775714864,47.006968433761,88.60885842705744,0.8439573791821788,55.75061838321596,53.71928138696358
52,Ridge,25797,8253,82,67.2640738532136,0.849617364760143,40.791019196693775,191.1764785045021,72.42908496993752,0.8436441758149017,43.9403052918705,379.34547003294944
266,Ridge,25797,8253,82,117.02233685419708,0.8669615429772032,70.02200360265633,140.68278480781723,149.33190088542827,0.8436093968614098,93.1390683750508,137.24147771715846
255,Ridge,25797,8253,82,61.01956518254418,0.8650456200253103,39.68285348971145,83.0986886902557,70.35930542888039,0.8434706186448213,47.29383185810212,206.8949315056016
192,Ridge,25797,8253,87,72.83986799822694,0.8320438875325378,46.85545308509938,175.6167508152625,71.56627412448272,0.8434536335101743,46.24706395752813,60.742090380566815
630,Ridge,25797,8253,92,183.4606033035984,0.8494624358574233,121.69147162502443,68.4335212457426,206.24374408882483,0.8433409482543954,142.01190545910714,59.659129014947375
67,Ridge,25797,8253,82,53.17028993263224,0.8460213588514204,32.61641181563311,133.86573644893065,55.10949733866876,0.8427900625122909,34.7724591828046,150.74924416373045
265,Ridge,25797,8253,82,180.28854087184368,0.8564974191072173,107.57086369623964,126.1630854768402,216.78264941746107,0.8426517747783666,133.61757664922777,98.90463758330516
188,Ridge,25797,8253,87,95.84404454526153,0.8437063755943517,58.244993218027695,65.14155337345662,100.7497638711708,0.8423866297791894,63.328567770012384,63.97938497285988
5,Ridge,25797,8253,82,61.34616448542919,0.8322140749737846,40.44271799007114,93.32360594506892,65.56856192821799,0.8422033371426185,42.92403069315861,72.93383457217735
34,Ridge,25797,8253,82,82.44016246781429,0.832226488488527,50.23652582146987,91.72510798865478,87.54372568634254,0.8421452170292694,55.85761820099286,73.52399099637087
256,Ridge,25797,8253,82,58.06653050018576,0.8534215279852603,39.152232422396416,58.82523174902834,65.4869281095217,0.84214504352506,44.636560210045005,126.71482794162678
149,Ridge,25797,8253,82,31.435992134639957,0.8581330092625341,20.09730820938812,58.10272721422417,37.50014562127616,0.8415479812403843,24.05317748855133,71.47106811963664
381,Ridge,25797,8253,82,66.58182263536645,0.8681169257192928,44.33428929975753,66.51328050431654,78.84993792584659,0.8415209801987692,50.28792456198211,285.6425471497509
424,Ridge,25797,8253,82,63.77702575649514,0.8413862818390838,40.83947937930645,102.64454053691404,58.963586360212645,0.8409048473365226,39.91288934580988,80.62371886011958
432,Ridge,25797,8253,82,50.67549243473415,0.8485261094429863,34.91381639885633,82.13920405852771,54.20251218559922,0.8407549877055746,38.00795244166752,183.76158677432505
69,Ridge,25797,8253,82,50.06550289269335,0.8359823025448576,30.122699614852543,126.1704575090964,48.59621915360661,0.8406325268682527,29.149461825119214,103.14878931201795
49,Ridge,25797,8253,82,47.25817949383299,0.8538256344825386,30.58843277864424,215.21469632131257,54.50143841351066,0.8405676327241158,35.191672541208824,263.4775055099412
154,Ridge,25797,8253,82,58.84926000825086,0.8317439807762462,38.806650712746944,127.6133001904712,60.97807774266231,0.8399669661832733,40.05281313352189,92.30807844669847
418,Ridge,25797,8253,82,37.01208948373717,0.8292561715246484,23.650904060427585,92.10282028300264,31.78247200191329,0.8397473498946184,20.89878281151247,65.15265998604589
191,Ridge,25797,8253,82,34.6671241595616,0.8353017840897901,20.92421323836747,237.71022797834024,35.76298536528858,0.8396872319166271,21.860768448349337,127.4976633076786
375,Ridge,25797,8253,82,22.736298216997668,0.8581070351328587,15.73589589415029,92.94838569629952,27.267485338815558,0.8393460958429731,18.70503406734249,187.5487207670921
245,Ridge,25797,8253,82,36.567574247886654,0.8194806163141328,23.272592796913827,365.983398320745,34.08766786348659,0.8393457769351955,23.001117716574218,152.0847220078427
38,Ridge,25797,8253,82,113.1784748524248,0.8337588022138787,71.99064230685211,360.2838988717623,118.2153902463684,0.8389639276074083,76.8494710894642,92.2805048025744
147,Ridge,25797,8253,82,90.20180008295424,0.8493197020710302,56.19833115388933,369.9959768789111,101.00469821559632,0.8389633584455874,63.73835243945502,581.9443303237175
33,Ridge,25797,8253,82,76.83474352076419,0.8314617851300536,47.07874530780517,85.9402824067372,82.8984827105591,0.8387913818515973,52.07197709450036,70.40987413683492
384,Ridge,25797,8253,82,65.99152586191212,0.8623127935916127,43.44968201329237,60.35169434525801,75.2448956979339,0.8387722385104006,46.93205763871666,288.8273400059339
236,Ridge,25797,8253,87,97.23467068274888,0.8599534811164156,64.1487240872079,144.95152920368574,120.81086418716257,0.8387436065750048,79.41041311626489,322.5016268495995
156,Ridge,25797,8253,82,40.321195041630894,0.8481295012160556,25.99992966755799,113.02083794462771,45.668993780477926,0.8384805169851945,30.260060377558293,118.62965092072044
288,Ridge,25797,8253,82,52.80381066771943,0.8381672900000727,34.60054377399294,267.61788659850754,54.58279863086268,0.8383190089935656,36.19468321349838,270.89423053406216
158,Ridge,25797,8253,82,100.83424520255564,0.8710520921605724,66.9650390681251,313.15655831545496,125.82706846760787,0.8382715784358561,78.71076424789655,288.7088850448847
430,Ridge,25797,8253,82,52.32505045895415,0.8542565503693957,36.07588788482488,73.06446291295366,66.24858226688458,0.838024499499103,47.62277690756599,248.96573869768235
271,Ridge,25797,8253,82,100.45872868178688,0.8459289759462832,63.499050125994096,65.3695931584133,108.95907780054222,0.8377220447070866,69.49492639537088,54.75919584577844
212,Ridge,25797,8253,82,65.77786502132155,0.8174609035698124,39.98973561552014,375.45622313299714,64.49555869539108,0.8375729967383541,42.23253638001648,75.23144997707291
621,Ridge,25797,8253,112,59.51975462186915,0.8484655662511079,38.97732279960171,34.78997687316841,67.03537017243887,0.8373335215546686,47.80461701167612,32.71975658248932
195,Ridge,25797,8253,77,81.51587074543218,0.8287200567763835,48.34332718277142,291.56745154540914,77.96774800569692,0.837318035007161,47.690321389326805,130.9020687093755
210,Ridge,25797,8253,77,75.88361598054568,0.8067394060991421,45.66390140982588,656.3771847849989,61.27781643952339,0.8367972422480839,39.49444228021782,112.4760373838934
187,Ridge,25797,8253,82,27.418897811123028,0.8306970850474302,17.050625848626197,73.88591274808468,26.096261302821045,0.8367830616749801,16.890837813801905,56.392682222343446
459,Ridge,25797,8253,82,85.07463109138149,0.8605025275706466,55.24641249013797,119.08187189178696,107.11661303310328,0.8366307487946583,72.09721232540522,121.15843561380694
325,Ridge,25797,8253,82,53.70187178667096,0.8537158273462678,34.03694808570436,115.91934785343727,68.78022445051234,0.836587395353193,41.62549670999046,113.14256855182686
354,Ridge,25797,8253,82,54.97075606565172,0.8381939693608992,34.41249623015071,159.14010937157127,59.42169249414637,0.8363810378529061,37.71918929907638,117.62471164892924
243,Ridge,25797,8253,82,93.60428178574296,0.8333924338844507,56.22017720588054,68.94573708344754,97.38481148468502,0.8362266703808844,57.80921212190584,60.29289308561737
50,Ridge,25797,8253,82,49.83255986278688,0.8569651709184241,32.78794413409564,212.30399962571428,61.3365756627387,0.8359557067383593,40.00112885668604,201.83923476055836
179,Ridge,25797,8253,92,140.75702061993726,0.8598419642529006,88.1783853854633,130.19301548131392,177.72305288669978,0.8356170775747993,113.4405965419814,123.65314453512484
608,Ridge,25797,8253,92,108.85057434048557,0.8440043774448488,70.2210035666609,103.390887598625,126.47149466294708,0.8354380912240162,80.22238849929147,89.76758708755274
225,Ridge,25797,8253,92,720.446035035627,0.8462377588293228,447.9469484650596,206.2820080851125,873.1042707232967,0.8353781710219623,549.2372291122387,247.9902440568595
36,Ridge,25797,8253,82,84.86009817706136,0.8167048986397907,51.47548778411808,280.3185976206884,84.10208542015994,0.8351753653695806,52.54904431229974,112.50470581730592
386,Ridge,25797,8253,82,37.11550713980033,0.8557829393481868,24.442688078368423,64.52883462830363,42.22085546043544,0.8348778456227822,27.95479498384954,205.81431535812607
6,Ridge,25797,8253,82,31.9318928682781,0.8549782053791597,22.21453680580914,101.8633248645163,41.81074041277401,0.8348027156035254,29.586557263479385,116.33682616705347
366,Ridge,25797,8253,82,150.03027954390518,0.8353287650700644,86.70510026286767,90.5188765133662,141.08997945437744,0.8346665652082919,83.11201446589318,77.71212792579816
627,Ridge,25797,8253,87,45.80068235429712,0.8336688212987109,31.43505849877364,72.371516973411,50.26570024846365,0.834320558035663,34.53943970269226,74.26378938567835
304,Ridge,25797,8253,82,73.65595820390601,0.8471297198096351,47.931108862763296,234.4998792916504,80.0713268212427,0.8339847552810996,53.0541462259999,395.356532780621
461,Ridge,25797,8253,92,112.64054652148928,0.872797603727773,77.04350064391758,213.4559920034453,132.21018752344455,0.8333653820414546,92.77319273806307,51.19114470042111
66,Ridge,25797,8253,82,64.92542583151685,0.8433431589330238,38.96022004070885,123.49437998032025,70.76894294332719,0.8333650836849704,43.65333154030516,151.44362711733882
55,Ridge,25797,8253,82,96.31542356958224,0.8491867666775388,63.03357193722916,220.62889933478476,104.9508153832192,0.8332488282076969,69.19121670659811,633.0149966630297
91,Ridge,25797,8253,82,12.954244344811997,0.8658622302419805,9.387501150928903,50.212913747466,16.786195691343263,0.8330504365086399,11.787910398058768,75.96356059566276
257,Ridge,25797,8253,82,36.89889443929687,0.840095157590531,24.31837117378157,68.97244124888762,41.55500004908006,0.8327261984409804,28.07679267901205,98.71805918918125
382,Ridge,25797,8253,82,65.40336587479453,0.8687080048499303,44.243892247196406,47.75102633401384,78.48396754932348,0.8327190063082953,50.68227035834564,333.20247831898587
383,Ridge,25797,8253,82,47.29761788174141,0.842574629335752,29.97252849602557,58.61198836125075,49.78412761365741,0.8324999341906348,31.41093202247408,244.77007221068317
77,Ridge,25797,8253,82,60.57737878724074,0.8535176638893979,35.86703876389995,123.99984517138904,72.86213273197806,0.8323617568998376,43.31019899974229,114.74704761978111
194,Ridge,25797,8253,82,33.10592926967106,0.8142728636389532,19.56818331418885,211.7091891314181,29.75062661827903,0.8320668484500268,17.580795612479875,139.5499829563345
193,Ridge,25797,8253,82,22.74350073080744,0.8223043285754537,14.335813700892585,189.9674691738883,22.01502856581008,0.8319425429375049,14.26418774786056,154.42110880629446
211,Ridge,25797,8253,82,65.13038560159495,0.8172924922099768,40.79369460896456,421.9761637814795,61.62218570974428,0.8318121091248359,42.12116053894498,69.75544511803157
298,Ridge,25797,8253,82,50.05153317154568,0.8387039966703725,32.886585475554995,135.4068630375284,50.82123759381335,0.8317697957592289,34.84309379758275,80.81291783046534
31,Ridge,25797,8253,82,34.05864562030824,0.8343531188581155,22.22874887933972,91.71831275965356,37.53340238873332,0.8316581877291809,24.73569373731217,75.62975689386504
422,Ridge,25797,8253,82,27.53782829232189,0.8226704670300411,17.387522596197673,94.38245806195268,25.373874267924208,0.8314973099718767,16.082692800139636,78.65675451246568
440,Ridge,25797,8253,82,77.93706027193063,0.8366766417092133,49.91219766810882,179.16936620504256,86.66445707002865,0.8303231763064803,57.212727337512106,81.2317426308804
222,Ridge,25797,8253,82,75.2920775985763,0.8422739894863396,49.07165489791718,278.5049860437349,92.65194520980278,0.82925631202723,63.73645270984971,173.4326223436294
475,Ridge,25797,8253,77,155.94691877405836,0.8498139247559411,99.3217326853102,95.59312916097603,193.01704411028803,0.8290458215572387,123.21362585909324,128.40874731521578
423,Ridge,25797,8253,82,39.9873720553935,0.834234170629211,24.613799644054275,98.9246577630708,40.16393769354551,0.8289381496166742,26.08280973105453,94.43974293094276
356,Ridge,25797,8253,82,80.40467222522885,0.8471914663368721,50.50418479849009,223.13112150776203,98.87381707267446,0.8287665900712693,62.482449444207134,147.4244802153959
173,Ridge,25797,8253,82,94.64372195396832,0.8359520801625329,64.4892264712594,370.0277213605156,118.4696621510935,0.8286590390068729,80.5856545384518,170.32702283714465
220,Ridge,25797,8253,82,26.328263682450423,0.8232021239780964,16.58225136263145,79.18184871670097,24.285107345012875,0.8285422684110777,16.231359095879693,56.335015868610064
185,Ridge,25797,8253,82,21.20360648713712,0.8345850544132997,14.363591024799476,70.67150738353409,22.338729619362677,0.827856442813929,16.160227490663654,54.98061958352227
54,Ridge,25797,8253,87,132.5734635403735,0.8347917005851323,79.76799897427276,322.3534818502314,141.97331888468003,0.8278175791018306,85.21099334405928,596.0842360062779
282,Ridge,25797,8253,82,24.76729222184447,0.7734854903507695,13.050180163954996,208.94411105616769,22.776205925336438,0.8277015118006193,15.97153521348736,210.40619094947868
183,Ridge,25797,8253,82,50.96248089765066,0.8180970983854643,32.37019859677328,77.41551012483829,53.45308894653047,0.8273802448256763,34.855103060232466,60.5246527307973
296,Ridge,25797,8253,82,44.71005694082197,0.8282800930567189,28.4068602569563,163.92458140359537,46.22715903238805,0.8267471495316677,28.96079451731712,84.9645577118468
391,Ridge,25797,8253,82,29.63729920733432,0.835774534973919,21.73727989843056,60.13733997678672,35.59144240602512,0.8260622243598705,26.305476659023952,60.42781807059807
431,Ridge,25797,8253,82,21.944543179255003,0.8540152327415937,15.604696731001129,67.79669420631556,29.21017189993787,0.8259150663705233,20.49139253101144,126.04835244688772
350,Ridge,25797,8253,82,34.679097769572465,0.8318698254977875,22.88965184887106,99.32897083690358,34.614281790374925,0.8258987623162641,22.45967938244096,244.780301379844
388,Ridge,25797,8253,82,68.0154698036087,0.8591470143143181,44.29973895983716,74.19434766195565,84.28416895178805,0.8256256426503037,52.24485776943531,314.36015485548177
244,Ridge,25797,8253,82,43.89633583193468,0.8190580576516343,26.960949465444664,405.2835776559514,41.544643405322056,0.8251456724578266,26.597791059093733,167.93291263556975
268,Ridge,25797,8253,82,33.36417428405327,0.8373344726355783,20.99671750262992,117.46956800125184,39.54018736084037,0.8249346131084636,25.97979474274404,98.3802022888094
250,Ridge,25797,8253,82,39.67268937999179,0.811642552637002,24.54719397216481,394.1730052654062,34.97536736784092,0.8247069410562506,23.148974174495944,183.87787329376303
427,Ridge,25797,8253,82,38.15235190752883,0.852940279950498,26.1388215264753,49.698311471191694,51.32520715001776,0.8244100886956602,34.43805734648192,188.18606911790212
377,Ridge,25797,8253,82,63.09751195372282,0.852711215830015,41.67954320871107,54.58469182516376,76.49639115260206,0.8237657943223239,50.06383727051211,96.689722943082
190,Ridge,25797,8253,82,51.566216546943,0.820129258307239,30.34286303266189,219.64858478839665,49.461670680396175,0.823659321976238,30.621219193710584,103.55468286541426
136,Ridge,25797,8253,82,34.165798359074266,0.8128107070816825,22.240023774090684,88.3815594305461,33.2972117762321,0.8234119086021368,22.9044713622518,71.68864069144334
269,Ridge,25797,8253,82,60.748874706415904,0.852405920961662,38.37283359498333,111.92827466507718,76.63181044193041,0.8230544607522073,50.48379201843197,116.65050621642462
441,Ridge,25797,8253,82,62.838744730503,0.8369633732540809,40.3177102349359,110.5809692364248,71.78854188640695,0.8229688548720324,47.09732139366856,81.12915440832023
75,Ridge,25797,8253,82,49.881396453681646,0.8306152509461744,30.210974773270024,216.06063432402263,54.156432586008975,0.8228160883087267,34.83288490629046,152.25726101953722
345,Ridge,25797,8253,87,227.19219029372172,0.8396264966862843,137.3566137517149,74.9318607406059,257.8012687690484,0.8217716064528618,155.54036898611062,914.809178356033
367,Ridge,25797,8253,82,35.425764476240595,0.8468701792260004,21.988465779271426,79.9785744947329,46.13764618086707,0.8214888888199453,29.86125551371773,103.57212045049916
359,Ridge,25797,8253,77,178.24064526875264,0.8261209039791173,108.48706899632694,275.33462804934845,195.26071479643088,0.8214054100280154,121.78381084344436,127.55158683287358
368,Ridge,25797,8253,82,53.276445006575685,0.8531678892539972,34.28819938258351,78.19181172661077,66.96072293634975,0.8213085057371439,43.62939654335364,97.44096485569332
419,Ridge,25797,8253,82,30.491644485720368,0.8077718928286124,19.116487758611004,93.22605772951869,29.97334698090707,0.8204431465526412,19.460974936207112,86.8207698392489
428,Ridge,25797,8253,82,44.16725455526476,0.8506367048965693,30.019858080875984,70.89356560679677,58.5613856039925,0.8204256671314285,41.39705425498016,237.22673261347023
456,Ridge,25797,8253,82,182.0986042578688,0.824589951479656,111.78349344189732,409.8901890520482,184.21206852872288,0.8199188356496243,117.9772460517821,315.54637145717066
369,Ridge,25797,8253,82,50.33269192514584,0.85031696144626,33.51894593419333,67.13192925718619,65.68508046837351,0.8199115878212553,42.21277855388282,82.03184719535145
314,Ridge,25797,8253,82,184.8857217427521,0.8548790984603869,120.84751638395572,164.78268032246663,223.031598195156,0.8197234562709923,142.75769827713282,143.33384043480348
364,Ridge,25797,8253,82,27.754117925231206,0.8105726607327232,16.80730289847942,147.2406080598433,26.43514076470881,0.8194178023349815,16.96763728110988,147.87251090060215
125,Ridge,25797,8253,82,60.0097951277045,0.833120399877194,41.71350141376799,165.48045550997227,75.05544137523164,0.8190107868791018,53.04060647088712,292.35659633274554
155,Ridge,25797,8253,82,71.22949440037276,0.8268689269668855,45.28923584383613,129.28478934358725,81.43469999754355,0.818614601159078,53.73057089884092,129.31776629214085
458,Ridge,25797,8253,82,114.72181033618268,0.8449131337851036,73.46852171704626,224.9839157527813,152.67083450573838,0.8180600194686303,99.84228007139176,301.1911316447874
262,Ridge,25797,8253,82,87.12889184023469,0.8333681663749221,51.301611021851166,160.65155276707782,101.2094124682418,0.8179007520955442,59.46199555163603,144.55492774791944
300,Ridge,25797,8253,82,66.26324782290781,0.8382727780067103,42.73767183139831,256.73999431350444,74.72852354516073,0.8171658187599229,50.57826050397848,141.72364953579805
373,Ridge,25797,8253,82,40.10783192949223,0.845165848152976,25.35313247840624,63.34287436173275,48.33068740275469,0.8171246461596147,32.86106597802972,260.3455524151599
48,Ridge,25797,8253,82,31.62254554149124,0.8271698378986859,20.762046494857827,173.118365416245,37.08583018387783,0.8170369687896136,24.28591818547729,216.93240425519997
416,Ridge,25797,8253,77,35.623689717406755,0.8178566366003437,23.24992712073183,71.39251287099377,36.76504979890196,0.8169793548923606,24.814172525159613,89.64801483922055
97,Ridge,25797,8253,87,104.42756077728188,0.8324636681855835,68.78866453235389,132.96678151744345,122.69764201449811,0.815818071204039,81.42530759677453,59.33031143357441
47,Ridge,25797,8253,92,107.77389017304432,0.8298417081400936,64.9720749276283,247.8809295423089,120.21432825953134,0.8156658833491175,74.04011450510242,199.98190225078156
258,Ridge,25797,8253,87,53.051213940143015,0.8317260363598371,33.37468710831493,96.89310724365232,60.64136220851823,0.8156186589478596,38.85628928261439,68.37846330635224
376,Ridge,25797,8253,82,41.96513340476642,0.8450974728095793,28.685677688571992,75.80286731094554,49.78826204350451,0.8155860799134123,34.10650438587301,284.22207128556704
437,Ridge,25797,8253,82,30.20377591006367,0.8128492130616165,18.47429369273704,217.65571743038623,32.56409515971477,0.8154835908080375,20.489511728913524,109.49752146991015
436,Ridge,25797,8253,77,35.23706458411767,0.8026380328782777,21.196705264837465,173.62279422303166,33.01649842153375,0.8152508404235035,20.394026134757315,101.76978754058337
180,Ridge,25797,8253,82,61.08885485120417,0.8233317776499831,39.34203649905925,119.9095143799844,71.10214318999404,0.8143091081648385,46.12957284213597,82.88519385555746
318,Ridge,25797,8253,87,608.0386538958546,0.8249768496547343,407.7723002074608,94.73316048155536,705.6425829975585,0.8141777679849453,479.0895031116372,82.27475582358691
429,Ridge,25797,8253,82,36.08919829330235,0.8352668688178255,24.16807712119755,78.06878728084308,43.555408983665416,0.813109044783824,28.900454682058932,175.75208137995705
99,Ridge,25797,8253,82,35.73650290102242,0.8187173028636898,24.56128472138804,101.97473154779895,42.193613065745886,0.8127287848814542,29.280636254801045,73.02614727524913
270,Ridge,25797,8253,82,78.49281231514523,0.8252348708640075,47.904506610451335,130.11640753429813,93.11329686246974,0.8126265744924477,58.70973215631484,129.9003628291448
39,Ridge,25797,8253,77,63.67237227165771,0.8052743831607709,37.93701738206717,215.7258701084904,66.22006903182402,0.8126212131030537,39.58000457614526,91.671725717665
476,Ridge,25797,8253,82,240.67916408747868,0.8376965007379391,144.35932158204523,167.5716077937181,309.1134910956573,0.8124703534343963,187.6910524970901,231.78835769002893
44,Ridge,25797,8253,92,152.6354575449211,0.820713396914959,91.72652638959556,317.6254266828582,156.28756754373572,0.8123660510880905,95.09267623084789,508.7443413262308
53,Ridge,25797,8253,82,52.40450864447028,0.8327839613399329,30.64252537384725,218.6419818628718,61.54987921639716,0.8115545087929001,36.94735822267061,339.359701641543
70,Ridge,25797,8253,82,29.300730325661423,0.8289537658589794,18.968029465016404,128.26454847021947,33.53281772006254,0.8114800594905665,21.824600164311388,101.11269260523122
37,Ridge,25797,8253,82,66.1404707933005,0.8005350522905308,38.44154792894342,213.5385986443762,69.35421280653514,0.8112890277097976,41.56617992171382,177.1330569953645
127,Ridge,25797,8253,82,117.33518116341664,0.8227260791293801,76.95950167873778,278.4406644794886,145.89732300777388,0.8112287938502429,97.21046588535962,375.5889537760986
425,Ridge,25797,8253,82,25.221806899605664,0.8115680786139524,15.507293222461673,107.7440708057148,26.671271980741476,0.8100803677442961,16.81969372564462,84.43427723085249
299,Ridge,25797,8253,82,59.65572296638759,0.8323413760385134,37.88421712152783,155.96918182102291,68.8524611232539,0.8099604526550758,45.496927296897965,145.38907246280635
387,Ridge,25797,8253,82,56.4391182868648,0.8442805792682772,36.37839442448123,59.91569234796782,70.66969378891665,0.8093003376416426,46.88021647645183,266.87391989276705
365,Ridge,25797,8253,82,58.08795216073191,0.817777284418758,36.13051815820016,112.20719125468987,66.13435518742338,0.8092694177454323,41.52370980466552,127.45849648425282
82,Ridge,25797,8253,82,34.21889838480828,0.7996737377941029,21.471623216094084,176.67047353958017,33.908604557466646,0.8092513834041822,21.565910608632716,132.939303553735
237,Ridge,25797,8253,82,126.29877102817456,0.8181273786069916,79.08737622773732,226.0002070653392,154.02211985976382,0.8092120323413134,98.43511167769265,427.8983486694603
101,Ridge,25797,8253,82,115.84221133598672,0.8107717022748824,74.79343433132648,288.34569476926373,131.97198644509757,0.8084089918192137,85.5953263640392,355.07274736881544
150,Ridge,25797,8253,82,23.46592533445513,0.8168498600231098,15.117322607662809,78.33257701630018,26.31647905203519,0.8083273837037207,16.650413929931634,80.54996092971834
385,Ridge,25797,8253,82,41.731547889091374,0.8489000920006213,27.097058799036304,68.51408970850673,55.63949451322996,0.8079941249921663,35.824415490531734,99.45812903460856
295,Ridge,25797,8253,82,82.13251638543449,0.8270895329888519,50.76588083284695,234.8567024170073,94.84492093039788,0.8072945675972951,57.67321708071926,108.94409747662304
417,Ridge,25797,8253,82,31.97596351697227,0.806884180752923,19.54404296723805,141.34410822840417,30.778216416861824,0.807165960061027,19.4927520637094,127.24227163409824
351,Ridge,25797,8253,82,26.03430440456248,0.812880136278195,16.19339194728083,106.12201233716048,26.68250361832128,0.8069443130471616,16.87150054220255,194.7759891310129
286,Ridge,25797,8253,82,42.576516585607926,0.8184783852175821,30.156035189873485,120.36997292551632,48.863882337809336,0.8067409710923205,34.39979643654743,193.57009082055893
4,Ridge,25797,8253,82,136.99407948662687,0.8076240173357649,85.72316041597469,123.66200876959172,153.49863423300835,0.8061240210179554,95.40465614590217,107.26972317723234
123,Ridge,25797,8253,82,58.55137587220972,0.8240997427168123,41.31128117606735,141.9772913202488,63.17007819446589,0.805352153205522,46.94943345074161,232.4465645602404
3,Ridge,25797,8253,82,149.7154864256371,0.8119624662822903,89.79691080055477,135.11601835496566,173.16225909590574,0.8050766062706334,103.96609476465206,112.1553103207742
283,Ridge,25797,8253,82,104.8405823129044,0.8150162636297179,64.18654091245517,643.7053769363707,122.84417412052495,0.8050272498085473,79.479577914728,692.2387017158792
248,Ridge,25797,8253,82,33.54676376355096,0.8166067389688897,21.1026021871036,431.8113387093566,34.36767117729977,0.8038610202742582,22.98992680653359,232.10753144844887
334,Ridge,25797,8253,82,68.06511251829039,0.8159828609106107,43.15582580927462,474.4714783074297,75.19689305879994,0.8038430625736863,49.44659899108649,238.95568066457463
433,Ridge,25797,8253,82,44.97461568387661,0.8238117755040442,30.37943859337756,111.026928933974,54.660667301002064,0.8030933404109463,38.29723442708868,196.2987319602477
252,Ridge,25797,8253,82,30.377048000041707,0.7848300507781942,18.555023088971552,303.76316951341994,28.85278864008452,0.8028178586581579,18.925813570585607,196.9442705863139
361,Ridge,25797,8253,82,51.39380834294893,0.7998216848732231,29.18967722833649,142.51619089941576,51.405961218231525,0.8020755570448403,30.97052324411791,237.9076803613739
182,Ridge,25797,8253,82,46.36284228294527,0.8242445705010282,29.019507312232687,73.17885137856548,55.92776313757584,0.8010816911388108,35.3847922757394,62.63812600745303
109,Ridge,25797,8253,82,72.5433233104384,0.8161267617218088,43.52996769866522,229.77585536929968,82.18075855206912,0.8009331989247896,50.35208206401643,248.35819577488223
445,Ridge,25797,8253,82,35.84723935532448,0.8160369246846302,21.50426066698424,310.97640256758814,40.51296270321496,0.8006642594179264,24.85042193479349,434.169104252248
349,Ridge,25797,8253,82,21.30895068208981,0.8128938665969467,14.188531037412968,78.42362822326234,25.21787618603183,0.7997072114747937,17.52850602665177,104.3887330148871
95,Ridge,25797,8253,82,62.6313130162497,0.8216454880440713,40.00675376797296,124.05632092346193,77.30611937772382,0.7995891165114355,49.725331083393286,110.11131407315908
260,Ridge,25797,8253,82,37.65182771696063,0.8043701834320535,22.7400910051564,123.49748240474594,41.855834486819056,0.7995799903941458,25.45471185606012,101.06684310184436
146,Ridge,25797,8253,82,100.134245884124,0.8101029340903224,59.85372133152004,443.3988433350629,121.01638381436868,0.7990845166531202,73.33917044235751,730.3813283588192
1,Ridge,25797,8253,77,168.0641678882716,0.807187023314676,97.82542632647882,137.055452880377,187.36191058624956,0.798745702648593,110.79060993337592,98.27278292866085
2,Ridge,25797,8253,82,120.71363043768586,0.8129089442638529,70.87538873736419,142.48210128369573,139.80105611372102,0.7984815341748712,82.87839536770701,117.10862097503056
358,Ridge,25797,8253,82,74.10692744054552,0.8195183362389158,44.6519783932058,130.70592522879923,86.65911615668455,0.7979583390235295,53.07410796659755,110.0369498596053
134,Ridge,25797,8253,82,26.68248146256373,0.7851881962753936,16.621093779881672,99.7965571602241,28.55104418160178,0.7979218335904441,19.837311704475063,103.90510737122626
346,Ridge,25797,8253,82,60.91685368679448,0.8200041006641867,37.50478048922961,112.41790569898802,70.41080918980228,0.7978201602368207,44.332025392764585,385.96686079721286
348,Ridge,25797,8253,82,41.42415977210105,0.8208919485408525,25.580148048985528,115.59557172780062,49.80463805185028,0.7976256742594272,30.96690086897024,244.78444393385024
443,Ridge,25797,8253,82,32.79179776387266,0.807262757490611,20.66234383182608,211.32054032926837,33.778067626255215,0.7975183624644908,21.308472300915927,281.4608413648211
446,Ridge,25797,8253,82,35.298405808860046,0.811942738787534,20.66359722445659,327.4638882717188,40.74904187443552,0.7974362707244953,23.45256790157244,437.7969948366934
240,Ridge,25797,8253,82,128.76124775613255,0.810337129706374,79.43099093705717,247.82308375699768,150.63719352133018,0.795690584049997,92.8679559524804,232.31288346938243
215,Ridge,25797,8253,82,72.25979453777849,0.824463102829932,44.53690099703411,389.53240530548976,98.32297705277828,0.7954199068558878,63.719767786907866,85.92601528635497
352,Ridge,25797,8253,77,50.6191919024478,0.8113811851215363,31.62845773096274,104.43102768372768,57.64935133269936,0.7950341115153142,36.18777878885678,312.77622301684784
110,Ridge,25797,8253,82,56.37680888335587,0.8005153858884408,34.493559338896326,369.9942113163996,61.915074631085,0.7945941208392984,38.52180395791866,367.9233743024254
81,Ridge,25797,8253,82,25.22297459321794,0.7947267186335842,16.315824163733655,283.82365917085536,27.287521219188893,0.7942249867172799,18.42542109644771,234.04682321691564
96,Ridge,25797,8253,82,54.08035321964528,0.8055994924270092,35.25053742320484,98.111239737099,65.91041497762957,0.7940622939238343,44.28190282209352,85.79424286001014
362,Ridge,25797,8253,82,26.783760812239937,0.8026615582230094,16.14209031431732,113.58496743955124,28.58466424996378,0.7933622221658576,17.76847283997994,127.5991797129206
93,Ridge,25797,8253,82,26.84643311688377,0.7924392006024261,17.667086771304916,91.38728064132854,30.82129702544672,0.7933316258873604,20.26594248094308,68.30226074033835
444,Ridge,25797,8253,82,55.5067813512711,0.8124236323341127,33.234957036085106,181.57020751034963,51.56847366693799,0.7932983196337978,31.682554973330628,392.73362156592896
56,Ridge,25797,8253,82,29.72135296845689,0.8174528302858327,19.927307352624148,221.40417458907552,31.83377924238376,0.7932359703956893,21.14257269529567,325.95168655323295
80,Ridge,25797,8253,82,22.85176007611076,0.7973982268759487,15.402646600464063,180.34784118151703,25.42106662676623,0.7926536012374652,17.371635789419688,158.81646163375493
370,Ridge,25797,8253,82,19.851030690991703,0.8073404861872715,12.576600291210552,75.38891971983466,20.440822568367327,0.7921736926016952,13.41518750113567,83.5984413020889
378,Ridge,25797,8253,77,60.4737923458715,0.8150500302535542,40.17017541135522,85.70081387083168,70.8176574534298,0.7920814877009669,47.08153882349576,305.41013309968866
464,Ridge,25797,8253,82,172.02281465436363,0.827714845524638,107.1976253680164,694.6594724546253,239.2168474524456,0.7920705674982768,146.60748412866045,944.908324272843
353,Ridge,25797,8253,82,37.81360740064602,0.8096033839123107,23.993805233926626,191.31622670932327,42.32363475763073,0.7917720049331463,26.983117247376267,148.51894349750384
135,Ridge,25797,8253,82,27.63347439556229,0.7914831253428191,18.062192522789008,134.05735964960965,28.27816760394993,0.7916664771555916,19.90223569176114,139.92947612860073
289,Ridge,25797,8253,82,90.51662195575597,0.8094735961930759,56.43282570701352,104.06356761540006,108.7214971357526,0.7914853313895868,70.98530984720415,115.5897496001481
120,Ridge,25797,8253,82,334.7922396154497,0.799925799317528,219.92474644375076,793.771582392559,402.8382044384133,0.790978181181832,270.13266028269004,117.23400234190753
176,Ridge,25797,8253,82,49.33328629215066,0.8038206948663409,32.39946256344743,80.47446960391757,53.62242099004413,0.7905306406893693,35.32743095986232,67.36070392267433
420,Ridge,25797,8253,82,27.59595730854842,0.798605446351341,17.262539265268938,99.86677562004132,30.604659849294997,0.7898418383168841,19.044852394219184,97.65868576557492
337,Ridge,25797,8253,87,75.40901830315224,0.8669947345574476,49.35960260845288,79.64712137474457,102.7602140430904,0.7894021150363675,61.0882862119586,106.86179012956862
30,Ridge,25797,8253,82,66.81615915400667,0.7982806042670298,41.78836689481157,151.51661664399307,77.53033701896827,0.7886904684140084,47.7138494317272,147.08148382086748
344,Ridge,25797,8253,82,44.259359776618815,0.7966012310066573,28.241237166854937,71.90356113756452,47.370931897927385,0.7878746954446507,30.738704164557927,133.56925566110607
141,Ridge,25797,8253,82,16.904789275191785,0.7887470446805915,11.07877432618962,114.3931565424392,20.44092088887114,0.7874596217563352,13.372338537415796,141.78278130897638
144,Ridge,25797,8253,82,62.69894526598428,0.8098581746694253,39.56117282216785,164.24703694386176,75.86285786296884,0.7866376824522949,48.95772184634976,339.1983219786176
249,Ridge,25797,8253,82,32.51689415862828,0.8011992598168151,19.78564792448607,276.6717416294992,36.08439455896718,0.7866020396520197,23.540506322272925,194.36395152602535
88,Ridge,25797,8253,82,24.20179956837848,0.8092628481608162,15.152572763724546,98.9511208816255,30.0205916558344,0.7863532239878115,19.28444514985014,89.0255758522833
360,Ridge,25797,8253,77,64.9091662882596,0.798697796785706,38.73266213631545,104.27175429999365,69.61915086392217,0.785345331843379,42.868493995403504,276.1879005330757
357,Ridge,25797,8253,82,53.12040179248248,0.7948187658036724,31.20217073328584,147.31538066685795,58.99692206397973,0.7852186913892026,35.81355565159409,123.57568636362387
291,Ridge,25797,8253,82,54.04143523916419,0.8264391086248569,35.34283160812135,279.97025318514824,72.66382082597387,0.7841884536223088,45.12813450168074,278.10045657608873
343,Ridge,25797,8253,82,32.989341980313085,0.8060747518292053,21.361761642533025,69.63724423374572,36.3100256810949,0.783967834407189,24.075127926634032,211.9454891581782
626,Ridge,25797,8253,107,142.62043567072774,0.8209111861146032,89.33630157281338,81.38060272675854,179.6324144385106,0.7837709586848579,114.4613306814641,82.83863048622638
130,Ridge,25797,8253,82,44.40397028488492,0.7979701190755316,29.20205358524013,169.50130385723267,53.135276857480434,0.7823361539010012,36.55623662397029,129.76955512240224
145,Ridge,25797,8253,82,52.42036004801404,0.7911148911294446,31.14308303702189,311.23721590996,57.27488040384225,0.7817985310275486,35.16686716696117,366.8097633150021
94,Ridge,25797,8253,82,53.26427656540995,0.8200310750434749,34.027790711724734,122.26166996728548,74.04049306416177,0.7814551851957212,48.82548188207968,123.88950873827169
89,Ridge,25797,8253,82,23.71090107638864,0.7921343583465493,14.67208182648411,105.63612423644744,27.25195794772153,0.781206386985518,17.7593611684422,94.38156328430676
46,Ridge,25797,8253,82,69.99767029848944,0.7938665199711881,41.91878518517776,165.2867161450315,81.25279126865247,0.7810114840178178,49.42226100964052,303.57847324326764
290,Ridge,25797,8253,82,60.02711545670654,0.8094880294873205,38.139223688955,201.9223891283035,70.82778982634692,0.7805360014457163,44.18592754124683,166.58668258395585
143,Ridge,25797,8253,77,87.88074489807133,0.7980698749861362,52.29149978701221,272.62245953654383,104.27476257212696,0.7795564806603238,61.58708466002049,624.0125727655544
113,Ridge,25797,8253,82,45.23124361551002,0.7841970557331701,28.03857598363829,230.85708491478027,53.15583251294907,0.7792399155970258,33.33253627551147,206.371437314018
108,Ridge,25797,8253,77,45.32761586114236,0.8069313971325606,29.09669796378907,206.05059061927935,51.61304176696516,0.7788231911156485,34.37815938345248,209.2834545568768
84,Ridge,25797,8253,82,47.56761609403482,0.7906376150508614,28.88150846831912,293.10449579372283,38.15443746070925,0.7784011051071922,22.698029531453688,205.3068863690195
294,Ridge,25797,8253,82,51.6794101829479,0.7856760211624685,30.882731420242813,187.2114330160552,56.74846631846604,0.7782856994294886,35.65495144153758,107.92307632631872
442,Ridge,25797,8253,77,50.95312710708168,0.7975139893585321,30.094378142659775,234.79669491876933,53.159054318542175,0.7771334595920697,32.188448595972055,316.54081902962014
181,Ridge,25797,8253,92,119.3183601798811,0.833579091606644,75.05032099439086,70.18602222706564,178.14908773821296,0.7746391427556285,112.46608838018672,75.14296168113673
246,Ridge,25797,8253,82,19.0958107106758,0.8166211132437742,13.033515448774796,241.06224688249475,18.46024088727514,0.772696823674901,13.755417100989076,182.33992892643025
131,Ridge,25797,8253,82,25.690190743097777,0.7804995822555243,16.89267509826674,147.74925837574776,27.958376392137705,0.7722900924207294,18.99877023872144,107.82259591620556
251,Ridge,25797,8253,82,23.575643707966883,0.7782265060398444,14.7419997206199,338.6728444839638,25.202002992238118,0.7699037228862322,17.33849607233935,151.43304718343725
347,Ridge,25797,8253,82,49.65761288387142,0.8188669615640083,30.456216852144188,120.95545197734609,68.49933425195958,0.7698929206420843,40.329934688119856,331.17137477066086
457,Ridge,25797,8253,82,66.28816832324952,0.8233819792361935,40.06049484807789,143.1035022430766,76.87402866812899,0.7689349578717724,46.67568136987632,128.48972226098155
186,Ridge,25797,8253,82,27.045891768772503,0.8204339814234289,16.666896950840755,72.92693859019458,39.33042144050751,0.7688094631562097,24.191590199354657,82.4937670810387
114,Ridge,25797,8253,82,46.81500073219351,0.776345392096528,29.348239873333,193.62694572686289,53.04269775613136,0.768806344865937,33.40626570056186,210.23559549078615
100,Ridge,25797,8253,82,28.455675992438103,0.7686959088213186,18.76442274392667,95.7458290008481,30.247950569777224,0.7680754106715113,20.053430904878542,73.89501150811478
253,Ridge,25797,8253,82,17.981841285361035,0.7999403391584112,11.989223414456374,296.6616439102615,18.18322804831337,0.7674670948609834,12.68585543473871,168.09847866182852
293,Ridge,25797,8253,77,81.2210938136039,0.7905865924482858,50.62732564701843,318.4190504384633,81.68405974145645,0.7666112567042779,51.54417268102311,408.6314690330517
336,Ridge,25797,8253,82,52.08113142079807,0.9197566893839206,35.95723474190666,167.59693713836944,65.44260905333589,0.7664226744805391,49.26251646294312,202.9019402405264
111,Ridge,25797,8253,82,35.97631925140394,0.764783570409154,22.48815060467876,244.76572757229147,40.99758025602859,0.7659949420428647,25.57308095078641,239.518611634202
247,Ridge,25797,8253,82,14.886462787543003,0.7976937705704777,9.778541593936437,219.12487615944104,14.59778711609416,0.7629827639120346,10.30587657536535,137.18696033824332
90,Ridge,25797,8253,82,25.252877253171967,0.8253714324582888,16.098920740527394,93.7458712879251,40.403344014543286,0.7603570300159372,25.45744754433844,143.51512788683212
449,Ridge,25797,8253,82,124.27755835427702,0.8133490940641122,78.22131487715214,92.71754226144544,203.2112496856019,0.759065009354142,126.87071871700492,116.503642120148
209,Ridge,25797,8253,77,34.790938438018486,0.8348162047473512,24.017348525430123,82.67098941643707,50.78214093213278,0.7587607438935582,32.77258411594841,1008.3056089577146
340,Ridge,25797,8253,82,83.95941628742395,0.7808753821801593,51.14064970491427,197.3467308416877,98.9872859359676,0.7574384445922748,58.28947775340639,251.6601328426433
42,Ridge,25797,8253,92,110.16456756472115,0.7672374260939545,65.67642359573316,91.58446976189695,126.52697674849318,0.7571862725823367,77.51188835342252,91.28068850659302
28,Ridge,25797,8253,82,75.90677129256865,0.7930176721626105,50.35180761243286,159.13470395700557,102.02359683943004,0.7539560056251857,65.61209505579777,174.12535388629072
455,Ridge,25797,8253,82,58.61941174983887,0.8272628162149827,36.29938380463432,131.0012473805891,66.21874222383128,0.7528578763297625,44.70631567939644,120.69043136896258
41,Ridge,25797,8253,82,117.68219761780556,0.7757558206651063,71.57443424821847,621.3058390638143,137.10893730332785,0.7527539801070559,83.51504741735656,443.4762403980212
87,Ridge,25797,8253,82,34.50492378203444,0.8306280377581908,21.653502129327368,75.87029020416351,51.3091860418307,0.7524631177241352,33.84113660036181,86.89753232765112
261,Ridge,25797,8253,87,279.10853936621737,0.7823505859758804,155.52827586878075,97.17803389752096,336.71960296326404,0.7517129034868002,184.87245854552256,87.45450497578913
177,Ridge,25797,8253,82,84.96015516797752,0.7870313036023191,52.268791439115965,222.8516191966238,111.39995057043276,0.7509341846331146,68.4161715181267,239.5983867543229
374,Ridge,25797,8253,82,17.200695700719265,0.8137149132365229,10.92901688390624,135.24424120904325,25.69801674964772,0.7507176184627737,17.942815781316394,159.505674324033
380,Ridge,25797,8253,82,53.3851694022012,0.7884630801703427,36.39287190448055,91.62896915880876,61.04911366436807,0.749697295208694,41.09142128650826,218.8864534003143
284,Ridge,25797,8253,82,101.1777956511815,0.77876781927979,66.24374347273707,440.7398251471485,129.50044143806724,0.7491939798727455,83.98428363193467,699.4033788861583
629,Ridge,25797,8253,92,149.40932140092195,0.7759858739004475,101.77498910424372,55.55791048198183,196.76686244749592,0.7478696966405723,135.0939511468114,60.25186344718028
292,Ridge,25797,8253,82,72.13836559730396,0.7862215413855193,46.71060163569216,201.4505514919747,85.54677566435372,0.7472684600478472,55.907538137544535,241.59427241211785
242,Ridge,25797,8253,82,86.90739310911444,0.7548531101693693,48.76437347997387,277.3912369610564,97.1011787078132,0.7454749242847898,55.76546686382527,284.51246011562563
43,Ridge,25797,8253,82,68.17896803622472,0.7838458776567293,41.87726599669968,136.78036148073235,92.9323116074742,0.7440075818925309,56.21317194651908,166.41561461903115
341,Ridge,25797,8253,82,58.26504472295687,0.7686009976557013,37.02649917650563,152.58622793768313,68.59314584062697,0.7438248990931533,42.77339402719113,192.0064649905584
122,Ridge,25797,8253,82,105.21146601444477,0.7754626130590229,67.61081349831126,244.7918976521446,134.56564356106065,0.7421541490251469,88.21685536559946,461.7459481869373
241,Ridge,25797,8253,82,79.01843331313503,0.7503462977040465,45.61474422147803,194.5081238668201,88.56679999331621,0.7374464417275961,50.22241509376239,194.09508162092035
124,Ridge,25797,8253,82,70.1599849421863,0.7662040529896184,47.33338268853869,131.16839572245098,85.50580542164703,0.7354025795914423,58.96870699241264,238.44076184677743
197,Ridge,25797,8253,82,11.30788552967623,0.7594250688740992,7.379156118430039,115.11632639599792,12.631210999473886,0.7275290712572549,8.907845748793322,108.53351392896369
83,Ridge,25797,8253,82,39.83062075459498,0.7786142479551329,24.43528157835396,312.5597258938814,63.54609701204727,0.725608278214839,42.473328894323295,429.8743293280429
85,Ridge,25797,8253,82,33.46342382374422,0.7781386928378977,20.91142634645492,246.41886719868825,56.26702824547059,0.7253301761782085,37.53955283513564,239.69040697122344
129,Ridge,25797,8253,82,85.47452450952656,0.7665006101996324,54.95856118122143,265.93625211447403,125.97751103056684,0.7133360498920507,85.55646728992386,244.8307044913968
126,Ridge,25797,8253,82,82.53737156837778,0.6995496331442133,58.90706869872298,246.2681150962445,99.70698025925805,0.7054660140169904,72.75548400495656,368.0474693251277
339,Ridge,25797,8253,82,58.299425378028,0.7218003497115657,35.54407229466794,179.3149899937626,69.72184338296884,0.7035575809593648,43.091309706822265,249.4688444230958
617,Ridge,25797,8253,117,467.90657950483705,0.7445218914425553,256.28179958339774,63.67853103564174,583.1691451371287,0.6931134290594654,318.62233709166225,68.43605487596443
133,Ridge,25797,8253,82,21.269734958976866,0.7599460008195267,13.437855687572732,146.4318005501886,37.41690238622865,0.6919294783849568,24.66570715317321,206.57922213553408
57,Ridge,25797,8253,87,37.264638759396455,0.7439855544753912,21.81685511593672,159.8447463856539,48.201475882180205,0.6834588715328728,24.867760305037613,170.14194230980323
45,Ridge,25797,8253,82,55.69610953005249,0.6811410634200468,30.67968884619179,177.84700386701803,66.17740442644977,0.6699972750848658,37.56546606407584,186.4904477883304
137,Ridge,25797,8253,82,30.905735452092294,0.7999579131622582,19.135706633252312,134.76341454771185,39.57568273831581,0.6645894770379532,28.64092091809258,108.16945897208984
297,Ridge,25797,8253,82,37.80895287579239,0.596858816922264,16.869195866082954,107.2257600691642,39.36611165183021,0.6179764209011336,19.69018729965017,102.44213631354562
198,Ridge,25797,8253,82,23.98263466031892,0.7963336819026664,17.773430106498658,69.92095896613077,87.77907602742393,0.6131056110866497,51.56123192826647,61.47566035946112
58,Ridge,25797,8253,87,178.97818662078652,0.6858125431538854,91.50062713620196,44.59279673264662,229.80899792432012,0.6030033731057323,107.94093555544389,42.67134256628989
196,Ridge,25797,8253,82,9.645289781635284,0.7095660020489383,6.744272308088602,79.58670997893023,9.126908934857765,0.5974833117858319,6.499445771849511,56.93608481385943
86,Ridge,25797,8253,82,19.30759686158986,0.7687840811655114,12.130597141917852,223.66603535197493,16.905425454862286,0.588050514318178,10.440147989235882,136.0776859125036
138,Ridge,25797,8253,77,36.8249574825546,0.7836520395406836,22.41764559217214,120.50193125750654,219.70490829084395,0.5543006474893659,115.9045592712306,272.9015940406029
203,Ridge,25797,8253,77,10.904526000993716,0.5766783279800728,6.424181469390016,62.83116868577687,13.241890609566502,0.5124975759758812,8.122835766539032,89.7312744169222
206,Ridge,25797,8253,82,8.35022052928474,0.7563514945627943,5.626609906072743,77.33138889746783,10.498795565734934,0.48394867003384,6.967174657562371,239.7337404240495
204,Ridge,25797,8253,82,27.44370104587575,0.7177707643048424,17.65826262261779,111.29785757120467,36.91067728267994,0.4778351272829499,24.288663384976605,1187.4506142854627
200,Ridge,25797,8253,82,20.936946562840983,0.5204954700987012,10.912547077590826,137.6425362602541,26.025702741090917,0.4174821720955354,13.851217060108668,300.0259801582825
208,Ridge,25797,8253,82,17.478421835172558,0.8021473035313296,11.526004111265564,91.5457199345619,23.177750737853685,0.4135501288368293,15.34527984909602,283.2519945404312
205,Ridge,25797,8253,82,17.73860046493945,0.7901694938466011,11.629539704543678,70.42126574288946,25.061987859946434,0.3966719430479307,16.10805553331006,724.0572428161415
201,Ridge,25797,8253,82,10.368994015478128,0.4905807219768687,5.669883109163059,110.4251364122098,13.542116741646929,0.3862344114580665,6.897944273229737,203.03705238613296
207,Ridge,25797,8253,82,10.121717619221668,0.7566708749438809,6.65582419570308,108.81790053014852,13.51552536230733,0.3160210952034935,8.83742022627142,499.620064531698
202,Ridge,25797,8253,82,12.978973742547572,0.3190940197097464,5.520501100109443,161.16044496922697,15.15849037596952,0.2964653817535024,6.033276890000848,149.87685885846068
448,Ridge,25797,8253,82,536.3839361414426,0.2971477639734333,200.24759567617548,340.1694266058479,778.6029731744825,0.2733648636392639,266.9870916676697,277.2258948243601
199,Ridge,25797,8253,87,4.4580062878252,0.6976048569127093,3.076066280881234,103.98893266898368,5.957658694938324,0.2723589617052722,4.1311313656035065,145.2914697460417
604,Ridge,25797,8253,92,837.7610898733334,0.2397622616373851,323.2974374700484,99.274507538965,957.949444441267,0.2401033530225718,364.7915800270033,84.3281088195293
1,Lasso,25797,8253,77,167.96030495963046,0.8074252648466123,97.67832192622984,137.4402673677001,187.17279710367603,0.7991517691012889,110.56431441630428,98.33850188587144
2,Lasso,25797,8253,82,120.95812258305028,0.8121503121787295,71.09077000200168,144.2211478005224,140.132597036928,0.7975245908929205,83.25520848953687,118.85474989539053
3,Lasso,25797,8253,82,149.88950287729685,0.8115250948174654,90.06066826233022,136.58342152995598,173.21816907239858,0.8049507136910726,104.04968723759274,112.83766658634468
4,Lasso,25797,8253,82,137.10587308161797,0.8073099135746489,85.73618270383079,123.23912661960216,153.64929799834522,0.8057432434239518,95.45697475885402,106.9333442281872
5,Lasso,25797,8253,82,61.86553437048528,0.8293610248155642,41.04408842975353,95.57374307125498,65.95088759389736,0.8403577696466624,43.32716309405116,71.51916496791242
6,Lasso,25797,8253,82,32.735972544754354,0.8475826369624695,22.94260718320676,107.21567177337398,42.709188040336336,0.8276267710554563,30.346207102172773,117.19619953605672
8,Lasso,25797,8253,82,133.99235885874407,0.916827308736966,82.72718676375342,424.6004634302684,159.8688228381678,0.904417747699116,99.46571373862804,552.1727631130885
9,Lasso,25797,8253,92,187.48091241414585,0.942865898792888,130.8015482573121,86.87406468103528,215.69485771611076,0.9408947946729712,146.84231148914762,173.98044503642197
10,Lasso,25797,8253,82,176.23201576971266,0.9083467726336196,120.19287105511668,126.9587007186753,217.5596108977957,0.9098732524040408,150.68556802815144,195.8147553439761
13,Lasso,25797,8253,82,72.55001555440096,0.9209932633040104,52.24356159910239,98.96316565403644,94.58252013424816,0.9087866441227196,68.12141449109627,152.6710782002588
14,Lasso,25797,8253,82,119.12877681381678,0.9334789637594704,84.83677265768122,107.66910901512908,160.70220453446296,0.9147196625091852,111.96313726948635,144.7652116352294
16,Lasso,25797,8253,82,113.11410804279669,0.8991833892899909,78.42891140897186,80.1630645062253,142.07204033889315,0.8853232725591438,97.80676917559803,123.41122013744696
17,Lasso,25797,8253,82,97.4143439194465,0.9296240487705504,63.03961448452426,90.0586268157381,147.16429658831055,0.9009672226114588,91.11684080614155,134.56223649510022
20,Lasso,25797,8253,82,48.77757386210505,0.9015562923756196,32.912012896833815,349.4559438028162,53.78175949303064,0.8942030306420122,36.33187367697369,321.16419705271306
22,Lasso,25797,8253,82,44.30584423532892,0.8888394523877777,30.79453671191583,278.1494135961124,53.2411206373532,0.8745698959739754,36.0648470473777,237.827656365756
26,Lasso,25797,8253,92,153.38192727151696,0.8859020153166405,106.5154490813716,76.42370832693194,204.39643142184187,0.856342189054625,138.31594860970625,89.20571499158022
28,Lasso,25797,8253,82,76.29202703396244,0.7909113122927126,50.85943820629393,162.2462321944632,102.26303803896096,0.7527997593625184,65.96815863641716,174.3471725009122
30,Lasso,25797,8253,82,67.34180212370401,0.7950942654490911,42.60080027104363,157.7758424185575,77.94254658120222,0.7864375344648259,48.32168255919857,149.69569990356428
31,Lasso,25797,8253,82,34.695153878542584,0.8281038492478408,22.90339806293322,96.95556388591018,38.003535785534574,0.8274145665438333,25.24156622229625,76.26247289326929
32,Lasso,25797,8253,97,108.63514320655943,0.8981012660302685,73.54398514460246,54.68202555038122,123.9834887692026,0.9002284889839615,85.59929803197771,45.3978565710492
33,Lasso,25797,8253,82,77.65590226204205,0.8278400856837521,48.13207196202961,88.54917668605331,83.41948896070878,0.8367586635142212,52.61771856626979,70.6801650653973
34,Lasso,25797,8253,82,83.68746933966091,0.8271113086680528,51.64414113399587,93.33530790214122,88.31875658199752,0.8393378453849133,56.39180622128648,73.02699875630275
35,Lasso,25797,8253,92,113.26090819671398,0.8558888779059887,69.01338924342843,69.35750325307164,129.35798147423793,0.8562462916333327,80.37726390437419,55.557857342813264
36,Lasso,25797,8253,82,85.90641414429648,0.8121570148357263,52.75908268360625,288.3944215150228,84.40926432307542,0.8339691381228255,52.76690325299002,113.15247512429492
37,Lasso,25797,8253,82,66.67575892516527,0.7972933674817813,39.06657356637184,216.40972465747868,70.07134229974557,0.8073662705380192,42.372050170135104,182.5460393550237
38,Lasso,25797,8253,82,113.91396502885138,0.8315911453380254,72.80422627568555,357.2916441025315,118.94080814875274,0.8369814975286869,77.62318937374792,93.82098163161736
39,Lasso,25797,8253,77,64.35831979501039,0.8010561943829363,38.69181053020928,216.7903098828068,67.07239001648445,0.8077666525124595,40.55405227094719,94.92136801764796
41,Lasso,25797,8253,82,117.9016403852194,0.7749187417485172,71.82218999237263,619.4869150439146,137.39583056157815,0.7517181989296955,83.81593218923064,441.6925826768352
42,Lasso,25797,8253,92,110.55331849899676,0.7655917731284281,66.0292010116486,93.15274699274396,126.78062211206834,0.7562117719616713,77.70703215335635,92.06703287410014
43,Lasso,25797,8253,82,68.96277719184766,0.7788473433209826,42.78293126174596,142.5836412959703,93.56387800108936,0.7405163186309519,57.04591978167985,167.34193159878842
44,Lasso,25797,8253,92,153.03877491886095,0.8197646666954982,92.1495042460354,317.9234981648557,156.61233602921632,0.8115854271510694,95.36831069726956,506.3870242641297
45,Lasso,25797,8253,82,56.66301255271176,0.6699739705372655,31.730299305429604,181.01470897823947,67.03909123248144,0.6613474860516297,38.37785043234438,184.0905496636275
46,Lasso,25797,8253,82,70.70791204699846,0.7896621697215187,42.641207814014514,167.84531320365886,81.78874722776429,0.7781129918511929,49.73749524171544,296.5232659276618
47,Lasso,25797,8253,92,108.25583606673312,0.8283164695029201,65.4394606585022,246.622725231146,120.47888396599672,0.8148536623178138,74.18526968072156,197.93208928354764
48,Lasso,25797,8253,82,32.23511155291803,0.8204091364127337,21.2385485145676,173.51763734018536,37.67144624862003,0.8112130704068594,24.70514103058688,215.1604418500392
49,Lasso,25797,8253,82,48.16552161391744,0.8481587472379079,31.322964759323156,210.8298434948441,55.037465188385326,0.8374161463120623,35.48851737178704,249.5910338426444
50,Lasso,25797,8253,82,50.59523264714929,0.8525534546605247,33.40704688505467,213.3554140368616,61.93700192567941,0.8327283144672517,40.427319799119104,198.28403039413897
51,Lasso,25797,8253,92,176.97951241779222,0.8617250074753727,109.77982832256988,237.0432284526192,192.69304025363388,0.8568689413133603,121.66435003679447,399.62920720295193
52,Lasso,25797,8253,82,68.1443210406897,0.845655664687568,41.58195496311487,191.4870477887249,73.12525965154293,0.8406240052956733,44.57470712955637,369.58440214728887
53,Lasso,25797,8253,82,53.336944814928266,0.8267804544705106,31.402749250951658,215.19197815335733,62.24569297638951,0.8072697195484095,37.372860316945584,324.10187342166336
54,Lasso,25797,8253,87,132.84609849115785,0.8341115060883931,80.07136589161514,320.5267000728611,142.01922798620564,0.8277062058049408,85.26197184526258,589.6920079902687
55,Lasso,25797,8253,82,97.19998795158008,0.8464038975742351,63.96501126174612,221.3084617133143,105.37735232709738,0.8318906669064317,69.79061119650042,605.1328743577603
56,Lasso,25797,8253,82,30.58707006709989,0.8066635637759326,20.827666990539253,234.60777286721716,32.69739996434235,0.7818651645891768,22.01461411797456,323.8201229604971
57,Lasso,25797,8253,87,37.68019186460842,0.7382438761974849,22.27539811325863,170.2880659629281,48.556714446331526,0.6787759452943312,25.485490103082537,186.75123913033283
58,Lasso,25797,8253,87,179.10858260858453,0.6853545688204723,91.58703179381084,44.691245521822445,230.0654947855103,0.6021166783591085,108.1585314778373,42.78067252911767
59,Lasso,25797,8253,82,55.78899309194895,0.8507303858339367,34.54958702160667,89.35425009942381,58.58341387815197,0.8572763210097956,36.91860438867757,97.70459624735834
60,Lasso,25797,8253,82,36.611481142682656,0.8509237812837189,23.88081230765622,85.9778778363397,42.24112297940834,0.8462073931627911,27.774511804195864,83.69640121257966
61,Lasso,25797,8253,82,27.585490535342643,0.8694177501534199,19.962801629251366,113.46509097209604,29.919584939769248,0.8618723694984243,21.904959119127533,135.03229946088013
62,Lasso,25797,8253,82,17.76985630502397,0.8306475037928571,13.052587522980197,98.56111854307328,18.590394942265167,0.8352302739030729,13.667858718015152,101.87841559497645
64,Lasso,25797,8253,82,57.45838336994392,0.8444173753003897,34.69177916640819,132.86090067109916,58.93928208368053,0.8447957681041797,36.55396984322263,113.21650980158157
65,Lasso,25797,8253,82,68.16622959717523,0.8497833646358497,42.40427001624214,163.03503479153687,73.26054447336351,0.8482564916639528,47.738291344906536,175.609148489079
66,Lasso,25797,8253,82,65.93267695824908,0.8384447150988694,39.98733134670037,127.12862397760978,71.81663437898571,0.8283947038061898,44.711894048193294,153.28021024508632
67,Lasso,25797,8253,82,54.379718673247176,0.8389367943274797,33.77864193056248,139.31028375748585,56.27362576692714,0.8360781330856104,35.86385745103155,152.89825083491007
68,Lasso,25797,8253,82,75.72698752629435,0.8448087476044208,45.849463060809015,129.88667337303542,72.83002722150954,0.8547282130268454,45.76489974952908,123.0030449855722
69,Lasso,25797,8253,82,51.02042662328453,0.8296658543293081,30.7643484098431,130.34425067877729,49.66299210525347,0.8335589351026736,30.05766945714789,107.21914967436535
70,Lasso,25797,8253,82,30.155809306658902,0.8188248611138977,19.59668893338956,136.95699205480244,34.38109278241973,0.8018214938548336,22.628094883695244,107.493414244707
71,Lasso,25797,8253,82,85.13872902285458,0.8800636487988004,53.48426333635769,128.17205835861043,87.67897436605746,0.8983542609800533,58.30858879932715,97.00991227616343
72,Lasso,25797,8253,82,78.91896878123681,0.8283292662413979,46.12401903906158,140.62544363543114,77.10540047949348,0.8420979195862224,47.758340200169066,91.24923074525366
74,Lasso,25797,8253,82,49.061903844988734,0.8455328753759103,30.920710860285777,138.59451166378088,51.11177578910933,0.8383024444020412,33.7395545462366,114.60657518405544
75,Lasso,25797,8253,82,50.7987267437259,0.8243279163810128,30.808434697185525,219.74338710351296,54.82471444975203,0.8184162649822325,35.38574923729074,159.37207650760465
76,Lasso,25797,8253,82,75.23566733515091,0.8532064235961015,44.62473658326312,156.6838500470209,76.25318698961124,0.8474123247203472,44.35619707387023,92.73607613654416
77,Lasso,25797,8253,82,61.67202331324722,0.8481759065383014,36.75479491882084,126.18818521783206,73.98266003159421,0.8271659819149924,44.113914001992256,116.65892026270686
78,Lasso,25797,8253,82,41.04902345778376,0.848924595811257,24.98183466855595,148.22766491682833,43.44646585004893,0.844894230289353,27.00041636896868,95.89052603362302
79,Lasso,25797,8253,82,25.830360028350192,0.8367267778965576,16.19565148586797,144.06553937653908,25.47880109785371,0.840477305653838,15.80028386904221,90.68811439343123
80,Lasso,25797,8253,82,23.814739445125763,0.7799630587822346,16.15586710190063,183.56537661439452,26.410782565499822,0.776194116833455,18.190791581199395,163.56506683129922
81,Lasso,25797,8253,82,26.079367488111277,0.7805508373495157,16.943415124804236,284.2859278782045,28.26049687087132,0.7792889626013759,19.196608293270423,231.92858551874536
82,Lasso,25797,8253,82,35.28978060889894,0.7869391003794528,22.207103064255083,178.5119464174082,35.016266586599706,0.7965858118488817,22.460102477819404,134.76665545339532
83,Lasso,25797,8253,82,40.59231483038548,0.7700660215394066,24.89079736912796,311.7556055136709,64.61726053288002,0.7162797550926396,43.34750788048245,421.3744163937552
84,Lasso,25797,8253,82,48.625878989837815,0.7812183903497271,29.6200606802274,294.5375492648238,38.636636185541725,0.7727645432444692,23.053870922802005,218.71146795306348
85,Lasso,25797,8253,82,34.39487862233614,0.7656157731583391,21.492592087868783,248.28266227142973,57.44670826643552,0.7136921281096378,38.13906919867247,234.8867730862452
86,Lasso,25797,8253,82,20.132363242551488,0.7486083768898024,12.733936880334213,231.4314986616896,16.2853218602145,0.6177174735503379,10.060284246506107,146.322243660504
87,Lasso,25797,8253,82,35.74705691423882,0.8182141991842167,22.643060792555424,78.96512575998904,52.69167150560981,0.7389440370301823,34.92289482383192,88.84179043064236
88,Lasso,25797,8253,82,25.301196282564305,0.7915403112029091,16.00435297691772,104.74241360482014,30.962307213343895,0.7727392267110976,19.821519468084567,95.2706463411485
89,Lasso,25797,8253,82,24.820259673050696,0.7722285772016896,15.588941909435215,111.15063194250796,27.844927840031502,0.7715814273958101,18.1850581529441,95.5198776800587
90,Lasso,25797,8253,82,26.120695517021925,0.8131629379635991,16.906361081070234,99.60683327680478,41.35002196444656,0.748995469790671,26.37925677655124,147.39377522934518
91,Lasso,25797,8253,82,13.86003786506892,0.8464479051479485,10.11401017157511,54.830630675630864,17.729343561560647,0.8137629704103722,12.513680423597892,74.91341978724613
93,Lasso,25797,8253,82,27.59498794328635,0.780703062332122,18.45761967447915,97.13772414848188,31.45530081838197,0.7847417095015021,20.928600484329905,72.50926693477211
94,Lasso,25797,8253,82,53.9405572799708,0.8154320388468606,34.83336167927117,126.7850168619088,74.47536623588933,0.7788804216554441,49.20788245402579,124.39412913902564
95,Lasso,25797,8253,82,63.07009272687671,0.8191377178315986,40.616113841242,128.0066539030334,77.81952941006715,0.7969183155853382,50.35439580485465,112.87332025912409
96,Lasso,25797,8253,82,54.884491815591424,0.7997753006292199,36.175491013460864,100.6317926511716,66.6619855079754,0.7893389383364144,44.86473423958041,86.44201505589156
97,Lasso,25797,8253,87,104.74836297308607,0.8314327415451157,69.15720969065936,133.53170072759312,123.1564138895232,0.8144381676078267,81.86753144226424,59.92753246943629
98,Lasso,25797,8253,82,45.06413489047428,0.9178979720585712,31.60726621934879,91.6971063529148,55.4622767270856,0.9203204377465471,39.36567250152876,48.617058178768175
99,Lasso,25797,8253,82,36.42988661324498,0.8116143183852959,25.29403570848225,108.28730003120133,43.067974496999874,0.8048868721693724,30.257477884034422,78.29818795236592
100,Lasso,25797,8253,82,29.11181632634974,0.7579059559671815,19.482020297783382,101.76210393979429,31.09119495420209,0.7549641012562411,21.005204541678275,81.24174939590114
101,Lasso,25797,8253,82,115.97473013643986,0.8103385156173242,75.01718103823038,288.0748185169232,132.15204147233518,0.8078858435672076,85.86623747005723,353.49277941617
103,Lasso,25797,8253,82,27.956698384318763,0.8664906252337802,19.565098502413534,110.62911416946636,33.51264211095321,0.8653158181455889,23.610619324118524,196.15790767725383
107,Lasso,25797,8253,77,54.554796778767,0.9113884298703626,36.73418310230272,256.3497609155799,66.16415715208592,0.9015139045320426,45.76249251168272,416.65691504562943
108,Lasso,25797,8253,77,46.1040156354218,0.8002607530322604,30.034889567367134,209.34331640054089,52.52325983863758,0.7709533080006017,35.41834569846566,209.82136915922723
109,Lasso,25797,8253,82,73.18791788849798,0.8128445775859485,44.25813362072613,231.6793494817757,82.92207573504528,0.7973256091952137,51.0332242248053,246.65798185596455
110,Lasso,25797,8253,82,57.31378721637582,0.793829445234521,35.53632997631589,370.4700300136776,62.69918525047158,0.7893585366628593,39.32408093442493,361.0982209976077
111,Lasso,25797,8253,82,37.13848592167464,0.7493414142584027,23.458468893077736,259.71876354526427,41.976977317560376,0.754681036793537,26.554022845746275,249.39925480787477
113,Lasso,25797,8253,82,45.9493491167794,0.7772903496779089,28.851533059243607,239.61088355102603,53.779070978492754,0.7740328573691664,33.88870748145654,201.5401447851326
114,Lasso,25797,8253,82,47.50026987877174,0.7697498427334537,30.175883711556,201.49274390396988,53.73018320015313,0.7627745137796836,34.21821633998603,213.9367720783873
118,Lasso,25797,8253,82,44.38084789401307,0.9117844693792544,32.001578282201535,131.03505893381666,51.12006540961398,0.9123984486635688,37.64773866044119,68.21364042165065
119,Lasso,25797,8253,82,192.30541929196175,0.8610890302288584,128.43875236841228,370.174677624113,235.227018676066,0.853317585604574,164.41927368716958,103.25376704353926
120,Lasso,25797,8253,82,334.7367738745285,0.7999920872609952,219.42450720315296,796.4292814363187,402.5716192572247,0.7912547372844456,269.54905017527705,116.42284497215772
122,Lasso,25797,8253,82,105.57718270005334,0.773898909174547,68.09061752373918,247.40242919076056,134.9019313883846,0.7408637933882789,88.61861864554628,463.01042581096726
123,Lasso,25797,8253,82,59.1089910064674,0.8207334101720876,41.905506229876096,142.2880597969311,63.82766325453493,0.801278587646688,47.58846813903593,232.6656417574954
124,Lasso,25797,8253,82,70.60635567927831,0.7632196838511761,47.850158535394485,133.79221742403232,86.05119519173464,0.7320164012010777,59.52224212437256,243.3659670203425
125,Lasso,25797,8253,82,60.56681029347691,0.8300080455389108,42.332677956363206,169.8596530087169,75.40798854297786,0.8173065242808062,53.47570274005217,297.1326117658001
126,Lasso,25797,8253,82,82.89705444499741,0.696925311142367,59.42338058527668,249.3125424312753,100.24344860868044,0.7022880371422429,73.30459376205354,370.2815593617549
127,Lasso,25797,8253,82,117.83684303489493,0.8212069835315845,77.49698652677559,280.0874670346603,146.3062430972411,0.8101691374561184,97.65049265894874,378.15608994176864
129,Lasso,25797,8253,82,86.58479515698595,0.7603951356861445,56.10738120123917,271.32058697937265,127.494817614536,0.7063891517562548,87.02040744091437,248.7683648987927
130,Lasso,25797,8253,82,45.35985306035707,0.7891783154426015,30.17785034832917,174.33355360534063,54.4346782499376,0.771560224969805,37.71036068068704,134.27067445822416
131,Lasso,25797,8253,82,26.691005862986028,0.7630642604869671,17.878836990362892,159.7019908610219,29.185934121663134,0.751855171817478,20.15193992247176,124.90294884928755
133,Lasso,25797,8253,82,22.130094062903463,0.7401328946741382,14.246149802786883,157.374340780716,38.81035885984888,0.6685562767344846,25.809177344418284,197.35805181227428
134,Lasso,25797,8253,82,27.397012311011927,0.773529249760538,17.269800694224852,101.56260255349363,29.54340592760195,0.7836302596610929,20.54049625656948,100.672031248208
135,Lasso,25797,8253,82,28.476674250340267,0.7785637307307527,18.790188773617427,133.9790033308287,29.415274251284465,0.7745748159188328,20.911358542233582,136.8317237396298
136,Lasso,25797,8253,82,35.21448889522402,0.8011431133271757,23.106052999327503,90.1220253854004,34.42014168894714,0.811300398286487,23.76817911637128,73.0725989499939
137,Lasso,25797,8253,82,31.834004177169284,0.7877607273055729,20.00272504089229,136.91678145953833,39.33488153304185,0.6686587203411134,28.16070077999288,106.00922995342836
138,Lasso,25797,8253,77,37.673567834181526,0.7735659156498884,23.090466224190923,119.94162164122052,221.8440390829629,0.5455793986624633,115.50685897805556,264.88282603198644
141,Lasso,25797,8253,82,17.564220572060776,0.7719442456355069,11.781480209892084,121.26070200423445,20.892820719729137,0.7779582254439832,13.861182170562037,145.7555196500538
143,Lasso,25797,8253,77,88.44779247145019,0.795455572977365,52.85762630318816,273.69517835556417,104.79008457155037,0.7773722494172034,62.11399038363891,622.2471817971119
144,Lasso,25797,8253,82,63.12391914716359,0.8072718740989027,40.08679268867245,165.9439188614328,76.28797167969174,0.784239739391775,49.410905583354,336.5639134309468
145,Lasso,25797,8253,82,52.96676368485007,0.7867375679213111,31.70805616267001,318.5784239341229,57.865909734414814,0.7772719788876092,35.77604489327627,365.6518015646704
146,Lasso,25797,8253,82,100.38061193834366,0.8091673551913647,60.06136106455128,443.6207275293752,121.1782160350014,0.7985467987294985,73.50888403354138,727.3306872628817
147,Lasso,25797,8253,82,90.88325234565193,0.8470343974260914,56.900905908756044,374.5617762592683,101.68986577856391,0.8367711570490602,64.48543772207567,586.1516711217787
149,Lasso,25797,8253,82,32.28489170320064,0.850367586263425,20.908750578888284,62.32463569973358,38.148257559215295,0.8360236252790302,24.63566899267621,71.30430995995198
150,Lasso,25797,8253,82,24.18651923153057,0.8054287674834846,15.89717699682649,87.26382038250236,27.09016344645471,0.7968916609679562,17.50215485364742,88.91637309130205
151,Lasso,25797,8253,97,147.83317117081185,0.8844580455815989,98.61364281380844,48.87962018541232,166.22442840540248,0.8796730996686986,112.10309814504474,43.05305592768505
152,Lasso,25797,8253,82,46.95487508805797,0.8438410232585545,31.35869799278859,106.87182961026474,53.858467138641934,0.8438468673913581,36.04575399816044,93.03941945385114
153,Lasso,25797,8253,92,150.40306233956946,0.9103051291462384,102.50872487861469,132.82702986484895,161.767361312243,0.9144155904841692,114.21136575522968,41.83369401109773
154,Lasso,25797,8253,82,59.264687964479045,0.8293600946706984,39.27705657235287,128.63925500084423,61.30609944377414,0.8382405916482772,40.37157178672684,92.9083828916292
155,Lasso,25797,8253,82,71.45746996565981,0.825758914396018,45.51630852843168,129.30310875124346,81.6572287601721,0.8176219379075231,53.87030683890846,129.23988180055235
156,Lasso,25797,8253,82,40.80054437191438,0.8444970816367424,26.437015455305996,116.15179844925458,46.1634656351696,0.8349639424885427,30.59412832673237,119.910293359195
157,Lasso,25797,8253,82,76.45544786798038,0.9028727923745644,51.25100433258946,290.919341284968,86.72241991119022,0.895505442542023,59.29701040327328,255.73720650193704
158,Lasso,25797,8253,82,101.05788387267488,0.8704794748330563,67.12548609669696,307.24183744278616,126.10262737854588,0.8375624383869351,78.92395402730236,285.30174290609654
159,Lasso,25797,8253,82,149.6147289790917,0.8909845613993439,88.87296487977372,310.7262957551919,159.16148046604866,0.8849871400689245,95.76169422238593,281.20059557955443
160,Lasso,25797,8253,82,100.86274471584277,0.8528939959014706,61.622562556446894,238.88619501669544,117.26402628126192,0.8470371639929095,74.75504209606625,197.21705965942573
162,Lasso,25797,8253,87,136.04773465451478,0.8985513367109168,99.21337418092706,94.28595472440512,158.21503517279635,0.8940754123791121,117.95320862259794,53.11641702256308
164,Lasso,25797,8253,87,584.0148150797156,0.8544306827252655,400.9879749747074,187.00528816384903,683.8556949163328,0.8486889497253579,488.17457336644,98.252124540363
165,Lasso,25797,8253,82,134.39466168049876,0.9137792999964758,95.60911410197046,123.10302321319956,158.6903342590511,0.9046842715992146,117.04102333631349,131.0256004349564
167,Lasso,25797,8253,102,218.31841719585543,0.934008678100927,154.72922966355154,36.3203238925946,271.7857376456799,0.9312554363478096,198.7764980541988,34.89183540341845
168,Lasso,25797,8253,82,99.05049468512432,0.92583756244221,69.23073390536157,169.25662080195823,156.09335927772935,0.8968742214758154,105.6546371791208,195.91118919223288
169,Lasso,25797,8253,87,123.12532992446496,0.9378352974897112,86.24423658333376,108.37230593470298,144.2815360479726,0.9302870402622894,103.81156679111704,126.49783433031632
173,Lasso,25797,8253,82,94.9437982063872,0.8349101743061209,64.6640154103528,366.6952328381083,118.36577247383104,0.8289594155233468,80.65762080914466,170.3273205015934
175,Lasso,25797,8253,97,62.98131378669345,0.9392305286650686,43.314533413133326,64.5017621018335,79.48533461868966,0.92049923208693,54.33516267651222,67.79395462689915
176,Lasso,25797,8253,82,49.70983462289124,0.8008144929846529,32.86395387943943,81.15732794186441,54.04510840251552,0.787215272769739,35.805291274988534,67.92910964716022
177,Lasso,25797,8253,82,85.22062083400853,0.7857234890603637,52.65628037237154,224.73198851119304,111.60452116402008,0.7500185949195003,68.73235557347557,242.0655161178013
179,Lasso,25797,8253,92,140.91793036144784,0.8595213310925113,88.40171560412739,130.02845480637566,177.66624778103773,0.8357221432578432,113.447461290174,124.26008158144712
180,Lasso,25797,8253,82,61.56450082493253,0.8205699426410163,40.04593271526088,123.52408895584696,71.6311941989522,0.811535480334224,46.84772563833395,85.90256794708766
181,Lasso,25797,8253,92,119.78589692977567,0.832272329904177,75.70454315101964,71.52535497938577,178.7347655580572,0.7731549272750857,113.43231990469504,75.903240216805
182,Lasso,25797,8253,82,47.06474831289604,0.8188826204082834,29.747136347063886,76.9981564637613,56.60583921563149,0.7962290239924286,36.04034719127686,65.31346149820156
183,Lasso,25797,8253,82,51.68860586443709,0.8128765824640366,33.1678209402129,80.73087162240866,54.2644489255277,0.8221001115850898,35.66386253141488,61.30936757001132
185,Lasso,25797,8253,82,22.141636139148744,0.819625685225688,15.216560891795124,78.74347261134295,23.440029159923743,0.8104646921265685,16.977335821753073,56.9068063481262
186,Lasso,25797,8253,82,28.086477850224178,0.8063506236070425,17.69162811576027,79.33078040068443,40.67393255686683,0.752744943646792,25.41971824851891,90.47949337584149
187,Lasso,25797,8253,82,28.480058878081085,0.8173388383531042,17.940122573347953,78.33837338809566,26.960015940908228,0.8257996867534348,17.553163607990616,59.77340812734248
188,Lasso,25797,8253,87,96.65920283300102,0.8410365001175283,59.16326568151988,66.9234061190939,101.78575836159476,0.8391285356179135,64.45506915867233,66.01688224309105
189,Lasso,25797,8253,82,61.10300264124111,0.8202876007758189,36.30247600048359,240.74968725716647,56.06799942252125,0.8445395169276428,34.15104854469136,78.11505131485184
190,Lasso,25797,8253,82,52.53009571847222,0.8133421007747913,31.150882228637126,220.17795923836232,50.2842786028385,0.8177450253975065,31.47927526189321,104.14072004126103
191,Lasso,25797,8253,82,35.610388195506125,0.8262172445515756,21.77274755439558,239.57778179253336,36.84067009162001,0.8298799017084962,22.870680904576705,130.6398348451575
192,Lasso,25797,8253,87,73.60336327617314,0.8285044588000661,47.57439159541663,174.17796528099768,72.37085159971183,0.83991393011263,47.13600175591385,62.47950411831579
193,Lasso,25797,8253,82,23.75472706084251,0.8061515591977025,15.129204679971696,195.44090499028397,23.013345358649808,0.8163551342785405,15.01527801514771,154.7390933711295
194,Lasso,25797,8253,82,34.14261554354934,0.8024589433473714,20.325606252189,211.50190420225897,30.770383725452216,0.8203571121808093,18.352927215368087,143.7764128869268
195,Lasso,25797,8253,77,82.43903308952298,0.8248186192374456,49.13131424518945,288.8012411584713,78.86646542357317,0.8335460201242458,48.573468523466886,129.74079726711415
196,Lasso,25797,8253,82,10.242599913134844,0.6724803877815079,7.370419798103725,88.38837198925593,9.563452620764457,0.5580573887414794,6.970495406232548,70.09246811113395
197,Lasso,25797,8253,82,12.33004421712126,0.7139665454540847,8.234510160800443,132.692134621087,13.493432662308953,0.6890610809704356,9.503265717697568,116.61310426560377
198,Lasso,25797,8253,82,25.026592320834883,0.7782166868039263,18.748789971331192,73.50619062498201,90.85947421732732,0.5854748742776923,53.24694408578414,60.65068781286147
199,Lasso,25797,8253,87,5.422363238579686,0.5526260702863044,3.883790708268797,136.10063155845552,6.089873344351989,0.2397044184551809,4.286374586432234,136.18121931567364
200,Lasso,25797,8253,82,21.495333413965074,0.4945777034080848,11.422069867572104,155.68609870911777,25.567858403438777,0.4377972103272799,13.132760815022928,253.1635243980702
201,Lasso,25797,8253,82,10.849679830465307,0.442254630466019,6.161979352052066,136.7375777344574,13.517313236055324,0.3884806772248652,6.577600046319431,174.72500919924306
202,Lasso,25797,8253,82,13.249767087303365,0.2903847682483846,5.81965936426239,178.00292568644772,15.317845319324991,0.2815956937404165,5.938001443094356,155.30412683463751
203,Lasso,25797,8253,77,11.443460968266908,0.5338006073780852,6.998677752685938,74.46538812945839,12.853211371393956,0.5406961488309445,7.636510708245584,78.90374637725462
204,Lasso,25797,8253,82,28.344123327163956,0.6989471810845502,18.447884694586737,115.52588701308105,34.79999333472744,0.535846162441402,22.484515612537187,951.9048092359373
205,Lasso,25797,8253,82,18.54530962267977,0.7706503397184852,12.273719278338673,74.67410753767817,23.063750383806266,0.4890453572532863,14.83791428119756,594.5477306485133
206,Lasso,25797,8253,82,9.25518174413207,0.7006786027551175,6.339688774702204,89.29956886326713,9.80669133859724,0.549744573235474,6.3433804335262085,188.266040438516
207,Lasso,25797,8253,82,11.036271022368076,0.7107120294640927,7.3838095782731585,127.08567130438038,12.270921446648336,0.4361920495916283,8.02779690343195,414.7279959909361
208,Lasso,25797,8253,82,18.26406176192344,0.7839609422979592,12.172266109454709,98.7984884982556,21.31419743331894,0.5040632543027949,14.133240953702632,236.69577644146108
209,Lasso,25797,8253,77,35.611614095833005,0.8269313243391957,24.71939476278709,83.23911512397285,50.121367689312805,0.76499787228405,31.90881783918901,860.3338140475608
210,Lasso,25797,8253,77,76.78891903006472,0.8021006432026505,46.26277247946869,652.4159585593342,61.993149621565976,0.8329646722024697,40.04185071261304,116.45902419328236
211,Lasso,25797,8253,82,66.12183904209847,0.8116875893229496,41.611172862337774,420.32019863415576,62.48287516105013,0.8270810704352805,42.901685744104846,70.95457598531493
212,Lasso,25797,8253,82,66.70520574633102,0.812277726228956,40.7715453103164,371.259652277838,65.55598996452126,0.8321878608482631,43.19076219755938,76.77038926056659
213,Lasso,25797,8253,82,79.1512470145643,0.8373885652259871,50.61970516943024,458.2178005397946,69.72020914235284,0.855017469359699,49.30079364734811,56.547664857113176
214,Lasso,25797,8253,82,42.715381960383006,0.8104200937837411,27.390808802091524,296.78669116906264,38.78155978011058,0.8382035367466387,27.77027553680649,62.006983290584905
215,Lasso,25797,8253,82,73.33862764087233,0.8191824708044506,45.31508508213641,384.6388352288968,99.58991177439825,0.7901137308792363,64.63705579686693,85.53541338518656
216,Lasso,25797,8253,82,34.00786208473304,0.8539284425657916,22.35172475269397,281.4613454727503,35.47081379629529,0.847045900812953,26.34365008342785,64.37862578156289
217,Lasso,25797,8253,82,52.07669629470463,0.8301628073597425,33.5967946261846,366.5663268934768,48.57244225874446,0.8471886655199536,34.444112627533656,70.65238795335054
218,Lasso,25797,8253,82,67.0208021679086,0.8295017590578811,43.00593447530771,479.8784238234482,63.39087453343837,0.8555748996096916,44.22733527768256,57.71931280175555
220,Lasso,25797,8253,82,27.30960054987164,0.8097768796816978,17.541203695085105,87.51179243851594,25.03304001972915,0.8178185283287108,16.9473612506418,59.87194270880606
221,Lasso,25797,8253,82,71.04619450892642,0.8844202553920549,49.0008208724374,154.75956545779115,98.96764053871792,0.8657162188813012,69.85528189991268,86.05318340986331
222,Lasso,25797,8253,82,75.70831741686835,0.8405252445784919,49.41146169061316,280.6679121082493,93.1350097635846,0.827471239105166,64.22623686416948,177.93523684557704
223,Lasso,25797,8253,92,110.3415948070156,0.9366698104808598,80.07511162864111,84.43794934795434,119.40122414442745,0.9380319833157704,88.86815085144656,87.8158480297903
224,Lasso,25797,8253,82,116.97202710904077,0.9055589127910506,78.25785557811905,716.5293319019146,135.72253355193567,0.9086675501797132,91.09711146547696,92.64871173258553
225,Lasso,25797,8253,92,718.8554681265425,0.8469159474698922,445.0600346211485,200.1539547467181,872.0636424493607,0.83577035336635,549.3250831228097,245.797168723658
228,Lasso,25797,8253,82,176.80366733451856,0.9153174379713598,127.86392640867884,169.59369169218908,236.06653503360133,0.8960257698184059,167.92940720867176,212.8187221340582
231,Lasso,25797,8253,87,126.26382256057612,0.9480973158323972,88.27008273599118,415.0983692622712,142.38607476332703,0.9404421072991797,99.80948586925624,570.7427828485958
232,Lasso,25797,8253,82,122.15885146984633,0.8512059138288673,85.43581278230904,83.04653287397514,138.75792492615415,0.8474843066859634,96.36063487966912,76.84650346897723
234,Lasso,25797,8253,82,95.19934660410355,0.8976854116017109,69.01219583372713,86.5876794800703,117.141556346307,0.8693984820647376,76.22776951336164,83.47160008791776
235,Lasso,25797,8253,82,113.35324717666364,0.8876453483943006,78.48948983770985,148.6908630513458,136.72606380973673,0.8834041649909768,97.54159827584994,154.46846768124465
236,Lasso,25797,8253,87,97.54426431548067,0.8590602496170556,64.45288147160863,146.2511632110684,120.77976357111648,0.8388266210899143,79.37059494627368,317.61218232462136
237,Lasso,25797,8253,82,126.4340442700306,0.8177375779106667,79.12132826540446,225.98270583959868,154.1074830742179,0.809000494058895,98.49811298775474,428.2444129982582
238,Lasso,25797,8253,82,30.6954157707661,0.8968129596100949,21.989709588220887,88.76716522701257,36.75730887926835,0.8848555609892106,26.10708490534242,107.1406817069361
240,Lasso,25797,8253,82,128.93770357323544,0.8098169413859574,79.60850751443748,244.19002472282935,150.85872917059868,0.795089204000863,93.12914797248943,231.20685759319997
241,Lasso,25797,8253,82,79.539755046527,0.7470412655646166,46.179424202827725,202.19416488461573,89.02086418592218,0.7347474220466692,50.61872153601286,197.8408881078309
242,Lasso,25797,8253,82,87.22627960891991,0.7530507904456496,49.01807688663905,278.5634303473948,97.54271030057646,0.743154944883504,56.14810279685121,289.3976511830542
243,Lasso,25797,8253,82,94.7210923508394,0.8293930633552616,57.42965432862067,71.50117193443243,98.46585387826477,0.8325704825445815,58.85261133107098,61.47990179872364
244,Lasso,25797,8253,82,44.7299536036032,0.8121204099882724,27.65868714979932,413.42946506971447,42.41656657981245,0.8177291003494247,27.333393411926508,174.31808291244744
245,Lasso,25797,8253,82,37.4472642279489,0.8106907963595115,23.834314547382977,366.3353970621688,34.73971925058538,0.8331407928368268,23.409297962857977,148.84020761694669
246,Lasso,25797,8253,82,19.791364331190408,0.8030188824186868,13.59723604895182,247.52088738034047,19.34281687474316,0.7504427350074332,14.391229122540915,197.40038568074652
247,Lasso,25797,8253,82,15.56146446753249,0.7789313524224097,10.270793448591238,231.0064617252968,15.086509389411225,0.74684680531715,10.687920237417517,152.98013072748836
248,Lasso,25797,8253,82,34.38907613566722,0.8072816230095392,21.74104280590826,439.029667553118,35.37208410449341,0.7922289661140604,23.846573926460863,244.2187989086356
249,Lasso,25797,8253,82,33.46092832537228,0.7894884865394673,20.45306051148692,284.827357722137,37.28810064552182,0.7721274865653149,24.504288328014106,202.1157500712573
250,Lasso,25797,8253,82,40.52915557868302,0.8034221309000668,25.120976152532144,398.7479407684336,35.750098373117176,0.8168551831018731,23.740569977758145,194.2229775578671
251,Lasso,25797,8253,82,24.35654365409628,0.7632915083154546,15.334117069788906,344.8161724606999,26.14927993368668,0.7522812139914644,18.079349829609377,163.31614858661834
252,Lasso,25797,8253,82,31.152525609366226,0.7737039330557518,19.147718803446825,307.2699050566939,29.596062321858284,0.7925278267110734,19.42456582798048,193.9583895125801
253,Lasso,25797,8253,82,18.545366802001197,0.78720468454681,12.52463782044957,307.1501570434544,18.66433250323873,0.7549992736462096,13.02545989623582,171.1748684260327
254,Lasso,25797,8253,77,218.36661212019624,0.8391370804265434,130.61366878076456,87.38710559323718,207.22865555677055,0.846060746754953,124.92761877246694,215.00779504966445
255,Lasso,25797,8253,82,61.65974133968476,0.8621990650576093,40.30511097510344,86.20305772509829,70.99025643925525,0.8406506590314735,47.97510699389691,203.17068492173053
256,Lasso,25797,8253,82,59.37060027962724,0.8467638206866722,40.4959425899278,61.13403032898198,66.6284466030357,0.8365938636777841,45.745148611367874,124.25450281901354
257,Lasso,25797,8253,82,37.75249904226367,0.8326112300365364,25.205034275462378,72.93856731598756,42.64021335933868,0.8238753711442007,29.12271897397244,102.61699632951976
258,Lasso,25797,8253,87,54.10003977115477,0.8250066919190692,34.36893228205494,100.02315882992151,61.83554917231469,0.8082852547259491,40.139387639321846,71.14867423827289
259,Lasso,25797,8253,82,212.81188006332928,0.855302749630326,131.7044440439377,72.47032124146686,211.04522603330307,0.8638391604240807,133.10225727415585,57.622486104911495
260,Lasso,25797,8253,82,38.36588182246304,0.7968797176835307,23.3591802109625,130.8605721301233,42.72559461658025,0.791164031937869,26.20245159986294,108.52374420617524
261,Lasso,25797,8253,87,278.81692597612425,0.782805149831731,155.4110885606419,97.25722243711814,336.2668016342152,0.7523802191709219,184.78722611912625,87.9020140828834
262,Lasso,25797,8253,82,87.5161233580743,0.8318837337686371,51.59238576424139,162.29624390892548,101.70571926906877,0.8161104306856645,60.05208806931128,149.41823605726336
263,Lasso,25797,8253,82,127.69089513403291,0.850375899400271,76.99553481403116,108.08356842521414,139.84710636447937,0.8460248620190188,86.73391946324308,86.86246038933812
264,Lasso,25797,8253,82,155.5428619491651,0.8641174869612116,96.33437963718048,103.0126454535058,158.1311279198073,0.8688982439716462,101.59515332288608,80.59829707487205
265,Lasso,25797,8253,82,180.4479151508937,0.8562435956636975,107.781659632702,125.27485499048258,216.90217939719747,0.8424782090860081,133.9846365108719,100.1594725195354
266,Lasso,25797,8253,82,117.65403703752162,0.8655213521567183,70.67724277970242,141.43784839595548,150.23187470933294,0.8417186880793889,93.875212543972,136.31185770217382
268,Lasso,25797,8253,82,34.257431571192534,0.8285078042405539,21.77165357891869,127.2749711541019,40.678344905089496,0.8147111052501801,26.90315308718907,105.08764928892631
269,Lasso,25797,8253,82,61.60175523500423,0.8482325511572711,39.17842679545051,113.80187188886106,77.61408319374432,0.8184891835319752,51.41637471508374,114.88944935908512
270,Lasso,25797,8253,82,79.08141004938868,0.8226040046640319,48.57027710409076,135.00974865039652,93.62361209074956,0.8105671148659798,59.26111801584776,132.92630232300988
271,Lasso,25797,8253,82,100.67141382663144,0.8452759056483438,63.61427536972475,65.88762201765874,109.3167986872197,0.8366547539985163,69.75505514197172,55.16056772554736
272,Lasso,25797,8253,87,27.78322368780683,0.9087258209619996,19.602333162857523,109.06945916676608,30.91212113717199,0.8984111844164726,21.88043363978143,92.37413565764058
273,Lasso,25797,8253,92,125.77643753349636,0.902295790572635,80.13795783796928,96.93001437390096,152.33852942767214,0.8841252016416887,98.25608946171322,103.645906488112
276,Lasso,25797,8253,87,273.9923946657713,0.8896524848976481,173.33082646909722,1256.5674035095535,287.2072552595948,0.8781163218180905,198.1736398444035,1680.5868673589905
277,Lasso,25797,8253,92,138.37447671782914,0.9050550051626384,96.77466549772376,76.98440134023507,168.8994233040072,0.8959551657723723,120.8190845773737,89.76704427133964
278,Lasso,25797,8253,77,253.0809101032027,0.85389818711418,163.07691640803432,63.95265399445508,263.9849930730496,0.8626077773504945,172.3898658783955,45.86962539392225
279,Lasso,25797,8253,87,181.2499985145756,0.8723010316879684,123.24818267223829,45.54492851738746,200.2609557323549,0.8758728474824021,144.12056085118138,38.1349187430936
280,Lasso,25797,8253,82,39.18788881388307,0.8549739014671722,26.27947591283882,126.64403409519852,42.52047609716506,0.8635998502782442,28.5549986977405,70.8073823342258
282,Lasso,25797,8253,82,25.349216521878624,0.762716220188796,13.76107840604327,210.6750253640053,23.63996062300489,0.8143853704194752,16.76849024316533,220.40790942024125
283,Lasso,25797,8253,82,105.15032101435092,0.8139216252947519,64.5713683297048,631.5275812174754,123.05293465739774,0.8043640160627268,79.71305914655824,687.0708533867618
284,Lasso,25797,8253,82,101.59999897367965,0.7769176140004445,66.72243024552796,438.7960470376091,129.7958832511886,0.7480482986902055,84.46645349213593,695.7306877781764
286,Lasso,25797,8253,82,43.40472581173057,0.8113476900094063,30.937342478918275,124.9998348161214,49.70530491490944,0.8000279317842494,35.15663482633197,192.94829471304317
287,Lasso,25797,8253,82,25.896279852555367,0.8839993315071939,18.57534337463152,137.73984934286727,29.941154743621,0.866480703093749,21.673029815130985,159.92798609486064
288,Lasso,25797,8253,82,53.29653689749973,0.8351329917609648,35.08461521027035,264.31333889035324,55.11732018414023,0.8351368660600947,36.71658153121481,273.20735298308534
289,Lasso,25797,8253,82,90.71111898472552,0.8086539316610935,56.60665720480672,104.96409282768234,108.90148672780016,0.790794363417761,71.16333344925728,117.12679866769832
290,Lasso,25797,8253,82,60.40413909688082,0.8070873448502063,38.5347181682972,198.66208532646812,71.21444197282142,0.7781333331333311,44.5650798854117,167.75002521182256
291,Lasso,25797,8253,82,54.40449759509052,0.8240992338628162,35.645736924286645,275.732848103241,73.020469646127,0.7820647606452994,45.41198239423844,276.784659478834
292,Lasso,25797,8253,82,72.33067742756927,0.7850802089976312,46.89519773428965,196.96073008997632,85.7839893340633,0.7458649122105776,56.15839872297515,242.63646642998995
293,Lasso,25797,8253,77,81.98296781259467,0.7866394669860874,51.38348857833936,318.79478749490573,82.72180177872058,0.7606434879828138,52.67479395138466,413.2855130906733
294,Lasso,25797,8253,82,52.62836083976199,0.7777328126694867,31.886103029664135,189.5214635062613,57.75772992590889,0.7703292547025217,36.70063099316484,111.7115423952608
295,Lasso,25797,8253,82,82.8075963148916,0.8242354111471234,51.59374525303604,234.8281943478848,95.46695733304216,0.8047585778310746,58.34975373186117,109.81892387832912
296,Lasso,25797,8253,82,45.58784866775532,0.8214711553775651,29.36580782410958,165.39001030648447,47.01547738614831,0.8207877546539396,29.76878297059718,86.80436193266264
297,Lasso,25797,8253,82,38.22186335968605,0.5880053487699661,17.225563769218322,106.8283547400863,39.9463850794556,0.6066310307755138,20.27452007399184,106.667925551464
298,Lasso,25797,8253,82,50.92120559998924,0.8330500894998498,33.920949422665494,138.34767099124224,51.672631674708505,0.8260859535373111,35.70004004940507,83.5843265874442
299,Lasso,25797,8253,82,60.31211178723089,0.8286316002096361,38.68129888579997,157.3784932813895,69.48623611267445,0.8064457885325731,46.17301718468565,145.36913441892153
300,Lasso,25797,8253,82,66.98663805903122,0.8347223788807849,43.61722249081972,255.37409355019173,75.49552531007626,0.8133933954992053,51.48983963031014,141.64040227618509
301,Lasso,25797,8253,82,78.48347769179519,0.8623322045061611,49.68160415778805,288.5308071031008,82.9875044587627,0.862401876461314,55.24825395329701,159.3718565355332
303,Lasso,25797,8253,82,77.01280793096474,0.8724580644487718,49.29771761982408,275.9460529411775,85.04961055153916,0.8608774241094508,54.948115379439145,492.6490121161433
304,Lasso,25797,8253,82,74.50970708366121,0.8435653314523522,48.73508815821207,237.5656095520065,81.00794251341695,0.8300781907691035,53.95189379579884,399.2394305109753
305,Lasso,25797,8253,82,89.5993026471151,0.8713308786008367,60.4048801111402,78.86613318111122,92.5962328635602,0.87065898888992,63.06214012772201,53.42288073701613
306,Lasso,25797,8253,82,63.75121916782726,0.8827017672442987,45.4927669637207,105.03894190554357,70.21032865296242,0.8839502125575588,49.78744199424384,72.90523377205935
307,Lasso,25797,8253,82,130.8340228346991,0.8969071117052543,91.43517206720549,256.8873888290078,142.44273402013815,0.8954220336408634,102.23382109803252,257.97940677029965
308,Lasso,25797,8253,82,90.65055375082066,0.8868175361367816,60.78667488271792,125.2188096750466,100.49773157863702,0.8810878817650839,67.08167985951123,84.82526030842341
309,Lasso,25797,8253,82,94.20165536585348,0.8660762210736686,61.62805436668542,131.1849961605834,108.12768167250908,0.8550290234926876,71.14245305575987,113.95532566803855
310,Lasso,25797,8253,92,269.6774546944746,0.8678165688621016,172.02132196638442,116.725556486397,315.33890546511435,0.8555031236889912,205.62750116129385,97.85301142587228
311,Lasso,25797,8253,82,138.21335677211152,0.8636135192381086,90.81971525330766,163.44471645753978,156.40295246328105,0.8566266625877145,103.8201970083151,128.44174223760118
312,Lasso,25797,8253,82,119.72063864890411,0.8723252144874722,79.05570543762286,161.63128480656903,135.92656952873406,0.8642746741465634,90.14885825323346,142.01944429511477
313,Lasso,25797,8253,92,272.09246939152433,0.8906302637996082,175.05784725548574,125.35478656153572,340.3041956449362,0.8620034719318469,214.17490682461508,108.32277728133928
314,Lasso,25797,8253,82,184.9572897775796,0.8547667260411769,120.81861759935497,161.42562742107336,223.24893726037945,0.8193719345461594,143.08056991343784,143.05932302040114
316,Lasso,25797,8253,82,194.6427063795805,0.8947884049503694,130.8783487203407,99.5789985143252,209.88804394003537,0.9071539462972052,145.07819956319807,80.8606872081403
318,Lasso,25797,8253,87,606.6214257248952,0.8257917934430441,406.6524393955771,93.5881002621506,705.993083614864,0.8139931221480792,479.83397491814094,82.83229823405149
319,Lasso,25797,8253,82,70.16310002317503,0.943193859251898,50.61261592803339,83.83912729781254,80.34147857496109,0.938153332292842,58.41543436180202,83.10805874651447
320,Lasso,25797,8253,82,82.38051570711467,0.9154517987173324,60.06722243404231,74.28590801183464,97.19491938843431,0.901365365190036,69.3586961936201,60.456010286725245
321,Lasso,25797,8253,82,58.89943206587041,0.8913592282612531,41.506809567911326,98.64074022268072,64.27348147922493,0.888511777815549,46.17031526780281,86.76318335020781
323,Lasso,25797,8253,82,91.10310461702883,0.8430046387146332,61.88409649320653,59.73369653422756,105.35695825735267,0.8470783967347569,72.3175646357206,42.61210505546647
324,Lasso,25797,8253,82,113.2000821150056,0.8957123423731729,70.9727089672597,124.61727493843271,193.38098214830907,0.8496232306412971,113.3972617431838,114.6624254918402
325,Lasso,25797,8253,82,54.09184569480616,0.851583531339702,34.33665227010366,116.74371795014508,69.2029407096039,0.8345725884492967,42.01017773720257,114.0374258998687
326,Lasso,25797,8253,82,51.22172243110364,0.8921828260506734,35.52887627592712,146.07366981582365,53.18770866384522,0.9022777944963628,37.5233993786514,96.38835520863796
327,Lasso,25797,8253,92,145.43890018953437,0.9148001849089128,101.30158943156968,204.53151586268663,168.85037464822562,0.9105792031806096,121.90320627369448,223.2290140453779
328,Lasso,25797,8253,82,140.58579950273398,0.8643209160120102,95.30361296204256,326.7613957104416,199.15200587972305,0.8491643850546069,138.54053028395245,174.86090862368312
329,Lasso,25797,8253,82,60.9078624908779,0.8709472334436378,43.72500883762626,231.3884498254435,74.55233760937372,0.8541874359450081,55.462249332328895,216.81203654118053
333,Lasso,25797,8253,82,167.09039980827893,0.901472005091246,111.72069791720054,430.2336734130072,211.4441524988175,0.8817360845062495,144.03711617025095,432.836691114712
334,Lasso,25797,8253,82,68.42393274757924,0.8140375731416344,43.38253231269354,467.1273375423799,75.74861083384323,0.8009541058520985,49.92020807172425,240.86607868586043
336,Lasso,25797,8253,82,52.49121072076097,0.9184880660356392,36.25204824556031,163.66397381870073,65.6064906730164,0.7652513593320504,49.51138700325613,213.15819864459317
337,Lasso,25797,8253,87,75.70333456934715,0.8659544875067958,49.62971368563427,79.41226897686717,103.14826369776208,0.7878085656256758,61.42622749750207,108.56650366845032
339,Lasso,25797,8253,82,58.90808611490891,0.7159610769267459,36.17678661950977,188.82216012367687,70.37679039067969,0.697962032141247,43.73302817464672,255.31339748539224
340,Lasso,25797,8253,82,84.27986018752053,0.7791995452705996,51.4306108827474,201.4003832752488,99.27605121161636,0.7560211813785453,58.59377870548362,255.48111804419665
341,Lasso,25797,8253,82,58.67735461088791,0.7653144414480827,37.48907664536178,158.8735400281741,69.10556270179066,0.7399831521644972,43.39526159233441,200.46199209521689
343,Lasso,25797,8253,82,33.644336139524775,0.7982976414341847,22.1602745695284,76.12646180142274,36.7168586742342,0.7790996811161872,24.714169225278077,208.34479201867572
344,Lasso,25797,8253,82,45.00838572645192,0.7896585134787912,29.011634971954283,74.53721493202097,47.92580205109303,0.782876214934589,31.495404666415308,134.12394978533973
345,Lasso,25797,8253,87,226.89047655657927,0.8400521694156107,137.26906803962763,75.2171223404802,257.99152733182,0.8215084425759624,155.7893865736867,930.0596306647373
346,Lasso,25797,8253,82,61.99880375433975,0.8135534709998428,38.56462330730465,114.46563771092204,70.65733963911916,0.7964018909058019,44.49706034965231,361.205963128273
347,Lasso,25797,8253,82,50.61218123348379,0.8118361873875825,31.344892381607107,121.8649820043649,69.45696513911435,0.7634140850354062,41.32918466984045,321.97503001846513
348,Lasso,25797,8253,82,42.32310295394864,0.8130339750982993,26.420133332974125,116.21810686456853,50.280519475677,0.7937398400471797,31.35964590456121,231.98287926651227
349,Lasso,25797,8253,82,22.25515941388475,0.7959083134730975,15.005090703771812,84.72678399713492,25.79248855424317,0.7904755112106463,18.01960365236612,100.4050043189206
350,Lasso,25797,8253,82,35.4874605430258,0.823940311619014,23.650323016682407,101.78734426645764,35.12342393519704,0.8207393776088414,22.942208408104214,234.6163252960532
351,Lasso,25797,8253,82,26.91103708934272,0.8000650100957634,16.95139153717559,110.36755654755936,27.444128287795564,0.7957658665752929,17.50336825948708,185.8712694405712
352,Lasso,25797,8253,77,51.682488563808505,0.8033737797620457,32.62916113948535,102.28173380352663,58.53395708913912,0.7886956152343304,36.99743925419347,298.19198832100795
353,Lasso,25797,8253,82,38.31394595112072,0.8045315054018497,24.42104135555755,193.47988068838853,42.86030086354359,0.7864578394952456,27.501971733570752,154.6207868890523
354,Lasso,25797,8253,82,55.54957574980489,0.8347685262788389,34.870902231675494,162.36076908487257,60.08961842911163,0.8326820669442749,38.27418158220546,120.62080791850536
355,Lasso,25797,8253,82,60.37575794668525,0.8856629373098364,38.641493332968096,128.66040292050835,68.22605447708953,0.8810280917507863,43.77795399585257,94.2554299215876
356,Lasso,25797,8253,82,80.94536840164473,0.8451293772961701,50.985894261037295,222.52836550318267,99.3973622207776,0.8269483985302968,62.9599970000108,146.10969543926126
357,Lasso,25797,8253,82,53.77581477344265,0.789724374408232,31.8589738734896,151.35990164771684,59.53308708283755,0.7812970798788572,36.52224413883348,126.48400321487864
358,Lasso,25797,8253,82,74.96445292996398,0.8153172965716151,45.56833696304592,131.67028046907637,87.66235054869266,0.7932532732091885,54.049683475745816,110.29435254103224
359,Lasso,25797,8253,77,178.3993642857102,0.8258110957780683,108.65361382119131,274.78896133452776,195.48669663660783,0.820991783675923,122.08694240089405,127.86904892656057
360,Lasso,25797,8253,77,65.70639654151739,0.7937225438648154,39.53007943955222,105.71116240721736,70.57571858934779,0.779406093718582,43.6671288157216,272.1501688197383
361,Lasso,25797,8253,82,52.1828071809918,0.7936282224386526,29.976753867931087,146.89101459250554,52.19971297136234,0.7959161245272945,31.621315654663288,238.7472242290232
362,Lasso,25797,8253,82,27.724738459586767,0.7885520423995468,17.03331302850063,120.96887885186524,29.602597267235723,0.7783829520785371,18.608831832776843,133.1788939376474
363,Lasso,25797,8253,82,38.30030470940776,0.835396586895685,25.733029840305928,86.58746614110564,39.39725386873965,0.8463937688078692,26.73529729638029,78.77992792524411
364,Lasso,25797,8253,82,28.765913074502457,0.7965095050349743,17.659885750740653,153.8507755166564,27.2437206563487,0.8082018046333966,17.516085012453654,145.81098585435433
365,Lasso,25797,8253,82,59.25856060594312,0.8103588506573599,37.302194891612224,115.14464225372616,67.28188874619622,0.8025930508910908,42.70981007788142,127.60240412064256
366,Lasso,25797,8253,82,150.453888076796,0.8343975581400319,87.34481066366321,90.25407830041787,141.38495513651782,0.8339745199796679,83.46609470705008,77.25313562834086
367,Lasso,25797,8253,82,36.5118852341517,0.8373366067807659,23.01967103197015,84.0993484752788,47.25585798075228,0.8127310867370254,30.84869124111501,103.4083578681186
368,Lasso,25797,8253,82,54.5452107078377,0.8460910718084866,35.4919130428187,79.77403627424037,68.12614993117764,0.8150342555167968,44.70044580923315,97.5137090133002
369,Lasso,25797,8253,82,51.63780323761669,0.8424538513497402,34.61840779834637,68.3796027517101,67.07107310134205,0.8122314700629223,43.42346822027383,81.36915835203375
370,Lasso,25797,8253,82,20.81342645699496,0.7882070478498131,13.407301806710668,83.60216713457459,21.445207625958528,0.771248318605496,14.26694531165725,93.45493975290776
371,Lasso,25797,8253,82,79.16945496978829,0.8498642528931618,51.583361789259975,48.46408438469895,89.36066494003026,0.8412982424204396,56.41786396476359,54.020714447143504
372,Lasso,25797,8253,82,27.903195596730544,0.8493078727341051,19.01554614467417,68.05183265561016,27.79841106066408,0.847713086450236,19.29449653879377,175.0210517984242
373,Lasso,25797,8253,82,41.03054879971196,0.8379597000443619,26.231011782774097,65.99972113097925,48.61704712355465,0.8149511502337011,32.94139160197787,254.9079945295686
374,Lasso,25797,8253,82,17.717859156818452,0.8023446595736605,11.427421328026208,147.85411687168855,25.60864822702784,0.7524484337945557,17.84042421129714,158.08726673515233
375,Lasso,25797,8253,82,23.51713322512687,0.8481935905435224,16.42295185117353,99.27559360589754,27.866357593145427,0.8322117597473209,19.053848005692657,180.81178124018868
376,Lasso,25797,8253,82,43.10208628044602,0.8365902855955785,29.833552288438234,79.47186528666654,50.574542722185,0.8097153762357082,34.84777830312525,275.8619880877262
377,Lasso,25797,8253,82,64.13461598995222,0.8478295918547796,42.81416829819866,56.75805366421256,77.7919266571537,0.8177458749475803,51.44548635784441,93.27815319928982
378,Lasso,25797,8253,77,61.74119460942871,0.8072164769999788,41.50395657020646,88.00311567204314,72.07988359809296,0.7846037199483872,48.40495111311724,286.2560940925474
379,Lasso,25797,8253,82,55.45263805167535,0.8711004482415472,37.63026288524614,83.36810068874362,58.27290876729053,0.8425053991268118,38.11147672760323,167.13953465000722
380,Lasso,25797,8253,82,54.1705438430225,0.7821932587086946,37.29617122708458,94.87934835693974,62.0172273156808,0.7416957760589113,42.2827790752654,212.7606429858304
381,Lasso,25797,8253,82,67.31651898014893,0.8651903431572043,45.03591213091397,67.69078024014911,79.41997129794184,0.8392212986541184,50.97102673365696,273.50628707119057
382,Lasso,25797,8253,82,66.19479868277253,0.8655113044797336,45.04957512202724,48.6781605792459,78.87630415420846,0.8310423709259811,51.23885913511837,314.4734448465045
383,Lasso,25797,8253,82,48.28301463502381,0.8359467099860458,30.88409623154961,60.333647294502576,50.79156826701957,0.8256522188616722,32.46209425102992,228.71345735354365
384,Lasso,25797,8253,82,66.73430236697597,0.8591958363117668,44.22298229468729,61.30156618849303,75.58568347253583,0.8373085146905156,47.42541098052916,276.27797750495404
385,Lasso,25797,8253,82,42.625078444731045,0.8423603016864778,27.983356107402635,70.80183052483304,56.43409211882058,0.8024708242808798,36.78242374642204,96.18850522336238
386,Lasso,25797,8253,82,38.08083979136984,0.8481835345162138,25.449401113839603,68.92191974113958,43.0938630178939,0.827978732681783,28.99617738304259,195.96959600399757
387,Lasso,25797,8253,82,57.59316121768567,0.8378473043679726,37.58449580101094,61.76106140438365,71.8865386603355,0.8026765724255082,48.28759675431776,248.23734532791647
388,Lasso,25797,8253,82,69.06087980000792,0.8547838674478137,45.36409666096598,74.98191485902083,85.03492883924642,0.8225053336177165,53.01990058187211,294.974451593164
391,Lasso,25797,8253,82,30.55988768845707,0.8253909463137284,22.65024558068749,63.61690068742109,36.602107140764055,0.8160435965836393,27.118149413170396,61.1255292377332
392,Lasso,25797,8253,92,168.15957451133298,0.8713560403189466,110.21066942264328,56.12217573491593,186.22037034734905,0.8781206876724014,126.6375465544057,48.69550458909846
393,Lasso,25797,8253,82,96.41451934697804,0.8696431831444917,65.29171296620457,73.07781813428134,119.06916433691369,0.8495126564704674,79.83634786655213,61.45941624040202
394,Lasso,25797,8253,82,78.44989076246482,0.8625250524209932,51.01071025064012,77.44174882697834,98.6888202933752,0.8498394902752996,64.55645252717038,72.3132926787584
395,Lasso,25797,8253,82,82.72018004967543,0.9056154761312252,57.14896471676364,79.22280966157345,99.1719720178551,0.9008839687720333,69.0820695156725,75.06410063143356
396,Lasso,25797,8253,82,122.4573931380804,0.919674865050462,86.73381147748144,122.45782469128356,150.11486031196216,0.9004578274413463,105.90745552005158,153.4005772715974
397,Lasso,25797,8253,92,286.091039124914,0.9281766084904464,189.8370563023499,94.56576812100916,340.049269521336,0.9159021175648908,230.8021209962348,112.44369023744544
398,Lasso,25797,8253,82,180.5485483692536,0.9340088881616068,123.20277383791216,182.030594351092,215.1640237282512,0.9177936153446244,145.30049656432772,227.91792302607573
399,Lasso,25797,8253,82,206.85362392374108,0.90913756313934,144.68957713258538,382.4382114932613,205.4231010477096,0.919382013517454,147.47111229171247,316.54491214496056
403,Lasso,25797,8253,82,158.23906378550697,0.9298055331132982,114.4451357665681,104.20422938390988,203.17921578815364,0.9121560249031014,149.71981155752394,343.0107082629557
404,Lasso,25797,8253,82,126.17242296506642,0.9171898117445996,92.67490686048704,81.31366431859473,157.89623234004358,0.8989781665076493,116.60724963870324,226.3256320886799
405,Lasso,25797,8253,82,182.74978079959968,0.9069731650398034,134.36826776841858,143.3254666743548,237.46008861407063,0.885764147112125,172.72555440269645,251.835006461002
407,Lasso,25797,8253,82,109.77109110768664,0.8838459289299282,75.93098542181572,78.369657792555,137.14599845766716,0.8554143089967905,90.0379536193346,297.7870756785674
409,Lasso,25797,8253,82,80.07041148700678,0.9254664375488926,54.67878494092936,72.56091035625289,109.3599777301224,0.8984144346650034,70.61537187360803,104.8240609852839
413,Lasso,25797,8253,82,128.21179167611257,0.9061859671862588,88.93213436552607,226.5106287289476,168.76379282653653,0.8829355988064632,117.4084218954968,579.50864729846
414,Lasso,25797,8253,87,159.2095089135342,0.9352432802663828,114.90118235238828,153.72552678488836,187.752692377074,0.9243311016947396,130.32892489458544,494.0295280385701
416,Lasso,25797,8253,77,36.86755464624873,0.8049148471295424,24.33771276794852,71.9178538339189,38.08114095686246,0.8036415168938438,25.872940842966003,90.43527406682584
417,Lasso,25797,8253,82,32.848811970488924,0.7961973128940473,20.2136409841633,142.62750185789469,31.61755841506729,0.7965051320143608,20.143627217895254,130.81609673060493
418,Lasso,25797,8253,82,37.923432286680885,0.8207442558613182,24.39261391915095,92.44455091573538,32.53472363968003,0.8320716123593339,21.60949753514029,66.4823625869699
419,Lasso,25797,8253,82,31.61316759290809,0.793371024733371,19.9974893804342,97.03524653691969,31.192366179192188,0.8055409566706199,20.50060342381497,88.01887867079239
420,Lasso,25797,8253,82,28.65512398743257,0.7828492284773638,18.102356403365103,103.65041452831052,31.54565393718015,0.7767197980095394,19.756929903511267,100.07011770458348
421,Lasso,25797,8253,82,47.89601355775297,0.8322725706034707,32.19024048026192,79.77042251541289,44.97335441943476,0.849268477785543,30.69765589177004,117.54802333095454
422,Lasso,25797,8253,82,28.507956981644934,0.8099561217399586,18.21401076275137,97.1595172840657,26.03042309820928,0.8226644828463001,16.502004143818972,77.22319872719824
423,Lasso,25797,8253,82,40.980061094363954,0.8259017174548761,25.499302533959465,101.24248567078268,41.17018954697554,0.8202593412246599,26.95696845434378,99.08070925084942
424,Lasso,25797,8253,82,64.40077790710333,0.8382685618790958,41.36054966685952,103.35142737777252,59.74682050875529,0.8366501411612786,40.68745164905628,82.0431344424332
425,Lasso,25797,8253,82,26.322626777072223,0.7947606947460906,16.44890642309763,115.10534466038702,27.54636747066097,0.7974132311085663,17.50970358161115,95.22697082223095
426,Lasso,25797,8253,87,74.49567032734656,0.84524389561057,47.52594707512068,69.10736547154444,75.64097039771224,0.8520326605959796,50.74663044021003,46.42000346695403
427,Lasso,25797,8253,82,39.26415968560505,0.8442443824835668,27.302293322992877,52.948000989069165,51.357182204629495,0.8241912392764041,35.008263098473456,179.95377643639142
428,Lasso,25797,8253,82,45.14072020118159,0.8439800820982287,30.967802898822303,73.48125423911247,58.50835308191092,0.8207507607947104,41.094081469257965,223.8587650302044
429,Lasso,25797,8253,82,37.08342029897641,0.8260653725775428,25.108351581933626,82.19823817553713,44.278796547203946,0.8068495568432066,29.319063260093284,170.76184904773868
430,Lasso,25797,8253,82,53.46100675849356,0.8478597943260839,37.08990732730697,76.3550943631659,66.28711044976987,0.837836044556474,47.29338059963695,237.9900860550026
431,Lasso,25797,8253,82,22.77909830659666,0.8427004390450054,16.33198768832473,71.402977130003,29.774217873339115,0.8191270238404834,20.768400586637984,122.85142887994292
432,Lasso,25797,8253,82,51.62108365781193,0.8428204433081806,35.77087167230273,85.00497262435655,54.86249878399764,0.8368533443235162,38.584814339111865,180.721954091567
433,Lasso,25797,8253,82,46.00961841416966,0.8156092120967299,31.387530458959827,117.34781629855102,54.76964147275324,0.8023074323421233,38.32048816317016,192.33656559034057
434,Lasso,25797,8253,82,122.25810414230595,0.8701108654379563,83.00218245018982,116.00444253240704,151.30356327500192,0.8690959844672149,105.68825495548904,428.916415131467
436,Lasso,25797,8253,77,36.045257540260415,0.7934808703952568,22.07277667727172,183.85320934763772,33.646914350641204,0.8081282959660055,21.02726306510476,105.63774934688664
437,Lasso,25797,8253,82,30.838559654405625,0.8048999637602458,19.107324081729946,224.74095650534832,33.307721864567625,0.8069602160329865,21.18692396394026,114.95581060512843
438,Lasso,25797,8253,87,75.51780209499353,0.8778853905682641,50.72089377237568,146.56719791847078,87.44880937045275,0.8719174578067442,62.33323455673263,74.64991425105393
439,Lasso,25797,8253,82,81.8233522516788,0.8976130112604677,56.78384940993488,152.5564860976213,97.14954628678689,0.8982412667444284,68.3311704638342,99.75781972738974
440,Lasso,25797,8253,82,78.33317935754897,0.8350122240827789,50.35794550874148,179.08805446471078,86.68827133486758,0.8302299135290294,57.19757677891236,81.19611754832812
441,Lasso,25797,8253,82,63.44869857294471,0.8337829324130472,41.16299967636951,112.87317576692588,72.52628458536581,0.8193115995077648,47.78788667284668,81.76045222208366
442,Lasso,25797,8253,77,51.94120754869294,0.7895846481848172,30.975320364119497,235.1046557049203,53.59499486166699,0.7734631559349032,32.41284770624027,302.7855758780694
443,Lasso,25797,8253,82,33.77070390270146,0.7955837516545486,21.53486313158125,217.8643990915277,34.4320651677791,0.7896017195994501,21.91237249125586,277.02466204130644
444,Lasso,25797,8253,82,56.48221962033334,0.8057730267505314,34.135262362372394,182.3469220041544,52.0758744969068,0.7892106833031581,32.20231639601475,385.3976711297314
445,Lasso,25797,8253,82,36.81286760151785,0.805992496370181,22.260747260133392,328.5352811550318,41.51242521900161,0.7907076385687946,25.788850139895303,452.759691312677
446,Lasso,25797,8253,82,36.43320605288868,0.7996567551113061,21.57140290096113,348.3959885749296,42.08135774505166,0.7839738289355362,24.582134095645827,471.7555873022405
447,Lasso,25797,8253,77,454.943818063077,0.8608165256637478,296.4370700901303,720.8604024807712,494.0036522009297,0.8573518237198372,332.96711819045885,954.442742017874
448,Lasso,25797,8253,82,536.4787961454082,0.2968991418318781,200.0249327878663,339.8293095266296,778.6956535712054,0.2731918644517423,266.93158783993977,277.98041612248204
449,Lasso,25797,8253,82,124.80527672592562,0.8117605813627067,78.64288641147799,92.96668146702493,203.64430445182623,0.758037022750297,127.18802290840404,116.00351170582329
450,Lasso,25797,8253,82,253.8609602394067,0.8451971714810933,157.2752077889563,70.34997048017118,231.393159957715,0.8605056817531973,152.28906817869728,190.5623648132891
451,Lasso,25797,8253,82,246.0382477183511,0.8636843852062747,151.09756596046665,70.45352363004409,262.35621409137315,0.8615333177556492,164.8262088971979,66.07017194585242
452,Lasso,25797,8253,82,156.59594208828688,0.859369630893109,99.18912054231252,54.775600973353576,173.1514783143697,0.8598709321913683,110.17057285579683,57.22170876266287
453,Lasso,25797,8253,82,105.92414909790683,0.8584541980135839,71.0099132343483,65.03941980512414,111.64573312700443,0.8689423490267866,77.18640790696284,48.043731938153726
455,Lasso,25797,8253,82,59.61577274711389,0.8213408438696203,37.317673171134246,135.3649783311244,67.53590371656801,0.7429282519290779,45.72036280006972,123.73866523756092
456,Lasso,25797,8253,82,182.31895246001375,0.824165185194812,112.11334264178656,406.6421225968172,184.6866070521593,0.8189898463706655,118.71289793898676,310.5864501562729
457,Lasso,25797,8253,82,66.94649061644407,0.8198564951973912,40.68795119714994,144.3145310369926,78.26782546782172,0.7604801566058731,47.57694363519056,132.8678219952064
458,Lasso,25797,8253,82,115.03359047233846,0.8440690273550521,73.87485702766824,226.21923911753575,152.7642756401668,0.8178372410865264,100.21342187163916,299.9902855088882
459,Lasso,25797,8253,82,85.49822546567809,0.8591099278753793,55.65835691419019,120.94985323065322,107.74154161722996,0.8347189645182422,72.79644433416661,123.2127877258287
460,Lasso,25797,8253,82,68.05729111976841,0.9288861045943946,45.66399395784455,105.17434885532988,137.19312692662012,0.8480845036238132,80.04760462515131,141.9013688803862
461,Lasso,25797,8253,92,112.85070611117256,0.8723225040828273,77.17493430415304,213.95705602877163,132.67282021562227,0.8321971588971969,93.1656483435611,51.86329454248062
463,Lasso,25797,8253,82,65.5017289445134,0.8379322747115764,40.02559091845846,304.7000425960995,60.47457737204674,0.8533493397734213,42.06187002255691,225.69072861457803
464,Lasso,25797,8253,82,172.18238957054845,0.8273950607259264,107.39587966052184,696.9072916146868,239.4332097388969,0.7916942693161122,146.7849274710643,943.8530830797472
471,Lasso,25797,8253,77,233.9299297086233,0.8915767158581434,146.81178711953595,810.6844054698191,323.57282235469216,0.8773719333641052,193.8978395510322,779.1636362572077
475,Lasso,25797,8253,77,155.96712164919833,0.8497750091160683,99.25806492194668,95.4770995909899,192.9369308712915,0.829187703853341,123.2011412853672,128.7469825264972
476,Lasso,25797,8253,82,240.64558645802265,0.8377417841476966,144.23721130701375,168.10399364764578,309.04688146901555,0.8125511647496828,187.78444550948524,233.87517659649384
477,Lasso,25797,8253,82,199.74581479890813,0.9306519476630613,133.40186693828542,160.25438471296525,255.32472845794103,0.9130785369726078,170.96219290011962,155.13676509716962
601,Lasso,25797,8253,112,249.92350916728276,0.9334697842192567,167.81412192531604,53.238569233143416,272.73160837277084,0.9340369902212992,179.22708961615223,44.22652128660677
602,Lasso,25797,8253,127,424.6463910208472,0.9582795049863386,303.6260932635594,50.65018778351668,490.6613830000327,0.9588795434133884,346.5570689833545,45.579520578934144
603,Lasso,25797,8253,92,60.98951408858523,0.8998029740604687,44.91891927439836,45.658203698041085,82.37562566237499,0.8823354106127766,58.71963405634078,40.73254464085141
604,Lasso,25797,8253,92,837.636621082367,0.2399881466632081,323.05585486505123,98.3742390958561,957.7924963196034,0.2403523318848741,364.49844284132143,83.20883903490305
605,Lasso,25797,8253,97,122.30904544308844,0.9500144012864308,82.96366836695384,50.58564535076483,131.90236190259782,0.9464193064270215,94.81254145959392,51.17679499423108
606,Lasso,25797,8253,97,183.48051983249445,0.8953644658655218,122.79233323239228,73.69628541380264,223.202546539264,0.8808422701233958,150.5499862903541,63.66713709764717
607,Lasso,25797,8253,102,456.92145494798746,0.9585805629594358,325.78937822287065,45.22632970385971,514.4658429215391,0.9585079046268626,365.2782424329488,39.73920914939093
608,Lasso,25797,8253,92,108.96695191993943,0.8436706337241191,70.1499176340882,101.67181161152476,126.62918846280814,0.8350274600191107,80.20814736129486,88.91115573978897
609,Lasso,25797,8253,92,299.0201973093599,0.9610589616082869,208.3333691075819,71.77435275577557,341.79782988280004,0.964506488815291,245.44761161545728,70.88412392285835
610,Lasso,25797,8253,107,797.6796339543671,0.9440640855677788,542.6005754884347,100.05029925540452,1079.960030749933,0.930480741675482,747.1946076208873,122.8614281556148
611,Lasso,25797,8253,132,917.3531376982368,0.9209812785260189,660.3243937175508,38.34038066642909,1135.7627309351628,0.907352967222358,816.1694459777216,45.279999941125375
612,Lasso,25797,8253,92,323.4821488793132,0.9562767599644167,226.37406940197835,107.07195561638258,396.3473297035199,0.9510798227592008,302.04796695001903,161.98239987847555
613,Lasso,25797,8253,107,210.87926026048785,0.975585400549432,152.685065121499,57.26823731020773,263.42110045472697,0.9666678791903188,192.82248475626696,92.18144900727486
614,Lasso,25797,8253,107,311.1526251535588,0.96187470960148,216.20393246980828,47.12628908703668,358.3640056199055,0.9576931465227856,247.46927454050945,49.00488697804083
615,Lasso,25797,8253,92,43.22356212143888,0.8640797192916401,28.6208626045724,81.71661744588916,47.06084099068099,0.8533502614701147,30.620150310201083,66.16070719754882
616,Lasso,25797,8253,102,382.0312149765011,0.8907150267864378,247.63985102183287,35.58931912448365,430.78496014581975,0.8755757279172115,290.42240732759194,33.61682786809831
617,Lasso,25797,8253,117,467.8156961386019,0.7446211268736884,256.0581154512479,63.104197822846245,583.281620125237,0.6929950401071931,319.4027018501877,69.01159249780532
618,Lasso,25797,8253,92,241.1458778717353,0.9512235647073386,173.86427679870823,46.4289192837184,282.5642717433634,0.9460566417725192,210.7095697340508,56.85947711205219
619,Lasso,25797,8253,102,202.64095281626965,0.9536310215653676,139.20796029040724,56.15377701595185,250.2484811881996,0.9487293610148066,175.67310252513374,50.09788781905806
620,Lasso,25797,8253,107,185.6076809519454,0.9327558605053036,126.96351770183512,147.06077350985362,235.8079025943522,0.9061263878028574,150.27568715709734,139.2502450929296
621,Lasso,25797,8253,112,60.58939071579601,0.8429701424256866,40.0994302296917,36.64221930293858,67.30507535827978,0.8360219677178441,48.02287034133734,33.673920888744604
622,Lasso,25797,8253,92,165.69900153759815,0.94862659279104,118.67168222820575,118.6258105099947,189.42098734294055,0.9429537495862566,129.75349534382923,103.49142036004656
623,Lasso,25797,8253,112,204.23980561058625,0.9674312334579908,142.8134404607437,62.7640852239022,248.350896251212,0.9654699769948876,174.23152931465768,60.20207912128453
624,Lasso,25797,8253,102,365.1738805109263,0.9474162842920364,256.8428018828602,110.71453355408052,466.7796185427424,0.9352401776560868,327.8819798763912,123.02738567666364
625,Lasso,25797,8253,97,183.4286554235408,0.881380613435365,131.7029148841333,41.56785684466358,220.55955690815824,0.8694151911339806,156.5486952642196,38.39410765507039
626,Lasso,25797,8253,107,143.0370896308014,0.8198632709480371,89.77672926744752,82.61239318276277,179.72310605532002,0.7835525670126962,114.61474325535436,83.17314107811443
627,Lasso,25797,8253,87,46.21464255505308,0.8306485321566395,31.99306612432319,75.4502061057872,50.78984469982173,0.8308473060710921,35.222403489057754,77.96527166474117
628,Lasso,25797,8253,107,482.04954390533953,0.94474324351788,340.2334409746153,90.07152782198108,633.3709844307182,0.929688179736018,445.208460448222,97.2647039056472
629,Lasso,25797,8253,92,149.7193655966513,0.7750551910978446,102.03525544854335,55.8644223360122,197.04695753449556,0.7471513772850527,135.37470419637006,60.18503574877613
630,Lasso,25797,8253,92,183.66848482052663,0.8491210905612194,121.8710500434002,68.47883278461319,206.21595401027457,0.8433831631013438,141.79075692838552,59.60112358045956
635,Lasso,25797,8253,87,215.01715458246807,0.897873251236255,152.59319973777323,71.26881390887202,250.9775594230097,0.8927502363975379,174.88308970878649,72.43813185001855
636,Lasso,25797,8253,102,195.8129626139171,0.952974842075622,147.1456516251228,74.50480283129292,244.6553683542051,0.9377540452144388,174.61996602108005,74.45539815287437
1,RandomForest,25797,8253,77,45.90051384938953,0.9856179400375596,26.82481080070416,19.919328339325087,95.56925399903604,0.9476376726091196,46.9420123679486,19.65817451682661
2,RandomForest,25797,8253,82,37.715865972922415,0.98173630817891,23.202497838317715,24.465457472555887,66.09237869322801,0.9549601735015752,34.95772680881828,21.685888012351278
3,RandomForest,25797,8253,82,44.30216673946033,0.9835350267425992,27.0334574828294,21.308163375721936,84.03794751765291,0.9540898880311478,44.81587173176478,20.29193023726025
4,RandomForest,25797,8253,82,43.507964302255125,0.980596289730963,26.94121929538462,21.10093577227001,73.88143293139632,0.9550856010280574,39.64031850032349,19.084537054221133
5,RandomForest,25797,8253,82,25.988220989744484,0.9698884023111216,16.693276862737243,26.59610174830395,40.20293247547083,0.9406771561983344,23.772669795961534,23.947746121438097
6,RandomForest,25797,8253,82,15.060276908032034,0.9677410771119864,10.341758587211022,34.388674019178985,27.0021986032212,0.9310990132669688,17.110324045015997,33.369314929524954
8,RandomForest,25797,8253,82,62.74762130046319,0.981760403665218,38.04794079414726,65.1393281393404,105.80391298081022,0.95813480050278,55.38382801457399,107.5683498438954
9,RandomForest,25797,8253,92,104.4504234167529,0.9822662046407504,66.52811650761454,32.260944570156475,177.51749715690678,0.9599660465602076,103.09819074091378,158.14903242090455
10,RandomForest,25797,8253,82,93.97437621349384,0.973938641647638,61.84242181398132,53.683417728700135,167.15337624575534,0.9467980613115284,104.2261393520628,155.48012636781482
13,RandomForest,25797,8253,82,37.52262679222428,0.9788662983618724,25.79092427348797,31.26926494958157,70.7824870102965,0.9489155987875136,45.90686665750471,86.93005162693862
14,RandomForest,25797,8253,82,64.55699915902414,0.9804650497305134,41.55260018603039,38.625067880820126,112.3626682258607,0.95830832643996,66.74951692576859,80.09008341324679
16,RandomForest,25797,8253,82,61.575668872486006,0.9701243874316214,40.20762134347788,30.28253743157106,110.48075942890392,0.9306524124504963,67.04285798359024,67.63857268442524
17,RandomForest,25797,8253,82,67.06581155711571,0.9666434729894358,37.13314327150502,33.55330743155615,146.06772900369182,0.9024375730155728,74.71467867464165,80.71236335495036
20,RandomForest,25797,8253,82,20.49251469232945,0.9826244691557448,13.407012254958756,60.37356101410318,37.49727639568604,0.9485716414959844,20.67961044681235,66.90136062703922
22,RandomForest,25797,8253,82,22.122188017695184,0.9722869195110222,14.323794481823574,50.75823418160756,38.16111239622679,0.9355609011935512,22.39912542126435,70.66746940818027
26,RandomForest,25797,8253,92,74.42322829733075,0.973137489264428,46.70530058981665,17.374974235170836,149.80140695401045,0.9228360571391776,91.49364424728584,21.412375126907136
28,RandomForest,25797,8253,82,32.67858258067553,0.961638228799394,20.792819827439036,40.13341301533636,68.70938849128785,0.8884052728594054,39.19893436976212,42.4215357425384
30,RandomForest,25797,8253,82,22.280573139613548,0.9775695823098108,13.999789216831813,30.470764832297792,40.63107967551115,0.9419646685200936,22.63726026764847,32.48689272761709
31,RandomForest,25797,8253,82,16.912281255418762,0.9591555642713055,10.77499804847806,30.30122719787429,28.08271563911752,0.905760204862637,16.868654901399218,30.604825730996787
32,RandomForest,25797,8253,97,58.99186390533967,0.9699522233455526,37.22166107121712,24.902352294644917,89.21056133252077,0.9483451162994976,57.322995244312224,25.525924685665885
33,RandomForest,25797,8253,82,29.03917226787962,0.9759258166406805,17.504107114515882,23.4277679508744,66.54329879152024,0.8961267440329861,34.35645191720748,23.25990337202007
34,RandomForest,25797,8253,82,28.766735663781176,0.9795719514298988,17.966245628615436,23.56429788531349,60.049596881881534,0.9257275265320608,34.077208367247685,22.33769614503053
35,RandomForest,25797,8253,92,43.79513795782034,0.9784528806256756,25.116394635787127,18.3079179300162,78.60381926296016,0.9469213469635994,44.6401386324953,18.008019954811527
36,RandomForest,25797,8253,82,30.875159391568445,0.9757360101711569,18.04323290663861,50.05370495176808,50.90518859465733,0.9396144962559856,26.026951162695678,24.327698031340457
37,RandomForest,25797,8253,82,23.854787315942566,0.9740532408044916,12.588072990159487,32.021943864912764,39.28533345782482,0.9394502510965744,19.648761683743704,26.80606490513771
38,RandomForest,25797,8253,82,42.38362855748071,0.976686511991526,24.35052028501153,34.43849992774997,76.13764755864482,0.9332003729665596,38.46823886493016,20.572770560325235
39,RandomForest,25797,8253,77,21.35667458400574,0.978092728677777,11.8905441946606,31.076388255631223,32.841840101118464,0.953911122681805,16.912305929658828,21.57852285292864
41,RandomForest,25797,8253,82,40.9988645913965,0.9727828091547708,24.691613854019245,72.21435499390115,72.54436463853568,0.9307842160008928,38.27017644852841,68.19548242711704
42,RandomForest,25797,8253,92,43.05498670427348,0.9644470041740169,25.208033489453644,23.5169040780264,88.23086576104158,0.8819276913102334,45.38583808151921,21.54424624488836
43,RandomForest,25797,8253,82,26.935406484117724,0.9662627450192586,17.361101531281147,30.992361460082098,55.08580783685544,0.9100558196803434,29.532589782128102,39.01737652655665
44,RandomForest,25797,8253,92,49.16567744470647,0.9813979405398606,28.10842944371244,60.1223931201865,75.3737453566977,0.956358190704549,40.77015635028113,140.3518848521789
45,RandomForest,25797,8253,82,29.782821020824127,0.908823999724081,14.55864768725026,39.52086040575932,47.87351189439632,0.8273014695490335,23.84286939459589,66.71565928672666
46,RandomForest,25797,8253,82,25.196501373712195,0.9732907405498424,14.424140213878829,25.42680703030839,43.32577889429218,0.937735927915802,23.94257215030928,48.95721978736673
47,RandomForest,25797,8253,92,34.24824950914864,0.982816850990099,18.701234751480463,27.03664336520849,65.23542287393936,0.9457174528841612,31.32147067970149,35.180740114803385
48,RandomForest,25797,8253,82,13.729720561987444,0.9674201350056352,8.61387677070871,32.806670379803634,23.47670796548761,0.92668012238164,13.507795425066943,53.274032575170295
49,RandomForest,25797,8253,82,19.25101596076198,0.975743700262034,11.51042812222801,22.84121357868105,31.110275151261835,0.9480520671873136,17.47838427567564,35.86608715840541
50,RandomForest,25797,8253,82,21.762563784735164,0.9727205555808496,13.229982238610726,31.16415839888578,37.16475986064937,0.9397739006465504,21.542905332059664,74.56436643985495
51,RandomForest,25797,8253,92,59.815760179266185,0.9842046625727928,33.68181567264754,27.459783407628024,106.29896028073756,0.9564428095350038,54.21535302427469,69.14410736775842
52,RandomForest,25797,8253,82,24.58374263902377,0.9799124320549544,14.407083814094545,25.237961629510878,37.93920314661984,0.957099290378153,20.235653862392983,106.5178186058548
53,RandomForest,25797,8253,82,16.80681253046551,0.982800677661986,9.899419736274297,31.5969910305739,29.947171623099475,0.9553888967344796,15.383602713461814,62.46995232607309
54,RandomForest,25797,8253,87,40.85121282753716,0.9843134092897824,22.663111863955045,27.66167207004946,66.41389457790744,0.9623215319349144,32.05464851857143,185.9564506792156
55,RandomForest,25797,8253,82,52.02019537288766,0.9560061741704644,30.828811494771067,48.07680930411947,67.3329234759984,0.931363962520917,38.19542011162273,131.30366403157154
56,RandomForest,25797,8253,82,15.897098771397246,0.9477755712439828,10.017226036431753,51.05493483876645,21.683116728084503,0.9040727482168616,12.790764761172015,106.0178187657148
57,RandomForest,25797,8253,87,21.528487875424705,0.9145528280650888,11.901811210584269,43.1588169891012,42.31657389072055,0.7560333455354362,18.55753794319593,81.31227794284858
58,RandomForest,25797,8253,87,101.8610793912192,0.8982334190686088,50.89876401151588,18.108456836506377,211.3762148956,0.6641348119116431,82.04603690914146,22.76869225822555
59,RandomForest,25797,8253,82,22.05860549773741,0.9766637820927736,13.192305711400518,26.261435326180735,38.45367196417109,0.9385074767283956,21.734915623387383,42.78429042850565
60,RandomForest,25797,8253,82,15.822593229227596,0.9721561620720376,9.997766972502058,22.74356439918293,32.46574888710459,0.9091519943113984,18.36549363279576,33.51218598380929
61,RandomForest,25797,8253,82,14.182019505246194,0.965485714968698,9.139477501233603,26.92180794942879,20.587143659338267,0.9346024282469692,12.900061444786106,42.3325340281139
62,RandomForest,25797,8253,82,9.412665329698674,0.9524830008748189,6.182068574975619,28.68924824681953,12.896314624171405,0.9207076248576224,8.255706789321913,42.494638495218766
64,RandomForest,25797,8253,82,20.72746115333574,0.9797536608156482,11.9815345327351,27.98261875839837,33.25729910441663,0.9505839726878268,17.800021279330185,32.33384338924354
65,RandomForest,25797,8253,82,25.681028199039684,0.97867916056246,15.049717430750992,32.51575248416383,46.7909646753655,0.9380995459333612,24.39038215087789,57.58846651767834
66,RandomForest,25797,8253,82,24.598214839193584,0.9775132375534904,14.026269702547534,26.10600668079984,42.37394623532861,0.9402581849906207,21.902168526338688,52.40284914364093
67,RandomForest,25797,8253,82,19.745695678706504,0.9787642646433092,12.006225095094347,26.97141708384738,34.806001129152705,0.9372902087159668,18.141550116788373,54.36192743307283
68,RandomForest,25797,8253,82,26.88044132733037,0.98044586243443,16.035206102591843,23.877405559593782,45.08228054901944,0.9443362976848068,23.63131939912553,45.23349931445103
69,RandomForest,25797,8253,82,18.211715596489867,0.9782972251929276,10.981547053222558,26.11674670665312,27.772260352953865,0.9479504260816072,14.87535601146234,37.36718891315461
70,RandomForest,25797,8253,82,13.658123824476291,0.96283460801802,8.313190575020188,34.05621075951199,23.67240016231141,0.9060489182555304,12.785033767744563,40.86835687766227
71,RandomForest,25797,8253,82,44.56788365646634,0.9671344783043274,26.23134062059243,31.129577870467667,69.71449098865692,0.9357394590162316,44.6775898024533,22.93400584652842
72,RandomForest,25797,8253,82,26.54949751770429,0.9805711957923166,14.88381860538858,28.28989981451624,45.677180908975615,0.9445863391397284,24.661793422686635,24.3081851197473
74,RandomForest,25797,8253,82,21.30363674200663,0.9708757490407212,12.729220436705344,26.60880090475582,35.22985170802819,0.9231784359615473,20.35174939792228,30.08347981197357
75,RandomForest,25797,8253,82,20.124179375354736,0.9724302100068194,10.88442421813598,32.6508347500107,35.36594433402086,0.92443952033449,18.54640309368524,29.841833668306624
76,RandomForest,25797,8253,82,30.04820665964663,0.9765848679375068,15.640272956904187,23.741377945453973,43.0438910126448,0.951378707075052,22.22939357668949,23.62023129984677
77,RandomForest,25797,8253,82,24.99919396752228,0.9750531155522044,12.879194332627923,22.872385482013584,39.2032918583826,0.9514695393366024,19.37228923284971,21.996685604598483
78,RandomForest,25797,8253,82,16.700581788922825,0.974993592361532,9.844129774368284,29.33533459507992,28.543277807039747,0.933053676311424,15.46538839440628,23.968122018403903
79,RandomForest,25797,8253,82,11.318694682906406,0.9686493366345788,7.4282380408482656,36.68829601999623,17.22275515845191,0.9271096971601176,10.166392668545214,35.43642788766475
80,RandomForest,25797,8253,82,10.037661394154808,0.9609096991311982,6.641198567331244,33.66809960418292,16.48743532842454,0.9127801833957778,10.07783725446068,39.61415822219858
81,RandomForest,25797,8253,82,10.173614644251384,0.9666043126376662,6.267385508878231,37.778431682068174,16.685608430679398,0.923060641551112,10.125425368319211,46.69019041670935
82,RandomForest,25797,8253,82,12.35706907814165,0.973876173634898,7.003410353434182,27.05854104077272,17.87604153862808,0.9469867692399112,9.689408229692193,32.34063906737558
83,RandomForest,25797,8253,82,13.71088369580851,0.973767093511579,8.300277135161211,41.28317237528785,46.92996094958082,0.850344174217522,25.040352778607048,50.109578946133496
84,RandomForest,25797,8253,82,15.566359979294862,0.9775792558773676,8.774330147773318,37.85219503236201,24.59104934036012,0.9079483445967214,13.255382798788869,105.50873082138598
85,RandomForest,25797,8253,82,12.021129089541285,0.9713693412021516,7.254730260858816,42.10463713318223,46.44548948425109,0.8128498926445011,24.674736776928263,49.91949085539043
86,RandomForest,25797,8253,82,8.404865071086302,0.9561850038038204,5.156796525177365,52.437068710378334,11.031821642019024,0.8245771274178395,6.438227944392903,91.57062942926956
87,RandomForest,25797,8253,82,15.982078313656633,0.9636632665587456,10.055607575336476,24.804415414669357,47.10420399539582,0.791373724603567,28.550073420778027,38.51175127362566
88,RandomForest,25797,8253,82,10.792371491121193,0.9620707945115816,6.875669514725131,34.41550010550169,22.62578493322782,0.8786429087510886,13.278403625262404,40.23902678489318
89,RandomForest,25797,8253,82,10.266500480945078,0.961029905703336,6.407758626898616,28.1964672793236,21.063816700356828,0.869288633948976,11.993399212615689,34.37216182690583
90,RandomForest,25797,8253,82,11.342336421643887,0.9647711387381448,6.954581545226289,26.753048137975043,33.7178358544533,0.8331026446721395,17.9784342000161,36.07200534152194
91,RandomForest,25797,8253,82,8.11815156794303,0.9473205510849,5.952739064497914,28.68104272686039,14.360976857726008,0.8778063355319806,9.750020089669423,40.52529124562236
93,RandomForest,25797,8253,82,12.448529248928914,0.9553719164047234,8.445140338461506,29.0458035678137,23.64136955105617,0.8784045106886079,14.38522141193101,30.774470432804357
94,RandomForest,25797,8253,82,19.67293153741856,0.9754493147804164,12.79819549603923,24.68800803843281,49.62530430931598,0.9018233365845764,27.82508627658517,31.582096563466155
95,RandomForest,25797,8253,82,23.628906471039443,0.9746143484746872,15.209599785125317,27.143810680552704,49.71770523054023,0.9171074105192768,28.0035265059423,36.53431322237545
96,RandomForest,25797,8253,82,21.80480568784317,0.968397401238288,14.580186473998898,24.7973964112754,40.329835419542896,0.9228953307963588,24.28268060648138,25.903874338402783
97,RandomForest,25797,8253,87,39.70792600048786,0.9757767092282508,26.069591559408856,28.60692329010141,75.44351866026705,0.930366463145937,44.251698932754536,18.82897453309292
98,RandomForest,25797,8253,82,24.956474366715597,0.9748198523693532,16.604882201595462,24.656367202737727,55.6922477422323,0.9196582947345516,37.71348173773205,27.864948598740742
99,RandomForest,25797,8253,82,19.974200172604856,0.9433668070571024,13.115494485786751,35.27294619092415,35.188607671005734,0.8697487910322385,22.96753409835778,35.5865555599909
100,RandomForest,25797,8253,82,14.93728444616282,0.936263413209258,9.82221807078617,34.8606679336821,20.324387147396056,0.8952896033216636,13.253304752435724,34.789468677707426
101,RandomForest,25797,8253,82,62.89067011584631,0.9442268917482516,37.85424350213389,70.42896243139657,89.72363797542026,0.9114424967011248,54.361022764992285,124.06993100051903
103,RandomForest,25797,8253,82,19.0164338780755,0.9382270765132826,12.683942880607344,42.28188453010845,31.134507004143288,0.8837526016935683,20.64341751386143,69.75728547347337
107,RandomForest,25797,8253,77,20.938726013632312,0.9869465576461472,13.652199837265716,56.1743722210176,38.28590096951456,0.9670233075232728,22.116001416928597,75.07318911732997
108,RandomForest,25797,8253,77,15.897323445250462,0.9762516237251696,9.513755642297022,33.48414229483774,33.54451231433042,0.906574884540536,17.56729684800589,43.93788798106093
109,RandomForest,25797,8253,82,21.572102283279506,0.983740448136024,11.699239481816134,27.05435706055896,43.328630511931806,0.9446639097014836,21.86050579170115,39.6188451255174
110,RandomForest,25797,8253,82,20.49525084604327,0.9736357815318608,10.850472701603977,41.96477011496856,34.12811201300306,0.937591377700239,17.385854934174635,57.713771719992565
111,RandomForest,25797,8253,82,15.250226664346322,0.9577344238233252,9.077438942215036,57.0615253031597,25.39843763320066,0.9101903922653264,14.057328301589576,63.60462186612642
113,RandomForest,25797,8253,82,18.254980556160284,0.964848565113342,11.56128674431642,45.08671702322455,34.81403160912074,0.9053049361237048,20.189744394988278,52.86840206715433
114,RandomForest,25797,8253,82,16.822927526084808,0.9711190862750708,10.997957844971172,42.04733358856415,30.31343637209493,0.9244916386553296,16.971861368783784,54.23634563033827
118,RandomForest,25797,8253,82,26.591599153270767,0.9683303858960692,17.811161361561155,38.27977286079845,42.776908227376815,0.93865943392694,28.43773910769973,41.61667730002571
119,RandomForest,25797,8253,82,103.67053256572936,0.9596294974138584,68.24831799682714,56.20837500668604,173.74343075645152,0.9199759684350632,110.96283292166098,45.46891526759503
120,RandomForest,25797,8253,82,135.9699078773332,0.9669990887710525,88.69657720177823,133.75971502054776,235.34963851559897,0.9286560105825316,146.06060706941793,53.50461680549067
122,RandomForest,25797,8253,82,41.73426346839903,0.9646696429153432,25.888343988659408,60.88267999208745,75.36805127386069,0.9191153082956272,44.978221864299954,120.64442554272988
123,RandomForest,25797,8253,82,27.892055820841342,0.960083420734367,18.92339005670273,41.91608642380863,42.01239036901332,0.9139042805918888,28.10539185654532,77.40041274301663
124,RandomForest,25797,8253,82,30.140033388640276,0.9568535109229,20.81994431257881,45.58750331633284,55.42840535434019,0.888811679507699,32.836159879856226,77.98444801745717
125,RandomForest,25797,8253,82,33.431535406836595,0.9482069355291364,22.38695581807525,40.44102759834436,58.53111179508716,0.8899317978997201,39.00562598161736,93.82174639814406
126,RandomForest,25797,8253,82,43.093547138239536,0.9180977266666654,29.890339914279554,60.01233886378585,70.8366121641044,0.8513380404755941,49.83727079772369,140.52911698049388
127,RandomForest,25797,8253,82,43.71647927060516,0.9753918644125908,28.678243273064336,52.04930829671765,83.56554630856373,0.9380707789403292,48.22284612174352,95.59973682057334
129,RandomForest,25797,8253,82,36.849226182860974,0.9566020607499334,23.081767730596397,72.98761156384408,76.47263339765748,0.8943671189033731,43.574736398487865,89.88967393292087
130,RandomForest,25797,8253,82,18.44025717770175,0.9651577695823944,11.74913293780471,42.680652855542114,35.980366683437914,0.9001951667640128,22.938346602965144,50.32580365772454
131,RandomForest,25797,8253,82,12.802629405267554,0.9454871306791376,8.400727766564506,43.28170784839681,18.56217323034205,0.8996272841821561,11.49320993800352,45.06569146880161
133,RandomForest,25797,8253,82,9.528230459001737,0.9518263786399908,6.525556519743452,51.88460791592754,27.09512008986627,0.8384538387747132,16.096121358189478,57.07663284281057
134,RandomForest,25797,8253,82,11.718069922807048,0.958569718957168,7.4320726655987155,30.10798241669906,22.768505379993737,0.8714877741484931,14.331481619090544,39.82932465445517
135,RandomForest,25797,8253,82,11.95977954519026,0.9609414092209084,7.891159507260939,32.03399820561516,20.145303006151,0.8942685380366089,12.455642677768545,42.88230132007815
136,RandomForest,25797,8253,82,13.167640559051968,0.972195583664382,8.539270515499451,23.44383606320754,23.49722393712664,0.912061553788024,13.82952377544534,25.92695184126601
137,RandomForest,25797,8253,82,11.101615489205328,0.9741883615439332,7.062562561435379,29.633617965768345,18.57946990798754,0.926075824389838,10.729514907145427,53.75473908142309
138,RandomForest,25797,8253,77,12.307282757562186,0.9758346742223392,8.086863659849056,28.249819134699223,284.60896095564493,0.2520722893647638,162.81117955835234,70.64064391552995
141,RandomForest,25797,8253,82,8.635157025411594,0.9448781545621284,5.768675373306682,36.59542506746652,15.569469431785844,0.8766928782174752,9.567212032205116,52.689595847472425
143,RandomForest,25797,8253,77,32.69287658662961,0.9720539825863602,18.891929475835106,35.1535383676441,61.42748426843188,0.9234994821023016,32.054099339213046,133.51515023089866
144,RandomForest,25797,8253,82,26.195446943912792,0.966809880658062,15.650932038396377,25.76000087001285,51.252484144662304,0.902615651855893,28.96533386892776,75.71961341128149
145,RandomForest,25797,8253,82,20.810627375987057,0.9670786354568144,11.84021229424392,36.58002963274723,31.290010301850543,0.9348760550879278,16.616293616927265,64.66566936367794
146,RandomForest,25797,8253,82,35.23643660453282,0.9764854345864016,19.98715806981781,43.7439121724714,69.98298400982728,0.932809174499967,39.57548595162741,139.00856674122588
147,RandomForest,25797,8253,82,36.04833266596824,0.9759344148635236,21.66798638736562,36.6201468358517,62.46745413247738,0.9384044741645644,36.22606430177064,82.82183849324515
149,RandomForest,25797,8253,82,14.203892985287617,0.9710371165286468,9.3196503259227,22.298856324516382,25.232599632399364,0.9282609102590784,14.968745788331969,27.050038510719883
150,RandomForest,25797,8253,82,11.500222312409564,0.9560109728166668,7.437470965159882,28.984966915546902,18.44178231034268,0.9058738519167842,10.921107813162786,35.77635937301748
151,RandomForest,25797,8253,97,67.84178165614667,0.975667293766183,42.40238730959888,14.42297338878508,108.86618008650318,0.9483870120183632,65.94834604459386,15.741536753938984
152,RandomForest,25797,8253,82,20.789584532701404,0.9693876129270954,13.102628919586218,31.168938261952903,34.868988457471794,0.9345482261780896,20.66010995504988,32.3252211538368
153,RandomForest,25797,8253,92,90.60033890025584,0.9674527803098693,58.2988372342273,42.697118717185326,118.24352805287442,0.9542735364843914,77.06190853534737,14.51038265872585
154,RandomForest,25797,8253,82,26.040133254439272,0.967056100694048,16.754165241958287,31.28995240015955,37.43230833965067,0.9396947116610104,23.32167783782005,28.905882658624616
155,RandomForest,25797,8253,82,32.150425126461926,0.9647281095152996,20.02526817866038,30.083350252742477,51.12074303485115,0.9285211366190737,30.73999305110038,27.40755517320898
156,RandomForest,25797,8253,82,20.54626394943237,0.9605658617401308,13.015208458061528,31.62975927021116,31.18900253910151,0.9246670453329476,19.08474720145532,31.75073826729521
157,RandomForest,25797,8253,82,36.112344385811866,0.9783311732874238,22.186757831708288,46.98691783634412,54.53638497985186,0.958675882416448,32.231779380764976,33.19507117383391
158,RandomForest,25797,8253,82,51.854756756898105,0.9658983494678948,30.65181632239641,54.75287160987832,88.08782269062284,0.9207371029170336,42.88561550537641,39.29287042682523
159,RandomForest,25797,8253,82,78.51361589218297,0.9699787159311072,44.47366353854379,62.64015098673647,121.60388918398168,0.9328624649055132,63.16658067613435,86.71703151211648
160,RandomForest,25797,8253,82,62.88108709936488,0.9428246388018524,35.45423742279591,66.36127516770944,102.79393838812403,0.8824584711998007,55.70303839675912,55.43705590962564
162,RandomForest,25797,8253,87,80.35293572803697,0.9646110891534018,56.0949933606009,51.44830877313783,124.78999932386785,0.9341037284899568,84.58867184773017,22.0460994175874
164,RandomForest,25797,8253,87,334.2236708231839,0.9523243606064384,217.65816212797827,102.35675605248862,496.21637464457086,0.9203320040080136,326.21598730720024,22.64225332541282
165,RandomForest,25797,8253,82,63.09165559332538,0.9809983481969676,43.47629524070036,42.89441683915764,99.17243104782654,0.9627740714028944,65.33600869068898,30.73478771833964
167,RandomForest,25797,8253,102,125.49566501049856,0.9781946265803216,84.3208681330576,14.245896421400436,232.87216949903348,0.949531521437318,150.67136357605955,16.817201505058538
168,RandomForest,25797,8253,82,44.51258023689366,0.9850226066075216,29.10768984881008,53.17188448334407,119.19847715991467,0.9398632712759872,64.92333283079178,45.65441231788578
169,RandomForest,25797,8253,87,48.71237170001483,0.9902696694250774,32.64000955236812,33.48550594446937,85.3406806318854,0.975610426182298,50.87380518278202,23.00753053564512
173,RandomForest,25797,8253,82,52.67510070565296,0.9491843067291824,33.12504106850561,81.6665755887522,102.42923963845166,0.8719160252941147,63.68798119389151,49.09968443497084
175,RandomForest,25797,8253,97,34.91115242732336,0.981328018982672,23.40137874246792,21.87440650571958,70.2385398582851,0.937920493001508,42.59392758397774,22.503556449187062
176,RandomForest,25797,8253,82,33.35030520989095,0.9103453696318218,19.7508752199335,32.95462580015785,43.485396299650446,0.8622427282629763,26.288689491898648,32.561568892388564
177,RandomForest,25797,8253,82,29.297754157937547,0.974674744262754,18.323268242367423,37.72973450121813,64.20014925658438,0.9172789185874188,34.74918925016612,34.746943056071395
179,RandomForest,25797,8253,92,51.52355378532893,0.9812202636018396,32.09679715967568,27.22523252317067,111.1003217974766,0.9357608477291608,60.116481212499664,21.743112676489268
180,RandomForest,25797,8253,82,24.20108901367531,0.9722729101947144,15.465870346976232,24.43799106227167,44.9407611333486,0.9258167141575444,25.23686303646979,21.159231595679444
181,RandomForest,25797,8253,92,40.33247722639019,0.9809847022356198,25.86256643691389,15.185717385752028,114.23568139289011,0.9073351913056252,61.77642055452532,18.72103753470913
182,RandomForest,25797,8253,82,18.645170217123532,0.9715749426178152,11.81758503763074,20.94194965233337,41.81129626491328,0.8888250039068883,22.87290204909292,21.81763493090659
183,RandomForest,25797,8253,82,21.287825613206817,0.9682604247075804,13.045423949247304,22.764911647041007,33.8237010640886,0.9308826408122146,19.432217995523832,19.69459721684301
185,RandomForest,25797,8253,82,10.067406480529144,0.9627101631646044,6.727333868287031,25.46458836249172,16.504854815314854,0.9060282647095304,10.453016598972878,24.98787348079052
186,RandomForest,25797,8253,82,10.651158521580928,0.9721506387582736,6.895952058046284,26.07404368611145,28.94870086319444,0.8747519391978802,15.028476388103115,26.53405819914151
187,RandomForest,25797,8253,82,10.505497109849122,0.9751459215464958,6.884647455423764,29.12081291723253,17.458583679473247,0.926948916807509,10.158753552056304,24.68682188234561
188,RandomForest,25797,8253,87,37.45238265007565,0.9761345349474644,22.91124363052412,22.675602272845826,67.66075838427841,0.9289148794380324,38.49833504848986,21.96884786207134
189,RandomForest,25797,8253,82,20.683428031770653,0.9794080262138338,12.193142035156264,49.156898147137326,29.15167119443912,0.95797412095844,15.547437560435078,21.842248681988824
190,RandomForest,25797,8253,82,16.355356035697124,0.9819053580204812,8.907524194863752,29.539920651061536,32.340397056902994,0.9246114069272882,16.06195426374702,25.052292034438
191,RandomForest,25797,8253,82,10.757692752423416,0.9841404253433388,6.441154076355009,34.56544538316596,22.446990686181607,0.936843677198271,11.314230734924111,37.66256544355145
192,RandomForest,25797,8253,87,24.68575242415507,0.9807091994038802,15.274164578032256,24.44880700449816,46.69671655465597,0.9333501976631188,26.19883958650887,24.53175762185397
193,RandomForest,25797,8253,82,8.556782288491856,0.9748473824580024,5.283948360294807,40.1857777536616,12.698361691267142,0.944086758937921,7.406229667738116,63.04358145605271
194,RandomForest,25797,8253,82,10.932899141450248,0.9797448958698242,6.155630939058224,41.208794508686445,15.858570628125934,0.9522830930128569,8.075610550251875,41.32245966180134
195,RandomForest,25797,8253,77,23.319032641806835,0.9859833823391048,12.686615068617668,37.39475901174488,41.34876575326466,0.9542454245660456,20.52111177953301,33.14754595654472
196,RandomForest,25797,8253,82,6.786722631767795,0.8562072155661957,4.823289139864987,41.0404849700132,8.4869562345337,0.6519510071355981,5.960029391872983,50.31837416279227
197,RandomForest,25797,8253,82,4.927144241903685,0.9543250462728078,3.443120234574492,45.46954063296,9.96559243866391,0.8303958650766394,5.6479877785261285,49.306332878592855
198,RandomForest,25797,8253,82,17.69188240778644,0.889165869878718,13.141052370123044,44.78561206123958,134.75743359327402,0.088165785977331,72.16134783133656,52.67950157931119
199,RandomForest,25797,8253,87,2.638460770649411,0.8940759102088521,1.8906550025993216,56.70924904404313,4.17600545260741,0.6424901104120629,2.6202091355978143,80.34023870335969
200,RandomForest,25797,8253,82,11.93895873372256,0.844081040724604,6.0244946620107225,79.76543251062516,20.74255006631896,0.6299771146639721,8.622039551751804,138.31732507495073
201,RandomForest,25797,8253,82,5.624124542358361,0.8501309387787559,3.395188803937367,66.21000154760586,11.142229245154368,0.5844975317684998,4.8078105436349405,112.52583754722208
202,RandomForest,25797,8253,82,5.965227806809844,0.856166347780142,2.9577142575652275,84.63434976078909,13.0334276340661,0.4798952052874654,4.326402095498049,88.45717655156233
203,RandomForest,25797,8253,77,6.538987557193353,0.8477778190387779,4.214345583083447,43.00713870821284,11.53841705377373,0.6298572455150901,6.294449054731573,59.03722111000624
204,RandomForest,25797,8253,82,12.643273795994704,0.9400987719690582,7.88325974183298,35.16200742343383,23.37764901195029,0.7905379778986688,13.200964691001063,525.2504156464532
205,RandomForest,25797,8253,82,7.936251486817247,0.9579988900880024,5.3948337221414695,28.64855910236089,22.68724508010093,0.5055913998427786,10.972004502670302,509.09426893252345
206,RandomForest,25797,8253,82,4.053861106946359,0.9425743934954932,2.8648600271820435,34.22035313575796,10.151606361849984,0.5175153713608315,5.3091760415962,200.17145026079564
207,RandomForest,25797,8253,82,4.837331795937963,0.9444227038379872,3.294747768698421,35.69791848362834,10.481193676206072,0.5886624698072243,5.415899947797005,274.18451098865773
208,RandomForest,25797,8253,82,7.694092221596469,0.9616599817659796,5.315162893756988,39.74372061681413,19.73858500482523,0.5746755473309014,9.487411239971896,171.74344477335458
209,RandomForest,25797,8253,77,15.505711666709534,0.9671890684243282,10.541898160877077,27.845849739715234,64.19666162254036,0.614476499704737,36.88385882073245,1989.1166408774748
210,RandomForest,25797,8253,77,21.327336888237987,0.9847341660907664,11.91775154651404,37.80071712113635,36.0109706481055,0.9436374562300972,19.635175648670053,38.00176377632197
211,RandomForest,25797,8253,82,22.13700645015349,0.9788929821173864,12.892005600079754,34.346424514680066,42.0736494212474,0.9215955170371402,23.887859953579063,20.564403003170927
212,RandomForest,25797,8253,82,22.703359460064128,0.9782541393589076,12.547371713709236,34.43027453144103,40.449297192817845,0.9361118115866764,21.454379912852325,19.770895708652574
213,RandomForest,25797,8253,82,28.941849841061405,0.978258568743278,17.431241549223813,39.04175812421896,44.20894980797064,0.94170669079249,25.177100247485072,16.32501960107105
214,RandomForest,25797,8253,82,15.508832298856706,0.975009098920258,9.324416220223656,32.35275512643524,26.023735970286808,0.927145267549104,15.723067547101635,22.625643934816203
215,RandomForest,25797,8253,82,23.953597406388493,0.9807107001300428,13.37512607749962,35.700034416116964,58.09863377719248,0.928569256249975,28.41877066511916,19.386161241539533
216,RandomForest,25797,8253,82,12.765109125466118,0.9794194933507444,8.374164918179856,40.38992810426002,24.381199847182195,0.9277348407161764,15.923350013971856,26.487723014288555
217,RandomForest,25797,8253,82,18.92078070985976,0.9775805963233284,11.300681123987207,32.92244524537469,34.71091519275505,0.9219616971378956,20.55363918639483,25.24052399213882
218,RandomForest,25797,8253,82,25.254669926670932,0.9757905985013636,16.49809077883918,95.60173703176274,46.72989981676532,0.9215164043858006,28.03016622399165,22.26102757220531
220,RandomForest,25797,8253,82,11.331428140154165,0.9672507089015112,7.476467107966128,27.92767778304594,15.498722099994772,0.9301656972885852,9.735855136143414,22.619545180298758
221,RandomForest,25797,8253,82,35.223287304158504,0.971590744029748,22.230707566322405,50.61481350135264,75.93204093666897,0.9209526573229732,48.817209458527095,24.426326998902105
222,RandomForest,25797,8253,82,37.79748695270209,0.960250597234666,23.484033871747737,50.37597126060008,63.93848431784174,0.9186869505957302,39.633438630725,38.18429389261107
223,RandomForest,25797,8253,92,52.878680770123104,0.9854556774357102,34.865953266979204,27.44694634025673,93.04160470659532,0.9623725816391772,57.19653172689147,20.80154982645308
224,RandomForest,25797,8253,82,55.89482745800033,0.97843546065554,33.736210053763564,127.76248783342116,92.29805365780672,0.957761714967513,57.79735156236032,50.42613942471613
225,RandomForest,25797,8253,92,186.45845488087417,0.9897006230950326,102.62956624030144,65.94877591548352,351.12207211638247,0.973376113144786,175.00674346412208,109.49784487975252
228,RandomForest,25797,8253,82,69.98579467858227,0.9867312122413384,46.76616812040989,49.20257031726529,132.24462822972365,0.9673703103900204,79.79959942094882,111.38903776307583
231,RandomForest,25797,8253,87,77.52482919311987,0.980433480148861,50.23305699334993,115.87272640801186,109.44562983594535,0.96481146897422,67.83248188062134,174.69420882625096
232,RandomForest,25797,8253,82,58.942887723534646,0.9653583470363,40.72679970675025,39.42016126667602,96.6277181911317,0.926039065748926,60.00564665488145,54.34235343593987
234,RandomForest,25797,8253,82,53.95635548992895,0.9671333953395962,36.45676367649895,41.84294826765378,93.24685683391549,0.9172449228090324,49.55132483914888,49.88218877841874
235,RandomForest,25797,8253,82,62.53027891837724,0.965809625501232,39.81369411184783,55.21851408822431,101.11265000232366,0.9362336732610708,63.86412952176725,66.15264004680274
236,RandomForest,25797,8253,87,44.169675621665874,0.9711012909568856,28.20015945352364,40.12787339301842,82.18198714455603,0.925379485882054,49.47170996619291,127.56899766619377
237,RandomForest,25797,8253,82,43.426156618458535,0.9784983461512434,26.48022003617972,42.667242349283576,90.75640785288428,0.9337570926320142,52.83865414975831,173.6137491206356
238,RandomForest,25797,8253,82,15.994115470477771,0.971984487615302,11.035524739245671,31.807384699272102,32.016455916955096,0.9126421244112014,20.669928806358804,49.443642864548
240,RandomForest,25797,8253,82,50.71025177844093,0.9705826532732228,30.46000968393831,40.46189194608248,87.25076720530082,0.931457102479039,47.42808386589289,37.38258523065448
241,RandomForest,25797,8253,82,31.039288781105792,0.9614783656640272,18.1611124830543,37.985718656164885,54.69739862028389,0.8998595945285544,26.89722687048345,40.44562270846095
242,RandomForest,25797,8253,82,30.189563449775704,0.9704180629920276,16.268041538853744,33.52920397135576,58.26532585912718,0.9083564443313266,26.023439393568275,32.55958976161598
243,RandomForest,25797,8253,82,32.57406868819529,0.9798234315538348,19.37611431197009,15.58415194327685,56.42640735084073,0.945017368401486,29.085345556560394,15.829401332425784
244,RandomForest,25797,8253,82,16.924947680670698,0.9731009230016058,9.989716982699838,55.04343212260998,23.883776489201317,0.9422100510672228,13.645504310368658,40.41874189471248
245,RandomForest,25797,8253,82,13.951952199934428,0.9737214439659542,8.46268470476386,34.70702501464326,22.33548762409333,0.9310255186291742,13.104776656787593,29.36784340027076
246,RandomForest,25797,8253,82,10.061451625878853,0.9490910175187374,6.1008934516318245,38.35254392803802,13.403758923222137,0.8801649136477784,8.653728729362854,44.955966024988456
247,RandomForest,25797,8253,82,7.200663166736029,0.9526662170038608,4.5192499785395706,38.19366272097909,11.16286737625949,0.8614018582270483,7.070755596674036,48.547192296904754
248,RandomForest,25797,8253,82,13.118815031293702,0.9719539741620968,7.154338105356978,46.560858938643165,19.458810191043284,0.9371223551240436,11.39050160247119,41.193635532407406
249,RandomForest,25797,8253,82,11.741168075672135,0.974080746315476,6.522623860896901,36.01519314000437,21.436493418541016,0.9246889143521658,11.745673876174328,34.47306243912433
250,RandomForest,25797,8253,82,15.437496159764043,0.9714797559523626,8.996186394265028,38.57773502866325,22.25304045655277,0.9290391408527467,13.16873584019881,44.79049679053506
251,RandomForest,25797,8253,82,9.44859571745032,0.9643781021770426,5.754395227924952,46.17801636943886,15.99153990754923,0.9073554136001444,9.657436370676626,49.14387680031157
252,RandomForest,25797,8253,82,11.0767778384497,0.9713900319218473,6.804042923877675,58.68843630641389,16.600719023083407,0.9347251642336888,9.695867511357363,63.2978932253958
253,RandomForest,25797,8253,82,9.381528204886498,0.945544921907946,5.596011771894112,53.38590086691383,12.447587425621268,0.8910285281519696,7.866684732373965,47.04074258020567
254,RandomForest,25797,8253,77,62.93872376457873,0.9866365270541309,32.40976957747384,17.880862526071752,133.8340847821181,0.9357928750871684,54.88699024103612,368.92830947413626
255,RandomForest,25797,8253,82,23.814951842867863,0.979443546870282,15.178098168657089,21.27775689251407,42.40773270207092,0.9431352820474826,24.659266808636406,182.11767522753527
256,RandomForest,25797,8253,82,23.31527159454666,0.9763680590528409,15.208929097736814,18.48244018208096,41.594425858457775,0.9363176248108344,23.758585513387903,134.3906577033976
257,RandomForest,25797,8253,82,15.06591942742136,0.9733420844041504,9.949337058438497,20.40422187918293,25.09969426867318,0.9389735347378768,14.906987019305609,72.9774827870548
258,RandomForest,25797,8253,87,19.365202809202582,0.9775782053013012,11.952088574564138,27.27929869296161,35.99456777744401,0.935038955635539,18.995126870295373,22.752876473878043
259,RandomForest,25797,8253,82,66.02835056067369,0.9860706953080454,37.59001622665424,14.635723296755309,105.28986434585536,0.9661097878325964,54.76449058706709,13.811115191447673
260,RandomForest,25797,8253,82,12.38140967168722,0.9788454832275462,7.821953324629727,29.085006882109592,20.27566154040756,0.9529695499516804,11.646414368955543,25.7433150455522
261,RandomForest,25797,8253,87,126.24127410467892,0.955473968176745,56.13305435943295,19.10862911272521,247.23134215898423,0.8661481427325971,107.56079795139544,23.908567212897943
262,RandomForest,25797,8253,82,26.79022580706624,0.9842461632485728,15.303788916825704,27.84423513024745,53.80178331784671,0.948541196168006,26.47914559519204,23.90517379844057
263,RandomForest,25797,8253,82,37.10072994940872,0.987368742211266,22.563358060471845,18.441653045625927,62.72888347722469,0.9690201901546096,33.305264174619474,14.377153340807766
264,RandomForest,25797,8253,82,53.356882484724274,0.9840101535694794,31.981613856750744,19.31741967086949,88.22162607235502,0.9591940128895556,47.75949337311992,15.674589206565818
265,RandomForest,25797,8253,82,57.7762884171878,0.9852625365057952,31.001479841836165,23.28425815836668,112.25289217789874,0.9578101590676712,56.852410502108334,18.63387202364529
266,RandomForest,25797,8253,82,36.76792117822446,0.9868665804404648,19.66029676805272,20.450772296741658,89.72917390043064,0.9435358484597052,44.34875533121914,19.39932427121863
268,RandomForest,25797,8253,82,13.342672967141832,0.97398520271126,8.411712283327487,30.169443159747416,28.16830526621892,0.911152690808442,16.458017595937143,30.013052728823723
269,RandomForest,25797,8253,82,21.79100391700346,0.9810090391811754,13.77468930092133,29.454460999343457,49.2540402788672,0.9269020547809168,27.177460326587823,43.29057719705106
270,RandomForest,25797,8253,82,25.98437741058789,0.9808477574157748,16.115285607631794,23.793502917772425,67.36141932596169,0.901936577337688,33.39996155287354,25.31861151873161
271,RandomForest,25797,8253,82,48.05018420047376,0.964751898750119,29.570129339111773,21.75408082819064,72.98569171927848,0.9271871305933612,42.33469981722012,19.9357188418832
272,RandomForest,25797,8253,87,15.554041832053407,0.9713932059313456,10.530293457412307,42.28864935849021,25.08541078088269,0.9330992913755496,15.934031425763246,31.92407175021076
273,RandomForest,25797,8253,92,63.35760097334168,0.9752079668242948,38.8956630371711,35.07512684029452,109.20199712257696,0.9404570105162622,64.483366815693,36.056049103456125
276,RandomForest,25797,8253,87,76.52253757419061,0.9913927529553378,41.437318793427934,129.31851621126543,122.20205349532176,0.9779346029630368,53.50132279357308,76.31468581371199
277,RandomForest,25797,8253,92,56.33647270230843,0.9842623676419237,37.93712734185654,20.11622606026058,98.59827880347176,0.9645429290390178,61.98902674262167,20.26787679855446
278,RandomForest,25797,8253,77,80.57373451908475,0.9851910653624668,46.87547172346418,14.587844178555503,144.76428905751172,0.958683211678477,76.60695344656449,12.920110875433464
279,RandomForest,25797,8253,87,74.07660235853274,0.9786698713789134,50.51920603389124,15.251506632514628,160.35094603349552,0.920417555173602,102.3607480738443,16.55582888539769
280,RandomForest,25797,8253,82,16.07139276363608,0.9756078849901344,10.71564389874943,30.081279799391098,28.32233975292315,0.9394830730723096,17.283245454722376,27.19608135783289
282,RandomForest,25797,8253,82,13.821750805341638,0.9294551868715334,7.76476382180031,74.6965559393889,20.474173439061023,0.8607704366100062,11.97915787246826,96.94715347966692
283,RandomForest,25797,8253,82,52.67453928792098,0.953304375294454,29.745801721117825,134.8539615805818,88.94728581632992,0.897781338797824,53.68523711644948,239.85387353325524
284,RandomForest,25797,8253,82,48.09884068984283,0.9500026378733676,28.86470941306244,124.05183147263556,83.24851593229921,0.8963549753327237,48.25207239311862,268.8834037838054
286,RandomForest,25797,8253,82,23.84612231444151,0.9430591917268152,15.834414513051694,45.83106020165626,34.899018303965626,0.901419668347192,22.81376166309669,93.9653046676454
287,RandomForest,25797,8253,82,15.817257373696757,0.9567239020204428,10.02500987721314,37.87232712088127,24.1480785358782,0.9131495437282716,15.25170589313504,52.53806180483526
288,RandomForest,25797,8253,82,21.361506975017434,0.9735150259975056,13.730525293459994,54.02574392611922,31.54218797053777,0.9460078036598624,18.38072306023329,69.70435411283225
289,RandomForest,25797,8253,82,31.66700959317896,0.9766808561388032,20.209102388314832,27.730754529778583,58.78303340911359,0.9390449417406924,34.3758312046206,22.123260879457334
290,RandomForest,25797,8253,82,25.17581776224196,0.9664884517444904,15.689634697496723,46.50037320109566,41.52639923304094,0.9245595174460632,22.779070568011704,63.00254063038623
291,RandomForest,25797,8253,82,25.488114153276747,0.9613923355616124,15.748311906376092,58.133023850647206,52.63749056845548,0.8867525141420685,30.32783245929116,116.8987288409726
292,RandomForest,25797,8253,82,43.29073556914621,0.923012312524687,24.272412100523663,65.13998354964772,66.36994255665192,0.8478769456405592,35.84492851362999,117.04519613786826
293,RandomForest,25797,8253,77,32.342692149664934,0.966793802252255,18.873080356459862,59.04621488797943,55.96048575956838,0.8904611370939541,29.54220702595641,264.5280855581842
294,RandomForest,25797,8253,82,19.04874460501304,0.9708815412110332,11.433820627618008,29.92426694262341,37.09609674089474,0.9052581459643274,20.398422614972333,41.49188712235454
295,RandomForest,25797,8253,82,28.8412999220034,0.9786783560197708,17.0963048069823,23.44569340857155,56.12127667967064,0.9325284193946952,29.286665184479883,34.561854196335915
296,RandomForest,25797,8253,82,17.41625163398446,0.973943289954035,11.006044294283775,25.993248949164087,25.40274805006121,0.947682451891993,14.857420944330189,28.002200592373345
297,RandomForest,25797,8253,82,20.887178897387194,0.876965349606742,9.156656090551811,37.9301373202758,34.17740413414844,0.7120458931633813,13.146352415641555,40.66481054323712
298,RandomForest,25797,8253,82,22.005595900987142,0.9688215082197812,13.933646717619732,23.19778483628944,33.28218074211858,0.9278498815864716,20.61249933177765,31.67108963224135
299,RandomForest,25797,8253,82,24.22436156448237,0.9723543789382322,15.05446449630868,26.15170249410625,45.51592334738783,0.9169515053678624,27.1307984836322,73.53530122859846
300,RandomForest,25797,8253,82,25.729563855384637,0.975616135372438,15.777261169300568,30.78273060878523,44.69319054776192,0.9346015724844698,24.02684491958657,48.44582699847241
301,RandomForest,25797,8253,82,35.13310033429464,0.9724127232156746,22.719096563662934,47.73031192759232,54.69507113650568,0.94022996854313,33.138506220740204,78.55116015833849
303,RandomForest,25797,8253,82,32.518912609051355,0.9772595467432268,20.1803086852749,42.20141245635914,54.63020972103297,0.9425991019547402,31.15666290383924,151.19438821403946
304,RandomForest,25797,8253,82,33.3916022887666,0.9685817629343378,21.030755810639807,58.958843285501885,51.60729715312404,0.9310369995965596,29.03291185587969,142.76497629864252
305,RandomForest,25797,8253,82,42.50923163612087,0.971037797451462,27.148575370268517,26.52302549440209,58.15359053362563,0.9489844370691746,35.44610452876441,22.844414278775645
306,RandomForest,25797,8253,82,36.55939355322359,0.9614244216548472,23.73904772081101,29.955841797673838,51.90947995345715,0.936564014174557,32.090487593023404,21.98986490851976
307,RandomForest,25797,8253,82,63.67711579241405,0.975579526231989,38.15484983244743,54.16832251936394,93.12332446740476,0.955303189462916,53.32064255231312,40.743253787538656
308,RandomForest,25797,8253,82,48.15798961588722,0.9680570575849824,30.95974388525393,39.878680048012285,67.03257251538975,0.9470963823722488,40.37912849864899,26.6716206645533
309,RandomForest,25797,8253,82,40.90176886347543,0.9747521264401592,26.24028721358008,33.51480665577869,57.88740256069402,0.9584495810454744,34.72484178061455,23.501582227880817
310,RandomForest,25797,8253,92,119.01974001577956,0.974253053277862,72.07983729178036,29.69086250180385,180.95625581430653,0.9524171390954864,106.00872338373983,18.31258417826706
311,RandomForest,25797,8253,82,69.79362316905838,0.965222145814652,41.33940573441981,41.9307748134244,97.77823251309188,0.943964549795984,58.2997263062697,25.51018669040026
312,RandomForest,25797,8253,82,57.17316938929267,0.9708826650071516,35.4094593761041,38.0485308056346,87.9980826872883,0.9431148903339022,50.0412801553764,26.566141259990594
313,RandomForest,25797,8253,92,127.5192186009397,0.9759776546594838,77.3212180180539,34.128732235428735,212.3366972921868,0.94627410379425,114.25259565736602,18.11370872687681
314,RandomForest,25797,8253,82,106.79470922982274,0.9515802328069868,64.33066471657506,50.10628717436051,182.77078939063915,0.8789346100038649,99.9311057072079,35.21335914304109
316,RandomForest,25797,8253,82,96.1214506792936,0.974341694669715,62.370868731850216,35.569878385455134,146.74362727254797,0.9546156051509824,87.86842845764748,35.12869086044639
318,RandomForest,25797,8253,87,274.6774712151501,0.9642826524393734,175.08894856737143,28.533845981658608,431.4017812919219,0.9305468451009192,259.9831565157384,20.898077867632804
319,RandomForest,25797,8253,82,40.58330560047016,0.9809947938933852,28.43554250058471,34.48281471481906,63.03047334686053,0.9619339510327362,40.12144494400175,27.46966575337806
320,RandomForest,25797,8253,82,44.34168096713235,0.9755048746714324,30.481159512986157,30.909553462104533,68.55652093405297,0.9509273113264398,42.15981701109703,24.65123776319405
321,RandomForest,25797,8253,82,30.0982048483633,0.9716304912835684,19.81346770884259,33.923989526182524,41.81503692848947,0.952812137002976,25.701865764735174,28.472633200918697
323,RandomForest,25797,8253,82,51.12479123312741,0.9505594194826438,33.99244529093206,29.940280128183527,85.4255513168452,0.8994648394381974,49.79505042292755,22.906010285888907
324,RandomForest,25797,8253,82,49.40459629086041,0.9801356600538464,30.58288765702601,36.7377201879125,127.1445277562532,0.934994728979726,65.40139813910554,30.314859136792776
325,RandomForest,25797,8253,82,23.381338103972578,0.9722695308507856,15.411517301652356,39.19659782131822,42.61920283090634,0.9372564598166346,23.887641964489337,34.00293312561006
326,RandomForest,25797,8253,82,24.764068099038028,0.9747986638886774,16.55929943259377,50.75955683322422,36.46252397250469,0.9540734150569652,23.502629028375683,40.33230983661114
327,RandomForest,25797,8253,92,65.3831371217308,0.9827809575133885,38.97071582835902,43.84369411212639,102.31568151402196,0.9671663714177736,56.73804325474521,29.16378969229086
328,RandomForest,25797,8253,82,67.91575175841889,0.9683356179233816,41.73542408299931,63.288646118830336,143.28035949071366,0.9219257442191772,88.01632975231941,52.11800615479291
329,RandomForest,25797,8253,82,30.91501272486888,0.9667524642893384,20.2282392516697,43.19443471116736,46.02919863662705,0.9444173506061996,28.82171216166069,34.77487156833748
333,RandomForest,25797,8253,82,55.37821308941216,0.9891773273026416,35.94862495754051,94.99111954551424,101.5944650791118,0.9726975895613194,55.24530461412998,46.09677511963719
334,RandomForest,25797,8253,82,37.113391595053216,0.9452895321109572,22.542972043117,82.92846751492262,57.39071299494844,0.8857418682095829,33.69910318680806,89.99477474277138
336,RandomForest,25797,8253,82,29.129299170402952,0.9748980136352212,18.649831726578608,45.01923497423227,58.7478359528774,0.8117681036291688,36.35143453049664,37.06535682786875
337,RandomForest,25797,8253,87,39.9819492082605,0.962610454466356,23.57122476867898,23.689768319085903,77.16934506384332,0.8812335887468827,36.05656454326483,25.41126904565366
339,RandomForest,25797,8253,82,24.93472166360031,0.9491094574728158,15.361039654006936,46.115233569619846,40.06399291435031,0.902116139946741,21.76186468705334,59.37041685033982
340,RandomForest,25797,8253,82,43.89045279133225,0.9401185272600682,24.90420425976013,52.50381908530549,63.2100881979966,0.9010909733930546,31.331087782858763,57.75945894707457
341,RandomForest,25797,8253,82,28.965287125429363,0.9428125160240612,17.959762542810765,43.88523690250375,48.66931082697344,0.8710308412817743,27.761003529400785,58.98449539668713
343,RandomForest,25797,8253,82,15.74754275806884,0.9558111557997858,10.26632144860615,24.797692751428517,27.27194973931745,0.8781297554150679,16.095942169141395,222.3717894000144
344,RandomForest,25797,8253,82,21.90799814401292,0.9501639679805296,13.4554564937615,25.106771849945897,32.85284032617242,0.8979731524716844,19.214819890974887,73.72059138464952
345,RandomForest,25797,8253,87,78.1848695269018,0.9810071013428104,44.018069811764,18.21774226655872,173.31011252425142,0.9194520298810565,80.53764518610559,652.9414774818341
346,RandomForest,25797,8253,82,21.984704920515934,0.9765561483575184,13.60792318811473,23.399514622892045,49.30246576806704,0.9008719740672164,25.16332084432982,243.2972184229081
347,RandomForest,25797,8253,82,16.80737974647666,0.9792496216145182,10.243610869027206,26.90958544105969,42.723981642231166,0.9104839894996286,21.061209619555225,85.08063026319542
348,RandomForest,25797,8253,82,16.787120461409692,0.9705855923758984,10.431611536076815,27.449749072420705,31.60685960453841,0.9184960732567062,16.745428706489154,65.06406471559153
349,RandomForest,25797,8253,82,9.81454252675984,0.9603079053876522,6.60688173141138,24.356285275725973,18.10019922582509,0.896815371016696,11.099687711748974,38.27126848967541
350,RandomForest,25797,8253,82,14.27918607250439,0.9714952662118236,9.481048438920196,26.692560613655136,21.336923153204108,0.9338462001622122,12.602021873827518,70.66450386679121
351,RandomForest,25797,8253,82,9.849153655990198,0.9732190634040554,6.326482404874997,28.455105202322702,16.445682759409117,0.9266612907496898,9.273136680976604,55.754425350088745
352,RandomForest,25797,8253,77,18.494363656280917,0.9748212954210198,11.802198474505754,23.64408058734765,32.794053977599766,0.9336741302389284,18.625740363847303,112.1334074266684
353,RandomForest,25797,8253,82,16.80909743373186,0.9623771411773704,10.086493202368535,43.60550777383232,33.410729734097735,0.8702387189606411,16.44108503281075,32.87430662244793
354,RandomForest,25797,8253,82,21.70767459153748,0.974767639035958,13.189104229447237,30.00181015109003,37.09383057624232,0.9362401970064358,19.17150257813421,31.017726345776985
355,RandomForest,25797,8253,82,27.572788453304955,0.9761535784548324,16.591493490097832,28.397437025624324,43.52021045419031,0.951591024918938,25.051057110660903,28.143086797102608
356,RandomForest,25797,8253,82,29.46694170794653,0.9794763233120908,17.537642138674222,29.124193226901657,56.222402871253095,0.9446338009575004,28.91270798347121,20.357233308031606
357,RandomForest,25797,8253,82,21.083273563801768,0.9676785360582149,11.582759935002422,28.757864394748346,34.010723814149294,0.9286211536885284,18.49298464721748,28.637960921933814
358,RandomForest,25797,8253,82,26.049792993836785,0.9776990160941434,14.37684604759661,23.705602400504763,45.17284597296588,0.9451006345020372,24.58181875036774,24.942005358664144
359,RandomForest,25797,8253,77,55.13395308441785,0.9833631099324937,30.587795963848222,38.465784222989214,107.02411802492496,0.946346029706904,51.4491310968147,32.97865028965599
360,RandomForest,25797,8253,77,22.980946779951264,0.9747668017267336,14.316605459603846,27.77107311424088,36.62910008101927,0.940579624562678,20.713379340604124,98.31449819958227
361,RandomForest,25797,8253,82,14.617762898188351,0.9838058836627736,8.50878417472393,33.89855020060653,24.497223324343928,0.955052433298879,12.575275695200986,61.66130331388216
362,RandomForest,25797,8253,82,8.763179925189785,0.9788752277166508,5.5176192838237,33.43864259607016,14.2227703045539,0.948842192362336,8.03778738471829,47.24811842994119
363,RandomForest,25797,8253,82,15.72822387143053,0.9722416439373832,10.52577483742224,28.8249445313514,29.245256665619596,0.9153576317639184,16.830411336524165,31.8962257101429
364,RandomForest,25797,8253,82,10.352723273370756,0.9736429371773784,6.651638700030854,41.48452123265656,15.054541147732396,0.9414338432570354,8.810926605129366,45.78901686152364
365,RandomForest,25797,8253,82,19.793598308936545,0.9788417430402302,12.370029530451763,29.388416147669044,40.02147118581876,0.9301522877619022,22.23642073113818,33.8481339550231
366,RandomForest,25797,8253,82,46.091210201185184,0.984458385644948,26.789402788549356,20.65767423652899,70.7702243555227,0.9584022833189536,36.8061126300341,24.72574841538345
367,RandomForest,25797,8253,82,13.71093119701954,0.977062017592,8.544391274258459,21.853413573189115,32.25607474154886,0.91274759261526,18.676919493626148,30.49841600293639
368,RandomForest,25797,8253,82,19.13949514223193,0.9810498993066868,11.979005637333168,19.638516332522435,40.18016329867454,0.9356591183332552,21.771510467989337,30.922760540079263
369,RandomForest,25797,8253,82,20.91361117122467,0.974157749447715,13.451471048050935,19.97499712987315,47.016533214988215,0.9077314910452348,25.08395529686588,27.664962368077678
370,RandomForest,25797,8253,82,8.035981989987011,0.968427988824526,5.489084208355826,28.53031442091995,12.81817258435113,0.9182747959426336,7.816915877553949,40.089124161720655
371,RandomForest,25797,8253,82,30.89624383952413,0.9771345281854052,20.670497641279752,17.69372241261646,60.33628480297683,0.9276487426124213,34.45045776961868,51.390388907124105
372,RandomForest,25797,8253,82,11.87974843097201,0.972685254097178,8.173684798751687,26.68086106571791,18.097493242458413,0.9354554635988256,11.708185753358592,131.40694011990598
373,RandomForest,25797,8253,82,16.14637129133407,0.9749066723846656,10.800297975275486,26.585777726890807,32.464850638830505,0.9174844015968132,20.63835131595751,163.40113061836342
374,RandomForest,25797,8253,82,7.935226715508669,0.9603535102330032,4.903430150570587,40.44185804567403,26.506714207364528,0.734781288651887,17.059913799867775,80.15110971480802
375,RandomForest,25797,8253,82,11.127572733147463,0.9660122642696092,7.309244300870596,29.73401590704057,20.89434517700267,0.9056680879198268,13.134291165548303,154.4108351828373
376,RandomForest,25797,8253,82,18.593357942848023,0.9695913634988256,12.379690357983522,26.20820645220367,31.356234018068893,0.9268545088382022,19.411670276017745,138.4034909819776
377,RandomForest,25797,8253,82,25.28125240683292,0.9763548334556869,16.567277705903344,16.302954012077954,55.030645159987486,0.9087952368177362,32.522536789348834,121.78530644144556
378,RandomForest,25797,8253,77,23.89005930754284,0.9711361464872243,15.442727171308736,26.78556381225761,43.162720580282624,0.9227625962564536,24.423957852051466,116.72849612855669
379,RandomForest,25797,8253,82,25.84650968186418,0.9719965981833648,16.697307341509386,37.2201129360853,34.75630464315069,0.9439727293328736,20.688731566247643,82.93503054915004
380,RandomForest,25797,8253,82,25.61820446108445,0.9512872888894204,16.13299423192804,32.77007722711151,38.28536124085325,0.9015598390780294,22.021427220894715,85.02380458410583
381,RandomForest,25797,8253,82,28.49938944447792,0.9758371134234196,18.681937500082714,20.85046810078378,44.19036455433246,0.9502235140590805,25.624003132876837,76.53892600916409
382,RandomForest,25797,8253,82,31.16978713897099,0.9701801315888444,20.83530961933868,15.128010122404536,47.46582574930439,0.9388147439664728,29.408035708990784,80.56115179100408
383,RandomForest,25797,8253,82,18.91423063834946,0.974824764088584,12.601680620051017,19.678247514979898,27.88085538858709,0.9474654075752458,16.914976211005634,76.00753356693384
384,RandomForest,25797,8253,82,28.43098647773821,0.9744435159368688,18.96396969514136,18.14492656839341,43.07091860397795,0.9471732364988088,25.53619498106876,94.56043829046476
385,RandomForest,25797,8253,82,16.942599499845,0.975094497866564,11.42902995473516,21.62818220033517,34.23714040097722,0.9272985398192612,21.06172102232288,34.86989756066038
386,RandomForest,25797,8253,82,15.693719029588452,0.9742155668822412,10.62445026694351,20.45070890660999,24.19165797692327,0.9457896068685882,14.764923759638688,63.94850338868871
387,RandomForest,25797,8253,82,22.244196722456092,0.975811118157464,14.954120445999054,18.198610165471397,43.17059502470696,0.9288361272711264,26.357661021571083,95.39756963827806
388,RandomForest,25797,8253,82,27.425436736402236,0.9770988254308534,18.06947020419113,22.680797263297645,64.99221061301593,0.8963156474132606,34.1067577730031,396.3541687863543
391,RandomForest,25797,8253,82,16.085095102107413,0.951626165217636,11.29947957630252,27.821497435185183,28.14310271961912,0.8912456378138573,18.55295238690896,27.98489772739807
392,RandomForest,25797,8253,92,78.09495108913161,0.972254528204128,46.72273361553323,15.12941911692091,121.42593330983856,0.9481798669604864,68.6900207794457,15.88490594096358
393,RandomForest,25797,8253,82,46.17351439860422,0.9701025100618592,28.71763108319119,23.34381618128172,83.40269748816517,0.9261651224293604,51.01335669448032,22.337081107767197
394,RandomForest,25797,8253,82,31.75021043082691,0.977481881907233,20.00158046923679,21.855614779916284,62.612068211555886,0.9395584047605692,35.666398565018035,21.91580162006395
395,RandomForest,25797,8253,82,37.59883106828253,0.9805003626979454,22.547157796151076,19.635612000927757,65.50056475726018,0.9567629460601756,39.37315723262487,18.4884269122752
396,RandomForest,25797,8253,82,50.44203709569012,0.9863709156845704,30.767843687816168,22.556033259486043,80.18724215480661,0.9715966021704696,46.11945228217588,21.819160652989357
397,RandomForest,25797,8253,92,129.3027318934382,0.9853285580429062,81.27774918547848,22.02447955415305,202.53984592357304,0.9701652558046188,117.41239614359814,20.696164535955013
398,RandomForest,25797,8253,82,80.41164864700745,0.9869101287086988,48.74533917306299,36.67800117114941,127.5283534196332,0.9711211603795216,74.50152033202878,34.779319586146464
399,RandomForest,25797,8253,82,95.63570329098572,0.980577808837214,57.55728748587725,64.8030320293318,131.8904791216367,0.9667677094029606,80.017677971559,50.23066259213683
403,RandomForest,25797,8253,82,69.32831523110745,0.9865259931671072,46.01180876942333,35.135337619286325,120.31290189879076,0.9691980774492888,75.36546320110426,426.3985137226276
404,RandomForest,25797,8253,82,51.06352608456719,0.9864363527290884,34.71794159119614,26.68565747793441,87.57760524679557,0.96892165788413,53.54576945557631,310.24216509295536
405,RandomForest,25797,8253,82,82.46737770567886,0.9810565582861644,54.05306458014512,40.0499873881701,151.1858713774304,0.9536933256295272,89.92278562875798,207.2961138325117
407,RandomForest,25797,8253,82,53.61895833882499,0.9722862548393923,36.32538111171864,28.86210100991513,97.12630991412848,0.9274841717332034,58.52933127583813,330.2210342514868
409,RandomForest,25797,8253,82,54.565974049541694,0.9653860164423456,33.00192417765548,30.547984687228716,89.38923074123487,0.9321287925725992,52.94879060912805,68.13607530605653
413,RandomForest,25797,8253,82,48.30928332169245,0.9866809559130036,31.15548906355385,59.45345822726996,85.13363323869604,0.9702101285072158,52.39770982876925,358.3615322692455
414,RandomForest,25797,8253,87,71.71496934015607,0.9868608742238976,46.24990181476695,42.627705254193806,140.72995376834598,0.9574873522889712,76.96915594655457,239.2688936484541
416,RandomForest,25797,8253,77,16.115311149968186,0.96272540414881,10.226773962430435,29.71809332128913,24.331995339578107,0.9198349230297196,14.962089057029434,43.14261438574711
417,RandomForest,25797,8253,82,11.173989934023584,0.976417647706646,7.195101804852038,33.18253307346129,16.879730994706147,0.9420000199496442,10.119392864952989,47.40098136242111
418,RandomForest,25797,8253,82,14.089145826243628,0.975258436733813,9.197650247922972,24.76719501165453,18.756009357426805,0.944190162818994,11.573981236366958,27.968382156947648
419,RandomForest,25797,8253,82,12.20249154280167,0.9692140737117704,7.920922127621158,29.082418771754742,18.94767410632541,0.9282464625717431,11.236734435452131,39.00113675774601
420,RandomForest,25797,8253,82,10.795475009285031,0.9691794556012864,7.153620825655135,32.557033221393965,19.515184567524773,0.9145491330935996,11.426289177066485,37.62492555308843
421,RandomForest,25797,8253,82,20.261886228290617,0.9699831510539104,13.439757128798789,19.593533331266013,28.579085688237686,0.9391318386236874,17.852236922601772,39.37031386294342
422,RandomForest,25797,8253,82,10.801169073383148,0.972718815447868,6.970994247720982,28.84429866443344,15.569227558042009,0.936559382142676,9.55287928864733,36.135308718514125
423,RandomForest,25797,8253,82,15.448999915931248,0.9752571327278766,9.85241171133866,25.855496115369974,24.254361114994687,0.9376178591652614,13.870871951175852,30.33471948850015
424,RandomForest,25797,8253,82,22.088893591184235,0.9809734455691296,14.404634474135984,19.208706101766808,37.05616074436686,0.9371637861326462,22.010190980624103,28.374916270944656
425,RandomForest,25797,8253,82,9.57034956332611,0.972869506992918,6.179903733629909,32.82693721875625,20.205277041165587,0.891003632748516,10.448795852193806,33.76883164476456
426,RandomForest,25797,8253,87,27.975470411147707,0.9781756900910276,17.365613908082707,18.654103000058956,60.747112766496144,0.904566035872903,31.20386117472899,20.429227681468674
427,RandomForest,25797,8253,82,18.48746149257192,0.9654692771952552,12.29892472606114,18.52228664196273,43.914509424922535,0.8714552900024342,25.45559839338475,144.9973254270981
428,RandomForest,25797,8253,82,18.799096048791128,0.9729406717464036,12.432435908467047,23.37083739817882,46.72140120390739,0.8856981414676582,29.609868990529257,190.7973669897479
429,RandomForest,25797,8253,82,15.468939813090914,0.9697345187629206,10.23544456944546,27.20516893007403,30.394830952400326,0.9089869735552552,17.757806064856553,101.83540223995789
430,RandomForest,25797,8253,82,24.65781710264972,0.9676347484422,15.532529497220748,20.077436495246,53.22779646392134,0.8954381813866794,33.99315711071502,160.32117501297213
431,RandomForest,25797,8253,82,10.408955292667732,0.9671550398610954,7.221442025539145,26.140982004481334,24.472270939564083,0.8778083568030693,14.752147934281602,97.1647139339719
432,RandomForest,25797,8253,82,22.119876058286533,0.971139277204682,14.045291876058744,23.468658723198867,33.2253871265214,0.94016337264325,21.39997344984452,115.23415831847063
433,RandomForest,25797,8253,82,19.17078430810937,0.96798734316777,11.906589107465892,28.486864002171043,38.42735387902844,0.9026823740665784,23.07625642038552,90.15033881828226
434,RandomForest,25797,8253,82,60.02574611524133,0.9686893096383616,37.85067443537074,36.81911712557043,109.31317800984638,0.9316718443832376,71.06015718171773,203.5934501692492
436,RandomForest,25797,8253,77,14.71881569165512,0.9655642334855458,8.567525712464127,37.35615803230424,20.5791011458444,0.9282249918078296,11.139766469901929,32.37818835155176
437,RandomForest,25797,8253,82,12.592519407766964,0.9674692230111422,7.703674745973608,44.79033209357196,22.246570824382648,0.9138841451301104,12.19795963691715,31.61135463710285
438,RandomForest,25797,8253,87,39.31003321526621,0.9669116003070414,24.41803717211072,44.84410666616903,67.80631660554805,0.9229943761701928,42.45518362062792,36.23948774479479
439,RandomForest,25797,8253,82,46.826870455567445,0.9664663751468008,30.355340467222984,46.64601850064006,81.77009855413205,0.927909310206856,50.93079107074448,53.84981211771761
440,RandomForest,25797,8253,82,37.99282280884962,0.9611882357486607,22.82232246434951,41.20623311877451,74.7654563162089,0.8737177064363273,44.412259817188605,60.41903782212196
441,RandomForest,25797,8253,82,28.16967378136929,0.9672362340744411,17.410373349222795,28.61918564968016,44.58974951978565,0.9317017651910194,26.538633092407824,25.93139399503156
442,RandomForest,25797,8253,77,15.398041292911971,0.981507982389446,9.05133112154046,39.53269359696981,36.72958604755637,0.8936046993239958,18.8847111688741,112.09333186365252
443,RandomForest,25797,8253,82,12.059907711209467,0.9739310729852652,7.244152229116105,37.93419441584727,19.88232922527296,0.9298463027077772,10.476429504210174,68.3510598508626
444,RandomForest,25797,8253,82,17.610824821711965,0.9811181116085592,9.801878167170216,30.97513673595913,24.72182246911874,0.952495317543608,13.244377681803591,69.33172205842286
445,RandomForest,25797,8253,82,12.37088022389988,0.978091107027722,7.195331493917031,49.1272152899462,21.114717018470863,0.9458538357570884,11.106943530615393,89.67439601550223
446,RandomForest,25797,8253,82,11.76209478920264,0.9791190971116366,6.584914312361376,47.20966640634753,31.49887458029652,0.8789633332818485,11.774326485774976,89.42497923999608
447,RandomForest,25797,8253,77,150.5207468726038,0.9847642139176256,92.24216972504564,81.7952103026457,398.1494797560822,0.9073387382816934,200.6078801874337,530.6841687270667
448,RandomForest,25797,8253,82,282.6508157192143,0.8048300318462563,94.11671017775294,149.7527469381789,733.6250308318087,0.3548918029549686,270.3676123668816,339.748533263199
449,RandomForest,25797,8253,82,40.875652231224585,0.9798082449622136,25.193619752544013,28.723064968961765,176.40346619640417,0.818440652961423,94.60215054335336,32.71479481371943
450,RandomForest,25797,8253,82,80.8204763588556,0.9843097498880652,48.79186506308527,17.31880744093309,175.7702273070535,0.9195092241607894,92.73571029200076,239.6291079802612
451,RandomForest,25797,8253,82,87.83376599298887,0.9826274582440052,50.65414853657479,17.213149318977404,176.9933153873608,0.9369803038761162,82.18757311665095,14.78923541429034
452,RandomForest,25797,8253,82,57.21006523049681,0.9812300552281252,35.63745898213157,14.389075707243986,102.7335884170166,0.950671178341932,56.06117892172117,14.979717293820825
453,RandomForest,25797,8253,82,43.32772869972352,0.9763168823641662,28.743532634686247,23.575479067629026,88.00155506165044,0.9185748039404332,55.67276966978283,20.57998412926486
455,RandomForest,25797,8253,82,22.418023665641435,0.9747362642855434,14.27050694830714,28.14635132482301,60.386142759622665,0.7944774412668805,36.278146944964064,68.03414272255819
456,RandomForest,25797,8253,82,59.04510091908363,0.981557959430756,32.84186279825949,30.279277533701052,97.0486026122413,0.9500183367338833,52.42875763499349,51.27870650109868
457,RandomForest,25797,8253,82,22.2595616466576,0.9800842717665595,13.50159543514486,21.69323517426665,49.487596890490266,0.9042436257650404,32.679777353749,84.6395001310157
458,RandomForest,25797,8253,82,38.88822309040223,0.9821795266300052,22.98252390248189,20.715725635881057,115.02650499062489,0.8967210453779112,65.7642789354453,47.24170091073616
459,RandomForest,25797,8253,82,30.53782525960696,0.982026096695686,18.998826661791597,21.46813526971205,63.54139167204406,0.9425129399133516,36.68146869083983,33.08341132945342
460,RandomForest,25797,8253,82,36.59668226479143,0.9794369002734652,22.71271137795737,37.57529753872147,125.51608977139638,0.8728442013957153,65.83788179000715,84.31953083420939
461,RandomForest,25797,8253,92,70.3908896499061,0.9503249053656954,43.71451677298887,48.791125975564746,94.57029629319912,0.9147400866204102,57.49960960466484,20.058129836628584
463,RandomForest,25797,8253,82,28.00350835292174,0.9703778962870736,15.77517586776524,106.3347021521596,33.00400375044097,0.9563211099037194,20.377675425999644,94.1409325122972
464,RandomForest,25797,8253,82,68.4533232804587,0.972718714391539,43.36867075668658,135.78136617687414,146.30146118347324,0.9222268355091704,84.2578249536698,229.1878300094744
471,RandomForest,25797,8253,77,108.61084777674196,0.9766279189020484,64.67161359515774,119.9957842699119,206.58238413659785,0.950015842355644,105.15493653886568,126.6535128973715
475,RandomForest,25797,8253,77,56.64167051326864,0.9801870940358218,33.68592303471407,15.324606703846012,94.82694098770712,0.9587378473784944,52.97569141321872,20.340789809240967
476,RandomForest,25797,8253,82,100.46674524681002,0.9717189480031436,57.72893673518837,31.090795965257577,210.2311972780076,0.913258217519208,102.11236273976078,50.75240131804294
477,RandomForest,25797,8253,82,92.31701703275664,0.9851870206508476,52.64827600171684,28.656754251421496,171.8838046689432,0.9606077137853736,88.2835313810789,22.36647415315088
601,RandomForest,25797,8253,112,140.1124332411671,0.9790898059961144,90.62171631302716,20.026438752871304,225.97047441161476,0.9547172377444876,126.14338985077949,20.063116568787105
602,RandomForest,25797,8253,127,239.0005021237029,0.986784238134262,155.5987206964158,16.3051146700806,428.82137059433296,0.968591513292229,263.485701549013,23.39365710100486
603,RandomForest,25797,8253,92,31.86979246393432,0.9726408276631382,21.50780172274693,15.595577900424315,72.6727016770788,0.9084220446545312,45.88846021206441,18.620443020052583
604,RandomForest,25797,8253,92,529.6290658176512,0.6961545934517015,171.53316282025074,45.995215427218014,860.1929022574143,0.3872814089416673,302.56269156158606,69.72028441860436
605,RandomForest,25797,8253,97,67.69541899034189,0.9846874927969156,41.82255144141392,14.50783349514659,96.47388566817878,0.9713369284187072,57.90782804065704,15.852498674474727
606,RandomForest,25797,8253,97,84.14666944085074,0.9779923771915852,51.75254246338989,22.44902777586392,154.510603228287,0.9428994217340992,90.24590391099603,20.248999011270936
607,RandomForest,25797,8253,102,241.33327832667223,0.9884453840585216,165.59139676332984,17.05694265544908,380.5964312725094,0.9772918528758008,248.3703185906136,15.13261908896986
608,RandomForest,25797,8253,92,48.33526194852146,0.9692405110995906,28.98393841616888,26.327892773912296,81.64068541274288,0.9314263449925918,45.39329839203062,26.554247377451865
609,RandomForest,25797,8253,92,130.74587121992764,0.9925550386529574,82.432018230475,17.65127252749197,251.6500641625758,0.9807600272393132,146.0172980948577,17.81137626548393
610,RandomForest,25797,8253,107,494.1201456743403,0.9785365833649704,295.8802928717525,27.43203205740897,800.8385611651172,0.96177216363349,471.7255737402804,25.57728836970467
611,RandomForest,25797,8253,132,554.4704257480364,0.9711322011458772,363.6727939920254,15.854187135436208,869.4885473440803,0.9457019767143096,555.1956523336204,14.722082918396662
612,RandomForest,25797,8253,92,123.0893771641692,0.9936692837771416,80.66334866404516,20.638521746785614,231.76336004999445,0.9832727053993296,138.4233438657619,19.68228296761244
613,RandomForest,25797,8253,107,113.0332131826834,0.992985543739176,73.25972104854681,15.305676001575872,187.6006608364069,0.9830944013017568,104.0244203456594,15.619629067292896
614,RandomForest,25797,8253,107,186.1282777310535,0.9863575949727276,121.08583855498014,15.007184696611978,303.40949627498395,0.9696736389800954,182.98057183977983,15.77290479145928
615,RandomForest,25797,8253,92,20.31296259688696,0.9699814513723476,12.320819445878303,19.779086445227275,32.70971699374341,0.9291539733047596,18.029885835139204,21.672742679642194
616,RandomForest,25797,8253,102,149.78711252364843,0.9831999084417008,93.11972811566024,9.659145329433002,324.6803818698657,0.929320065261806,168.76572161243774,11.492026371719067
617,RandomForest,25797,8253,117,325.1569645240368,0.876626606907235,155.21998951155825,21.606137040064134,541.8778489876595,0.7350331119076459,258.13856251374926,30.97994409928204
618,RandomForest,25797,8253,92,136.0086676853409,0.984483865146801,89.80918216672882,17.479847442556725,199.44863511860015,0.9731239387526917,125.87057522261084,18.678667128666437
619,RandomForest,25797,8253,102,131.3087760600454,0.9805302400576478,76.24313333273368,16.217096433174003,214.8710258127049,0.9622008926512652,128.47094386905863,21.12832860935321
620,RandomForest,25797,8253,107,81.56197835460075,0.9870151166005224,51.55618212232898,28.837550652458223,158.5735791495451,0.9575489461486836,79.67184402396822,30.444878526695945
621,RandomForest,25797,8253,112,28.659596539812885,0.9648658694462642,18.9526017021524,14.21292301830102,51.47349136027189,0.9040914567967216,31.544315461367493,16.112873140778532
622,RandomForest,25797,8253,92,78.59851927530417,0.988440812298204,49.22221478578213,19.712283427007517,146.78035121319346,0.9657463577913928,77.87459532451251,24.074070319597222
623,RandomForest,25797,8253,112,139.1264336270883,0.9848873773223016,80.05838140115696,19.187016274785865,234.42978583565468,0.9692325866581412,137.5409810572836,20.50510551287307
624,RandomForest,25797,8253,102,152.06708404185142,0.9908815232599284,97.34604631335036,22.016099994747947,268.24331429018105,0.9786135011882214,156.11379622393113,18.749636427688632
625,RandomForest,25797,8253,97,87.35282226656945,0.9730985808805696,61.94191149901726,16.429203033950625,156.41161549467495,0.9343282030637928,104.80064760233113,18.39640311076998
626,RandomForest,25797,8253,107,47.75697570948815,0.97991931258901,30.70335488614785,20.01641586546636,123.47475028958686,0.8978352865332538,61.987521377802274,20.21542955183841
627,RandomForest,25797,8253,87,21.701498595523127,0.9626569987977304,14.645774085243756,23.08251118487308,31.82467773549334,0.9335869878341244,20.1542779422452,23.57510944311289
628,RandomForest,25797,8253,107,208.11834751685345,0.9897003427192872,135.12606610469595,19.969273005240023,422.79837647469407,0.9686686840968938,236.3852634142487,21.77700331749597
629,RandomForest,25797,8253,92,66.63901303282286,0.9554367217856844,45.22841028370063,19.83380635342569,126.23912492231884,0.8962210969432688,81.29661644158216,22.50441915233076
630,RandomForest,25797,8253,92,70.59445241612919,0.9777104963559876,44.56456802608238,15.651773413566486,133.95291822802713,0.9339157015517068,76.26927088202663,15.743395314210554
635,RandomForest,25797,8253,87,123.64099852723388,0.9662309927684664,77.53031627510701,21.14717795514473,200.63542772608545,0.9314603623171364,118.06647541271374,22.028667569147764
636,RandomForest,25797,8253,102,92.04138460951944,0.9896100448522742,61.47710414982128,20.047118605434303,177.38968410463153,0.967276605040171,95.02770874503116,19.134427000764145
612,LightGBM,25797,8253,92,99.18240159792586,0.9958896297996602,65.06324636555962,15.459746661564855,204.26289436441385,0.987006830271292,121.23495976136692,18.763668693961563
613,LightGBM,25797,8253,107,86.8826487447069,0.9958557306896884,58.85779486821946,12.76445785656995,168.772595413661,0.9863174927793658,99.38241512789284,15.82743279447554
609,LightGBM,25797,8253,92,100.60314506185335,0.9955921216884408,65.56327693195233,13.740071212652088,218.5832877469156,0.985484089900342,126.07475807049292,15.805321506290362
276,LightGBM,25797,8253,87,53.74002680890948,0.995754964767032,31.42096694941129,101.91563647416292,106.02971392385572,0.9833884591735867,50.200324370922615,60.92269956071347
607,LightGBM,25797,8253,102,195.8304663027643,0.9923918055134924,133.98051721236345,11.862969108638795,347.2770160050931,0.9810937951952822,226.90173913613896,13.425930120514344
225,LightGBM,25797,8253,92,136.46392103910577,0.9944832604520172,81.33693512859395,46.01667467962525,302.9953299413655,0.9801743667978144,157.74278921245994,101.08382455125349
624,LightGBM,25797,8253,102,122.75344292917109,0.9940581836856468,78.83447740891657,17.37744418101129,259.7854149561229,0.9799409015861844,148.39357913236486,18.22152207385268
618,LightGBM,25797,8253,92,104.79674329693668,0.9907881693386656,69.77379281558858,12.621739393498183,175.42858518546797,0.9792076198659992,113.15208243541188,15.454009778771322
169,LightGBM,25797,8253,87,40.684229776794496,0.9932126344137736,27.04954270218433,24.846448243802648,79.13027858732896,0.9790310156053637,46.94571375418457,20.914538210689667
602,LightGBM,25797,8253,127,176.4138807969395,0.992799542599468,116.92187313192927,11.493297202246824,356.4507221278215,0.978298329323054,225.61520341027452,17.987542234778683
605,LightGBM,25797,8253,97,48.03009300605254,0.9922917711482716,30.985328487210992,12.195376029918185,85.15582187289174,0.977667781100144,53.50254389899536,16.80451389070136
396,LightGBM,25797,8253,82,39.17461687614317,0.9917796376871172,25.140875041710498,20.560919922131323,73.1446944251853,0.9763666437218248,43.04789631342173,22.697669965837964
623,LightGBM,25797,8253,112,84.80328207240697,0.9943850504868504,56.859850414758704,14.608700044345763,206.528977961572,0.9761203808421725,125.64285506995252,20.730190892152297
614,LightGBM,25797,8253,107,142.27910311705324,0.9920283456540638,95.0362603728039,12.264799188513413,269.73103751972843,0.9760324408620894,169.09523203872072,16.274771048655804
403,LightGBM,25797,8253,82,56.53709286386344,0.9910392901068664,37.49352583684959,22.56190512379356,108.93099211351132,0.9747502932356068,68.43526672045427,286.06082854458253
610,LightGBM,25797,8253,107,260.0880683375564,0.994053319676133,169.04967049544626,16.71429603094509,651.2147708217379,0.9747222595478026,369.56846957972016,34.60866604343125
404,LightGBM,25797,8253,82,42.62779579199651,0.990547631616546,29.194719741985963,19.895239014808755,79.22409538427775,0.974567661812902,50.14434336694136,167.35789091606327
398,LightGBM,25797,8253,82,65.69189839986834,0.9912638301593636,40.95047668113908,29.82090207129592,119.72144807782524,0.9745486890749556,70.70375430199223,33.49512851168112
413,LightGBM,25797,8253,82,38.780267699362845,0.99141711146447,25.49964315087466,41.84023485568271,78.72537237706662,0.9745260823436734,49.11550040482292,281.23587098877744
333,LightGBM,25797,8253,82,44.61758116195357,0.992974638230488,29.151040792569688,72.29170315304253,98.29554321732093,0.9744419009251466,53.33760022393164,46.29796195240566
397,LightGBM,25797,8253,92,100.73602823372578,0.9910951410275146,65.22318703562021,17.08082413565078,188.42416984306143,0.974178908950832,113.87408571867248,23.117635332065458
619,LightGBM,25797,8253,102,82.80997073453926,0.992256481279798,55.76235273821719,13.710354414073375,181.21797041328975,0.9731138663186146,113.9614336419458,21.788396787931184
477,LightGBM,25797,8253,82,62.09953848046818,0.9932972096393756,39.05733511854903,22.19464309813937,142.3803681070975,0.9729702833523656,77.87287669194028,24.13908274649709
636,LightGBM,25797,8253,102,72.1656857627762,0.99361282416743,48.98455150488049,14.777527496766336,161.98133090057766,0.9727145224340452,87.80471864150121,18.38459506349689
628,LightGBM,25797,8253,107,159.5180652047474,0.9939490748188876,106.10802567178648,15.711333411628193,395.6031203399145,0.9725696448596612,223.27920318471587,23.292144512977856
228,LightGBM,25797,8253,82,57.474337252715095,0.9910513114160046,38.52917778699487,30.89579106086496,122.03957603085786,0.9722119390402708,74.19850264716948,101.65196146922024
399,LightGBM,25797,8253,82,69.42802841987924,0.989764058914428,43.0143106564654,47.8158695751976,120.86609987812548,0.972091120411929,73.64676187622459,41.873367866087705
263,LightGBM,25797,8253,82,29.71600042605573,0.9918966909671004,19.3894438229431,16.909902472412856,60.22420937231257,0.971444757860152,33.1372503494166,16.366346469844096
107,LightGBM,25797,8253,77,18.28761725066714,0.9900427641389584,11.894868459712477,46.39075116292929,35.90020485249816,0.9710049939011915,21.53430926805107,93.19096963529331
414,LightGBM,25797,8253,87,55.00589330340668,0.9922702529892832,36.93759055056928,29.593317324521426,116.4971141817002,0.9708676580767124,68.73743972311827,224.3164170885222
223,LightGBM,25797,8253,92,41.84502106838778,0.9908920663951832,28.61512089128336,20.091867966444603,82.1173097828658,0.9706897539531464,52.45021635878708,21.43979443481613
327,LightGBM,25797,8253,92,50.56205192094183,0.9897026169263518,31.428125956729588,30.923292546506172,96.76493919996769,0.9706322594682546,55.1013652616658,27.52253863267246
165,LightGBM,25797,8253,82,54.1836719610407,0.9859852816480832,35.83752731900364,26.92682795538961,89.03947025426847,0.9699925731422812,59.21296462869346,25.570647990644986
153,LightGBM,25797,8253,92,55.2663306713,0.987889125232848,37.32916143279421,21.92386321979576,96.42539547613828,0.9695914499056972,62.574923294454585,13.820872148365154
259,LightGBM,25797,8253,82,47.55541642804604,0.9927744897817302,31.014151787744947,11.47791908201331,99.74567620121444,0.9695848954851084,54.111009101144,14.403988456546005
231,LightGBM,25797,8253,87,56.68758391440255,0.9895381654791252,39.01315864707935,93.4942367083264,102.2097926946374,0.969310536074841,65.09179177188608,258.4292089377842
54,LightGBM,25797,8253,87,29.56706220171584,0.9917825890668968,18.853694012056856,27.948373092146984,59.96061238316976,0.9692880452410428,30.303909956508832,109.94624973306006
9,LightGBM,25797,8253,92,79.478532979163,0.989732115674104,52.921261876373165,23.41689785459443,156.2151405390425,0.9689978084476164,93.91495384485218,129.20446883695524
264,LightGBM,25797,8253,82,40.25738084998189,0.9908976311237434,26.30820254226071,16.44649054062783,77.2512990022638,0.968711456039308,44.41588689986815,15.882583482520593
277,LightGBM,25797,8253,92,47.95263242058595,0.9885978959790044,32.48601641327909,16.8415619806178,94.5071182743648,0.967424339455649,59.39479455492345,18.93102983892335
319,LightGBM,25797,8253,82,34.165338057295216,0.9865305708061132,23.59500920602004,23.091556798766373,58.47046971453164,0.96724256936109,37.42329897396783,21.935353727130877
475,LightGBM,25797,8253,77,42.80122627354909,0.98868672105538,27.294591295542737,15.618680202812213,85.20626024765312,0.9666856451126388,49.34240481668464,26.0323340842675
265,LightGBM,25797,8253,82,37.649581801668965,0.9937418815734972,23.377718935765444,16.416917571795906,100.6725599724371,0.9660660016905862,52.277438355815335,17.571986760628842
2,LightGBM,25797,8253,82,27.93716052554356,0.9899791415096036,18.464751366838897,21.05746470476092,57.62197141428012,0.9657650128645292,32.09394484881615,20.372694578015505
310,LightGBM,25797,8253,92,78.57399233867835,0.988778642979954,51.19797482168422,18.895637213358917,154.5795189234655,0.9652777987630204,91.28344860770436,17.65599428984773
622,LightGBM,25797,8253,92,62.8412362130076,0.9926109598400528,40.40238846485338,17.55274548749917,148.46266927786155,0.9649566641154184,77.12859913605907,21.91630371241564
51,LightGBM,25797,8253,92,41.899757191271874,0.9922496615600592,26.84887503305064,25.97935658793753,95.3493071448666,0.964954124897118,50.60678954411788,61.81161456113109
157,LightGBM,25797,8253,82,29.17129852722812,0.9858604511376964,18.374326338308148,45.79512534169187,50.25663814212992,0.9649072209220216,30.784537246030784,48.11659909543167
8,LightGBM,25797,8253,82,48.00270261391555,0.9893253887485078,29.134648634622906,58.058293046212086,97.34961125658472,0.964558005898252,51.132840710623206,141.90567284819377
405,LightGBM,25797,8253,82,63.32728484740163,0.9888294063980791,42.4674189052777,27.700675520707257,132.38692107516846,0.9644932157533452,81.78032100809746,104.5690620486362
167,LightGBM,25797,8253,102,99.0417742725122,0.9864186511817532,66.2275163791093,11.794401028588938,196.2494670833296,0.964157193610164,125.3468309086527,15.16311455129434
395,LightGBM,25797,8253,82,29.284923803605277,0.9881705093864764,18.985809774571567,18.19277106632588,59.703730757009374,0.9640773021293796,36.67330828647558,19.74507499109353
307,LightGBM,25797,8253,82,51.48256633875322,0.9840372507168864,31.543093154220784,42.929648787182266,83.55424444213966,0.9640170617756314,49.06385854327357,37.69224959454735
224,LightGBM,25797,8253,82,39.62582468219444,0.989161889537198,25.451099537341697,96.67814177275822,85.49763307426612,0.9637565630903244,53.04209730876311,41.85365766643876
620,LightGBM,25797,8253,107,59.35465357899587,0.9931234263226636,38.91904857976685,20.36761427666401,146.79810684645466,0.96361957834417,73.03507586671921,27.387269148489864
611,LightGBM,25797,8253,132,327.97986057481654,0.9898993051523834,229.48600267114608,9.97890759055567,713.3584895985657,0.96345129818876,455.7697431228036,13.812031973111042
601,LightGBM,25797,8253,112,104.15602589424768,0.9884449051827155,67.70722308678181,13.818551303150716,203.53556210433663,0.963262456097765,114.33816304991488,16.20454249109882
463,LightGBM,25797,8253,82,20.87873039901384,0.9835335802337024,11.175873115768653,48.28879910353248,30.30443213831568,0.9631743315043484,18.854316758810345,74.01482140730965
4,LightGBM,25797,8253,82,32.87673053957456,0.9889203893647932,21.147015899957243,18.02820746637158,66.93621764979218,0.9631330416118604,36.59293092321974,18.820864811633925
316,LightGBM,25797,8253,82,72.59020022139657,0.9853666646886756,48.212582036831925,23.363600774623105,132.38729386535823,0.9630613806593706,81.19962750638572,35.9846152751719
309,LightGBM,25797,8253,82,31.929805855169427,0.9846137359242628,21.350087962804583,27.76475911069744,54.66447429434777,0.96294749001811,32.62444324542206,22.697079314937334
189,LightGBM,25797,8253,82,15.451386113001789,0.9885082061124136,9.964279496154958,34.33198383570685,27.59619407338403,0.962339309927458,15.157819690379029,20.19176823984892
44,LightGBM,25797,8253,92,33.039081180493184,0.9915997367731356,21.328996456375226,31.08699520944793,70.3636182514771,0.9619671489596816,37.91269084117494,70.09064889843214
3,LightGBM,25797,8253,82,33.48127513164963,0.9905959468619212,21.547561900159987,18.32735468420487,76.57482522496659,0.9618820525929218,41.17653225115426,18.581092941095733
278,LightGBM,25797,8253,77,62.21063443423144,0.9911719234473518,39.99785413295908,11.552501050668084,139.1047533835864,0.9618506087146282,80.19599702107341,15.568094167000234
53,LightGBM,25797,8253,82,12.756636892037562,0.990091383683913,8.269786219287928,30.43863176204756,27.70365120161221,0.9618226866851304,14.398135440732526,65.1888933918848
32,LightGBM,25797,8253,97,40.96088477916206,0.9855133901498104,26.860044266784087,16.51753197338398,76.70124276466632,0.9618158044539225,49.55333054160568,21.726583352922685
151,LightGBM,25797,8253,97,48.2175174828572,0.9877084793083548,32.18292019230643,12.210678648880195,94.59423432007794,0.9610325160460972,58.04044790802165,15.492086996394388
52,LightGBM,25797,8253,82,18.18773453419521,0.9890051686880442,12.18599928522772,26.82639304468563,36.280469677935066,0.9607685945033608,19.83976176438277,90.37224187259612
355,LightGBM,25797,8253,82,19.620491792200376,0.9879251535408012,12.905803693698315,24.43490200817913,39.18322690935662,0.960758616324635,23.223200285635592,27.866083812383
77,LightGBM,25797,8253,82,16.227053101926966,0.9894890101261026,10.38435541795048,23.225933732730933,35.52329547422825,0.9601529808438024,18.41121499421468,23.44529552952133
14,LightGBM,25797,8253,82,48.12772536335157,0.9891428381155402,31.874775489032917,24.32935919239904,109.84946003460516,0.9601524986221968,65.46747748042567,61.40341653319119
326,LightGBM,25797,8253,82,20.47809396884006,0.9827670887879784,13.982158414489747,38.55439622076364,34.32936030201034,0.9592899046873522,22.22440969586027,35.27304640136323
10,LightGBM,25797,8253,82,68.07389102582846,0.9863246234031604,46.38063826837089,33.036688054350165,147.1263185703011,0.9587828566867056,94.50531644267438,118.37580719341912
366,LightGBM,25797,8253,82,35.58556759130707,0.9907358047412248,22.19164225300114,17.279747842810963,70.52980607702867,0.9586844320401956,36.62568864948919,22.14833183492412
1,LightGBM,25797,8253,77,37.06000138241495,0.9906244476608138,23.111248007255472,17.80448988843618,85.09319682524593,0.958488136530098,44.5158923918486,19.45083999015037
39,LightGBM,25797,8253,77,16.1169263295077,0.987523709798512,10.169289397898469,32.882550242634174,31.250926655209312,0.9582682147469715,16.747221918096574,22.932372307217147
606,LightGBM,25797,8253,97,61.1619227873334,0.988373164389114,38.57007906068897,15.916296985222866,132.2426850429091,0.9581719857455872,81.17892965141993,20.802545828652992
361,LightGBM,25797,8253,82,11.764069858859886,0.9895115667667236,7.492254198044352,28.070891960169185,23.64237398187207,0.9581346594282734,12.666876178515585,54.79945572706478
195,LightGBM,25797,8253,77,18.40353618740085,0.9912697893013565,11.352863428400576,38.46795836477119,39.816574694172665,0.9575734985108718,20.26338144478924,30.510431938748784
354,LightGBM,25797,8253,82,15.871234079363916,0.9865118409812738,10.58626503218743,27.743062626618237,30.28967712372592,0.9574859101211632,16.984620616873517,27.030842348595414
76,LightGBM,25797,8253,82,20.21999550420661,0.989397174694141,12.838927999857704,26.000924802829665,40.37863946727078,0.957213494257612,22.384895071979106,27.3351609163643
305,LightGBM,25797,8253,82,32.231021052818484,0.9833500396355958,21.879033196559117,21.41120365843348,53.40493829158023,0.956975835044366,33.61738490536305,22.535387823240992
320,LightGBM,25797,8253,82,36.86748502690387,0.9830666694939172,25.134487962677667,22.15598403750001,64.24761696266683,0.956902075051388,39.35194107893325,20.05815436323331
194,LightGBM,25797,8253,82,8.271899219732926,0.988404906205874,5.25419761055791,37.33163097094551,15.097812724188918,0.9567513782901302,8.034455110785274,38.48600647437957
308,LightGBM,25797,8253,82,36.4561827403577,0.9816945417143242,23.76321872516003,29.35012021413206,60.688062773312105,0.9566369175249586,36.84202004275512,25.21850075778461
451,LightGBM,25797,8253,82,62.74713728342882,0.9911339905577576,40.0611845901047,13.811450172012531,146.90543484662285,0.9565851502873424,74.12917906174133,14.574337273483366
288,LightGBM,25797,8253,82,16.21110575613432,0.9847467968534276,10.99587057770941,43.46253993622222,28.335649593727748,0.9564273764568636,17.183363302799638,62.02699570999929
67,LightGBM,25797,8253,82,14.468786829224678,0.9885978523100716,9.660863724885388,23.963894875182813,29.120348439377544,0.9561044767956152,16.823991805064278,39.588623629153616
262,LightGBM,25797,8253,82,19.8487755157979,0.9913522916863646,12.630336337567869,21.78033711913289,49.83642708962054,0.9558470075908952,25.45706124691865,23.80010306606404
321,LightGBM,25797,8253,82,26.303658530963343,0.9783327924407812,17.18830998663111,27.41447726176868,40.52142009220846,0.9556866427077814,25.13133312160105,26.08195776841931
452,LightGBM,25797,8253,82,43.62144354304908,0.9890876527981436,29.481116525538724,11.725861576541522,97.55974387489223,0.9555146380666164,54.58943215100271,14.074773806528013
127,LightGBM,25797,8253,82,32.71321046991882,0.9862204609607677,22.14902652263335,37.03871551195992,70.981925257636,0.955317583407416,40.85725974993428,81.76672833551972
311,LightGBM,25797,8253,82,47.5675510507092,0.9838455238449412,31.01738849307407,31.43171449152125,87.7538465151176,0.9548652725227856,54.63019732412233,30.637136731061915
471,LightGBM,25797,8253,77,80.75731583378668,0.9870784465426272,49.59157423004728,96.9241091824258,196.9133930172084,0.9545853137439811,105.56717802993168,126.19168782126631
409,LightGBM,25797,8253,82,35.32191603548822,0.9854957169491888,24.147069539802743,24.617464862700004,73.21107781818243,0.954473026900552,45.10959716016757,54.9551153285441
359,LightGBM,25797,8253,77,43.21165902446583,0.9897803561007292,26.60616700456411,38.55828941680839,98.6265642943676,0.9544355262815326,50.95474748420809,35.128222513934915
179,LightGBM,25797,8253,92,36.195713438002485,0.9907318692139142,24.3234772040399,17.34731722533165,93.67730997116546,0.9543292661937932,52.4876873275737,21.334920882473185
312,LightGBM,25797,8253,82,45.89226449458452,0.9812394285487508,29.23285926483557,32.15997492502364,79.42524001329932,0.9536585891237152,46.608812031847066,25.021169554368623
329,LightGBM,25797,8253,82,23.994600715568176,0.979971535417262,16.23057668835296,39.7837727871857,42.10082873772359,0.9534999193933842,26.93076996078739,35.51503222630411
13,LightGBM,25797,8253,82,31.35750873934479,0.985240480871872,21.88088058436253,23.560533128864417,67.54784866845276,0.9534778566917996,44.28115220814535,63.636152747733775
64,LightGBM,25797,8253,82,15.054870548739505,0.9893190879355396,9.752987156652251,25.868524354402822,32.28495823954591,0.9534312764955564,17.71238437088383,34.5795605353325
243,LightGBM,25797,8253,82,23.73202084555716,0.9892904127916764,16.007116805995448,14.77800027759329,51.937042657245975,0.953418319040222,27.820891720304296,16.250358632658074
191,LightGBM,25797,8253,82,8.617788408402312,0.9898224108244634,5.626870071622236,33.847297351798204,19.285572918803865,0.9533807080558696,10.495518989957954,35.098143186163924
47,LightGBM,25797,8253,92,24.5433458168044,0.9911754304167958,15.519847896493038,26.025020546824692,60.49142739618696,0.9533253662088564,30.57709660461422,37.17978783926616
118,LightGBM,25797,8253,82,22.13727045610907,0.9780516436654654,14.902862701273293,35.08580563907318,37.39712865609739,0.953118066732898,25.263280044684414,35.81040734805925
72,LightGBM,25797,8253,82,19.58668352706544,0.9894256112532374,12.514941581910104,24.91578863383989,42.03758336952846,0.9530653330038732,23.248344075930863,23.300727479264832
289,LightGBM,25797,8253,82,25.53167535913027,0.9848414688085656,16.70389965454076,22.25372914127575,51.60973384047257,0.9530139428545156,30.375844153807417,22.13950777691822
82,LightGBM,25797,8253,82,9.827415419254075,0.9834771686883486,6.285885169749319,30.840659977652667,16.837774767375517,0.9529661041262318,9.693963343335607,34.148443051669275
175,LightGBM,25797,8253,97,27.94078236638408,0.9880397804522149,19.302668294895412,20.000094266249103,61.19422596936154,0.952878598206253,38.942266716049424,22.008986091211646
66,LightGBM,25797,8253,82,16.646401181478367,0.9897018203110272,10.936733814816542,22.202261859275087,37.6340517325288,0.9528759568031262,20.65492439437044,44.86788400986025
35,LightGBM,25797,8253,92,35.809571329448694,0.9855942569355064,21.32713293191298,16.54263514789124,74.1916466563245,0.952712906932426,42.7714957820028,20.056987130838
392,LightGBM,25797,8253,92,60.05005216192925,0.9835951230329064,37.52620366720016,12.521715139351764,116.13517076207842,0.9525972924083932,68.60795984363756,17.99845340225811
36,LightGBM,25797,8253,82,24.99814760269204,0.984094055793444,15.11596204449121,43.74760099893879,45.212788692724295,0.9523644502431624,25.62121838699787,25.752329628391067
65,LightGBM,25797,8253,82,19.42702766866321,0.9877990906175712,12.293755717686524,29.098723625971385,41.16315877063892,0.9520942961792342,22.89425649023037,41.581170468104425
68,LightGBM,25797,8253,82,20.60969090681235,0.9885050037565212,13.446898942589105,22.64245443110502,41.86142839817057,0.9520058371519224,23.46675016039577,40.76177565078552
444,LightGBM,25797,8253,82,14.272562241390837,0.9875980515086258,8.77107044669122,31.036983700190312,24.854659234094846,0.9519834360292394,13.977421571303408,84.98881776774158
273,LightGBM,25797,8253,92,45.68332215213524,0.9871106785939684,29.25425863543008,26.43190006847996,98.15312821512182,0.9518963795090764,58.286700474521766,34.32979867434269
30,LightGBM,25797,8253,82,18.11605471824665,0.9851709990908596,12.02583859410048,25.3066363553634,37.02514493335856,0.9518086294035952,20.89901683630872,30.05213473658244
69,LightGBM,25797,8253,82,14.148646269905756,0.9869008437388552,9.286136127147598,25.36457313418224,26.734676269385595,0.9517669659071628,14.720368480804751,28.763103528908147
260,LightGBM,25797,8253,82,9.991589791190387,0.986223715174962,6.849313103070188,25.934175895224325,20.60542969999581,0.9514272804549658,11.587157567758728,25.094611895929823
38,LightGBM,25797,8253,82,34.13376872265103,0.984879036400047,21.08805924164505,46.78677112021623,64.93358789825088,0.9514136885105486,36.60998279359605,21.95784859080381
255,LightGBM,25797,8253,82,20.70441365224531,0.9844627326504716,13.601198436734062,19.245199567172985,39.367427688236816,0.9509965272375762,23.76829205577074,126.08301120472125
5,LightGBM,25797,8253,82,20.66620694282144,0.980958452303279,13.797874542070932,22.62705205183654,36.55078313736198,0.9509657123789282,22.08826343295937,23.25787609761124
296,LightGBM,25797,8253,82,14.873107322968552,0.9809973739470936,9.908146934614694,28.9703479280844,24.640774747112232,0.9507739829238572,15.023588438123811,28.915717169694688
254,LightGBM,25797,8253,77,42.926114290823705,0.9937837763791092,25.48298110322784,13.526224682142256,117.20848281744036,0.9507543532678334,52.77915141899479,274.45482145358085
71,LightGBM,25797,8253,82,29.952254820117293,0.985155842600004,19.475658981372124,23.479070866160395,61.11689672292516,0.9506120676553272,38.61337628811579,26.059160216095044
20,LightGBM,25797,8253,82,18.64834706187692,0.9856110780180676,12.0380194537371,49.41078891556761,36.88767119583704,0.950230223461648,20.181268839221502,55.16301083683269
212,LightGBM,25797,8253,82,17.531476983524158,0.987033183601436,11.052154893339791,41.921456225531465,35.71295298218694,0.950197615451695,19.842621672859465,20.18965455816781
110,LightGBM,25797,8253,82,14.146660008416966,0.9874392301608906,8.953780359276898,45.0774689353443,30.53353231279533,0.950045551731874,16.188412662721472,62.318797921079614
313,LightGBM,25797,8253,92,106.23049988451908,0.9833289647196432,65.79954218085213,28.88822519175229,205.0084928506621,0.9499185080247606,113.5107843136792,21.600793208575407
381,LightGBM,25797,8253,82,24.128974476059746,0.982679699152977,16.061491505674766,16.509074077970787,44.36137838088651,0.9498375050833376,26.005348254592175,82.52578127684224
362,LightGBM,25797,8253,82,7.460475958078715,0.98468906724629,4.970047335586107,30.42698583029378,14.11798601373512,0.9495932117461294,8.062711802729696,43.8908424562933
164,LightGBM,25797,8253,87,211.2626507669345,0.9809512024579592,139.75880917770428,36.65279414515105,395.13626459515126,0.949483239831226,255.2479845593229,23.79394272608882
49,LightGBM,25797,8253,82,15.027074198192423,0.985220283485559,10.09516534796042,28.844020146893712,30.69078642416515,0.9494435466328918,18.35851526729086,50.12548591845515
358,LightGBM,25797,8253,82,18.38000920336188,0.9888978543571868,11.9298444691633,21.272012704137914,43.375176740161976,0.949383170999158,24.269539753149907,25.397079406027085
383,LightGBM,25797,8253,82,15.928516159523166,0.982145535511736,10.819543182503118,16.383298557143565,27.369017671138355,0.9493765662678711,16.963096208668603,70.18834285384958
109,LightGBM,25797,8253,82,16.91375005623642,0.9900045247754944,10.359408539971428,31.464654099033947,41.485331766866686,0.949272006851565,22.06576287392827,61.48683574148443
627,LightGBM,25797,8253,87,16.488463709881273,0.9784429090527476,11.63064781887851,18.932485650924956,27.90709064001316,0.9489313620615268,18.233770890340544,21.351519337425128
445,LightGBM,25797,8253,82,10.586668621588194,0.9839550684684644,6.457942844344911,46.07733795917287,20.511098219730066,0.9489054011044876,11.121184826020954,92.96088117860334
324,LightGBM,25797,8253,82,42.32733902632751,0.985419199671621,26.32997799118274,29.930693989615285,112.74917320552842,0.9488812813879356,62.86140173612907,44.64900848620299
325,LightGBM,25797,8253,82,19.648807783100228,0.9804164734406764,13.105330271658255,33.14612627532125,38.50192882066145,0.9487937056400771,21.88456786596604,30.236854585517943
630,LightGBM,25797,8253,92,51.090579553355774,0.9883254296073162,34.563823025281366,12.426675984428575,118.095113376293,0.948636125041782,68.10475691062898,15.304084876457669
356,LightGBM,25797,8253,82,22.89179214821373,0.9876136135828572,15.138867082523197,33.46627307607393,54.17373069187647,0.9485952332460172,29.007795430009708,30.38971417215744
37,LightGBM,25797,8253,82,17.953424184272748,0.9853030706081186,10.708817818152571,33.301962623305066,36.20249778941497,0.9485804193790706,19.92034672288922,29.805561292284157
235,LightGBM,25797,8253,82,48.54867199091922,0.9793900074243854,31.513551930139855,42.44493477089968,91.16778134344794,0.9481602156004548,57.71367163833016,62.18318532188605
280,LightGBM,25797,8253,82,13.58722363458199,0.9825657256184712,9.43873326472196,26.483589121221524,26.2339742016054,0.9480785533942728,16.565030594885815,30.93917992260281
303,LightGBM,25797,8253,82,24.69101141433056,0.9868899349275914,16.395075850945652,36.31398181979698,51.99878650457742,0.947995686366187,30.37181581479167,156.4644180530006
55,LightGBM,25797,8253,82,32.81355513489218,0.9824953131829448,21.78735221991981,30.28234748571349,58.64537280898118,0.9479327352769736,34.420357886530546,113.42658619658272
46,LightGBM,25797,8253,82,17.977785755323477,0.9864026660255728,11.708961594836016,24.699426201709247,39.67739046967543,0.9477807097117616,22.19796086693769,48.42540000602374
384,LightGBM,25797,8253,82,24.16035845469688,0.9815445773832864,16.63329003464024,16.779852851330286,42.84268682321617,0.9477316087132172,26.33922821028496,76.54162587603128
213,LightGBM,25797,8253,82,23.76708492884937,0.9853381964927826,15.592964649952018,47.44954593085986,41.87941131968584,0.94768822573304,25.3208126780175,17.913846825732964
459,LightGBM,25797,8253,82,25.47043432424797,0.987496290046302,16.76847920764858,20.70138611527692,60.61795180313588,0.9476810318071562,35.82720431804992,38.88991265748423
147,LightGBM,25797,8253,82,30.588665012747487,0.9826720531148306,18.527690084842902,40.789758946160255,57.61430731331196,0.9476035041330888,33.8506439517652,100.6914720814862
608,LightGBM,25797,8253,92,34.19930687612965,0.9846012463817329,22.940797633630037,20.01279739596197,71.44509950065448,0.947484330723221,40.42811523453279,25.6603949212026
379,LightGBM,25797,8253,82,20.1780922931533,0.9829326068752074,13.487179549645967,27.64696817478191,33.674675016737694,0.947405648740596,20.170182430264823,77.49899041282248
244,LightGBM,25797,8253,82,13.076451262165714,0.983943070249228,8.468833823902832,53.9930371929463,22.785332719703923,0.9474034735699194,13.514503372177808,38.14597327387196
635,LightGBM,25797,8253,87,88.77299964328672,0.9825917515843114,59.28524034863665,17.40176343902843,176.01560346226648,0.947249218520196,105.31218203596671,21.29029314244117
394,LightGBM,25797,8253,82,25.472995348311525,0.9855056445001572,17.010951736720973,20.33003286276143,58.56893015521706,0.9471123340621947,34.61336971368198,21.43490958385785
386,LightGBM,25797,8253,82,13.402581807722624,0.9811945913513984,9.292723176682811,19.56096871884449,23.89853826637609,0.9470953353028552,14.930240926481265,52.608604397402
41,LightGBM,25797,8253,82,30.135657018593864,0.9852951374972538,19.054659995073347,57.39389668487605,63.44620937873835,0.9470569277076792,33.305676809813846,60.35927916307337
360,LightGBM,25797,8253,77,18.494784231898127,0.9836568786926324,12.199788132015303,25.508308797139144,34.58035316781481,0.9470407601857118,20.181133390000827,84.24038162293111
301,LightGBM,25797,8253,82,27.865728375245943,0.982645317244117,18.682087599386534,47.22248567103273,51.61243903275379,0.9467774269019344,31.8362655431687,78.46963005491851
154,LightGBM,25797,8253,82,20.574999344908147,0.9794331274247334,13.705493309840094,27.644754315425203,35.2615818417378,0.946486203722064,22.10756434020897,28.369910973002643
456,LightGBM,25797,8253,82,44.75268217045867,0.9894055266523832,27.90585653829905,33.24180589251913,100.65197970017464,0.9462378319437936,59.08674397059,74.58053704261933
306,LightGBM,25797,8253,82,27.774233274920363,0.9777362335537028,18.592109667921928,24.77306509970201,47.82822637786349,0.9461468774763326,30.04960328990284,23.09957197258633
476,LightGBM,25797,8253,82,61.366231258742175,0.9894486070009764,37.73361711936712,21.373151164212956,165.77830780002571,0.9460626730759394,80.08960222775346,40.76925176669855
625,LightGBM,25797,8253,97,68.81870001126447,0.9833031618404054,48.29804904412536,11.7084102570016,142.074216798095,0.9458159531991144,92.84904812205794,16.073049824663553
318,LightGBM,25797,8253,87,200.3752822108619,0.9809926569526104,129.6125384617192,21.75589396271375,381.3580867451385,0.9457257250468292,232.2690758039592,21.80191798323103
193,LightGBM,25797,8253,82,6.888981287641382,0.9836968234073096,4.568765292082902,37.00715269122499,12.512797664175883,0.9457089645055826,7.33476348683651,57.4823736190485
162,LightGBM,25797,8253,87,63.64414779325813,0.9777985852113116,44.6760716512283,29.81605315034973,113.30602258050226,0.9456740578383004,78.00172171026149,20.56309007415102
215,LightGBM,25797,8253,82,18.733202427323437,0.9882022544622522,11.759320623346188,41.81326161147818,50.69351141390429,0.9456176360558434,27.160130694672294,20.077741735163027
616,LightGBM,25797,8253,102,106.30875431419634,0.9915374585402568,71.10774790395962,7.538147772275463,285.01986555695646,0.9455328933836762,153.5522495077188,11.41560898740153
266,LightGBM,25797,8253,82,26.69191430691401,0.9930785177377154,16.900110393490056,18.900549787107085,88.24319918136393,0.9453905305574436,45.739072409439,22.44550849815537
236,LightGBM,25797,8253,87,32.54713174017012,0.9843088249863994,21.76177423888749,31.590512356063293,70.4013235860438,0.9452396003652248,42.13531004984468,96.2009483803278
192,LightGBM,25797,8253,87,19.48571062523797,0.9879804001082456,13.064612013517834,25.923573466495625,42.410422379535866,0.9450242235018615,25.35317161437029,23.90072730140225
240,LightGBM,25797,8253,82,40.1051634983429,0.9816002234874311,24.016949749538448,35.15815420169879,78.18092772596665,0.9449666956475028,41.41221242806,34.630534291271296
119,LightGBM,25797,8253,82,72.21071907869546,0.9804135000171518,47.49282722744211,51.59288646604272,144.47835639465947,0.9446638135308916,91.33230050080093,36.62577848385757
248,LightGBM,25797,8253,82,10.015751821960071,0.983652579963559,6.353327878577971,55.78472039140984,18.29365036343773,0.9444269219738216,11.137682497882974,46.17196005410407
16,LightGBM,25797,8253,82,50.44741274811784,0.9799471392360674,32.88571576364727,24.50669707527207,98.95349481532776,0.9443685563624986,59.83778325359043,55.67136569411486
59,LightGBM,25797,8253,82,16.677308540688202,0.9866609072865674,11.081526064642665,22.795016040110607,36.7226352899733,0.943919179525525,21.327460409706777,39.22702623212265
290,LightGBM,25797,8253,82,18.96234882571024,0.9809887101403804,12.614145701609855,36.88637861477847,35.93854982775097,0.9434962846664622,20.714418891773004,50.03693435456287
22,LightGBM,25797,8253,82,18.612967013568028,0.980381768262086,12.265380792996693,48.25972190429719,35.7409745988158,0.943475049853318,21.492350606324425,74.53651839789245
258,LightGBM,25797,8253,87,15.44294256132001,0.9857410881340752,9.934598745431606,22.74547353847143,33.683546376251165,0.9431127824174268,18.511546997748567,23.05836588169746
295,LightGBM,25797,8253,82,22.866050294382628,0.9865978851729093,15.067207599527311,29.823422724547257,51.577192306257615,0.9430122915471812,28.83568802973527,39.57630022155325
155,LightGBM,25797,8253,82,25.256539258381512,0.9782327792912172,16.005546419749457,27.222979539500024,45.79167655087699,0.9426469640952392,28.351236686730708,28.908539453476028
418,LightGBM,25797,8253,82,11.872969847945496,0.9824298067627396,8.091756276477984,21.83078831068101,19.032638278366715,0.942531764661585,11.756598546987096,25.16738502413397
50,LightGBM,25797,8253,82,17.403049020325923,0.9825551960103404,11.23707931835651,35.869458874937,36.37010179123959,0.9423218785173494,21.366650181390558,60.91156181449692
453,LightGBM,25797,8253,82,32.92051944246626,0.9863277376285,22.761349914422137,17.348517106129073,74.08606050024902,0.9422899934362254,48.35205221372525,17.714001719958535
97,LightGBM,25797,8253,87,30.43673255135908,0.9857677097853268,21.29555321410054,25.45818926882633,68.7754713970645,0.94213156531254,41.1481708029856,18.65056885383204
432,LightGBM,25797,8253,82,19.431584485699783,0.9777280493603148,12.801139387945923,22.323534248083487,32.676466677693405,0.9421241760299316,21.355659051436614,63.6512433656581
382,LightGBM,25797,8253,82,25.730167607994577,0.9796800198086512,17.850373745317658,14.43419882376213,46.24866609252232,0.9419124414592166,29.35411477925676,67.60028829125928
120,LightGBM,25797,8253,82,100.16580064964994,0.982090673300563,66.37700716681337,87.91840724398034,212.40185139794724,0.9418905298766298,127.03784675184257,42.50736745586121
237,LightGBM,25797,8253,82,33.99688676136336,0.9868220645879195,21.803985252455625,34.55929063372773,85.13784186771395,0.941705166896918,49.02477072142697,221.72768359984647
257,LightGBM,25797,8253,82,13.203820568848627,0.9795245179326054,9.051104058902132,19.875025683182194,24.58617878225002,0.9414450757620444,14.93613078024894,56.96651639477863
168,LightGBM,25797,8253,82,37.71082990092034,0.9892501382748248,25.067537672023654,39.87705774608986,117.94021510277572,0.9411261798365362,65.56281585825853,40.23427759835938
424,LightGBM,25797,8253,82,19.44520729217235,0.9852552512640508,13.138145133996636,20.00109906801722,35.87680711444289,0.941099804357634,22.139725873436063,31.99352607765325
328,LightGBM,25797,8253,82,48.295788278617245,0.9839878919999492,31.59925991326617,50.67642483684291,124.78116159380404,0.9407848850708808,76.45738597082561,46.16141014776469
304,LightGBM,25797,8253,82,24.882337791149016,0.982554249492706,16.86530029054382,42.84907210660321,47.864972017125936,0.9406761212555096,27.691589624182296,142.4970208581732
145,LightGBM,25797,8253,82,15.429763001399309,0.9819021913294228,9.66330721414242,40.316951158293776,29.888275634652423,0.9405802243923552,16.778450702429282,84.74565935989312
421,LightGBM,25797,8253,82,17.730966546015722,0.9770136415060412,12.205213528957724,20.020169664865108,28.293935550584614,0.9403404130700784,18.33018269017513,38.08966855669683
271,LightGBM,25797,8253,82,32.98054738538428,0.983394141518348,22.07544922081057,17.343819880778817,66.08430922954517,0.9403061762808652,39.22230407497387,20.1729328304498
252,LightGBM,25797,8253,82,9.910686678809382,0.9770967045630392,6.08080971171093,52.8213506202089,15.87732362342429,0.9402900669973248,9.41896273768057,57.97573350054866
210,LightGBM,25797,8253,77,17.92567046391494,0.9892155477635528,11.06169771773015,54.88546641821195,37.10194574306331,0.9401706475548776,20.60893652383195,40.91115282110272
364,LightGBM,25797,8253,82,8.523048463649568,0.9821360408687478,5.626193919248779,32.12205199401186,15.216221528340382,0.9401691291423998,9.037928239922104,39.939977580261406
61,LightGBM,25797,8253,82,11.528220106588195,0.9771940984994412,7.821655394234757,27.31585734232549,19.701787082487744,0.9401063644606114,12.520003558885875,42.77846951439452
146,LightGBM,25797,8253,82,26.09162411098106,0.9871069633250896,16.160649593192197,46.53162424120278,66.0996759057405,0.9400590358763352,37.65261728946375,150.20312616039618
101,LightGBM,25797,8253,82,39.10883670439834,0.9784323811453182,25.76087431191761,44.36691391577356,73.90031398403329,0.9399235609610772,45.97249774993685,98.20311933422153
183,LightGBM,25797,8253,82,15.830037667922268,0.9824489784304964,10.93320300681256,19.56285918360521,31.64679540517456,0.9394931755729228,19.11645152753996,19.10169100943454
422,LightGBM,25797,8253,82,8.642174932772166,0.9825350317322388,5.953173935333602,24.602595296759368,15.226593286419678,0.9393209508731072,9.479282131450615,34.76485148205783
464,LightGBM,25797,8253,82,46.79187939104781,0.9872527431764152,30.057169832468688,67.54655973209549,129.28120588250138,0.9392700069202572,71.78640891068007,166.46876517492564
423,LightGBM,25797,8253,82,12.342311227577452,0.984207813257777,8.4557714558445,22.365447880669045,23.941522297507504,0.9392167218871184,14.17180794991941,30.915486579618246
256,LightGBM,25797,8253,82,20.335455726265348,0.9820226259715996,13.416508768685702,15.142702492354925,40.69417323787903,0.9390444233223596,23.464818900906028,109.72566989588596
98,LightGBM,25797,8253,82,20.1036040186914,0.9836604665884668,13.882937358740426,23.19951675742325,48.562271687264975,0.9389128953467902,32.91219813757994,29.437212709616205
387,LightGBM,25797,8253,82,19.02007934543157,0.9823149216859212,13.314284994169377,16.256311148943457,40.05408845258188,0.9387399692936615,24.793741742833685,84.64581842925142
407,LightGBM,25797,8253,82,45.89497669124813,0.979695664490898,30.857662618482887,23.159584501523405,89.32770538932398,0.9386617487622284,54.5148318394385,311.15870213137833
371,LightGBM,25797,8253,82,26.629471342353987,0.9830138916998225,18.031105660131125,13.946588038903368,55.60320313520228,0.9385547133747654,33.35954055777172,45.50771266989174
388,LightGBM,25797,8253,82,23.07304750953427,0.983790837600566,15.653600750663598,18.70841096691934,50.07280167267464,0.9384547719181036,30.246760652150854,116.0410222626056
372,LightGBM,25797,8253,82,10.505997121502483,0.978637246377682,7.351474703244858,22.61100718417247,17.681198024508497,0.9383907366834028,11.756782136894907,102.55583436600187
152,LightGBM,25797,8253,82,17.747217367435493,0.9776917186792392,11.299101981385856,27.06764487676974,33.84041851620708,0.9383526838106708,20.423123944454336,33.320227698789175
438,LightGBM,25797,8253,87,28.837879579960283,0.98219280192138,19.55798011615304,33.33098185599638,60.71165909726862,0.9382657267914476,40.321802593582944,35.11155592071859
122,LightGBM,25797,8253,82,32.89697418681478,0.9780479831121008,20.942756420811826,44.12708053387895,66.07828846518234,0.9378259249526344,39.43596170150329,99.15681219177593
300,LightGBM,25797,8253,82,21.37516093058164,0.9831710710884204,14.099527076069588,38.56721466753171,43.58122319022658,0.937815317885791,24.5363333290789,55.34723897378869
393,LightGBM,25797,8253,82,34.72529188365025,0.983090114155618,22.95666182142539,19.781900106204663,76.5792705784551,0.937752227460153,47.15786368281128,21.955012632230265
245,LightGBM,25797,8253,82,11.89793916716424,0.9808893690164554,7.616720512972852,47.964330548517,21.22093176248821,0.9377375129131704,12.84361793575421,36.200584830806456
114,LightGBM,25797,8253,82,13.54016702416466,0.9812907738568076,9.19192038916596,34.48456477110289,27.52737112186917,0.937733539560904,15.966058039193316,44.38596707166017
443,LightGBM,25797,8253,82,10.175423168055913,0.9814416164460138,6.432221835851921,37.76879036630566,18.734410294785288,0.9377131888278984,10.564165687340624,89.06196328538603
417,LightGBM,25797,8253,82,9.756025764996185,0.9820230318688804,6.5287462762957045,29.776230705415635,17.51004965624227,0.9375875031400144,10.536015677399234,47.89370403943523
159,LightGBM,25797,8253,82,62.403399447895566,0.9810348709015838,36.305306980446,58.98437671848276,117.2686185422218,0.937564142510506,61.54322752693859,98.28262295835007
188,LightGBM,25797,8253,87,28.1849253988186,0.9864841060003025,18.79298445798043,15.660885500875812,63.5158529000522,0.937357475697306,37.2286256625954,18.200325020498155
250,LightGBM,25797,8253,82,12.490058239814513,0.9813306826027828,7.7930292880524,51.12649801591181,20.918998226779717,0.9372921492152728,12.785908891530376,46.5436400694032
48,LightGBM,25797,8253,82,11.025221377772157,0.9789912351085004,7.366205503665254,33.652356231239104,21.723143487630733,0.9372241390292706,13.252361250934568,56.17666272513782
615,LightGBM,25797,8253,92,16.304943157505242,0.9806588750257818,10.55966214133559,21.04584902235807,30.833813835202815,0.9370470020207804,17.59608888670481,23.82453425510496
78,LightGBM,25797,8253,82,12.902819925304318,0.9850735208888528,8.581806051445175,31.331533127717886,27.71600192274742,0.9368780786610552,15.625396890658422,26.84051137840987
143,LightGBM,25797,8253,77,24.8282637585488,0.9838821779714632,15.46905227896367,35.11181572000894,55.83478435952249,0.9367954122657248,29.62140575670989,134.60715805771045
365,LightGBM,25797,8253,82,16.478664340447224,0.9853352589923138,10.698449247388403,24.87377296102293,38.09351332590771,0.936719755917802,22.00891267875489,38.652331324662974
6,LightGBM,25797,8253,82,13.194528985610493,0.9752387975446952,9.051142760580968,27.668727473488232,26.0434659815828,0.9359049116834538,16.448717725944856,32.055034330977136
180,LightGBM,25797,8253,82,19.201362389801005,0.9825458558107544,12.889741379372198,22.221713006718964,41.782457906834544,0.9358770952585092,24.541435212299348,22.56979779793788
96,LightGBM,25797,8253,82,17.063722207251047,0.9806462155365394,11.9347753619784,20.62474729105333,36.79973537428083,0.9358026397984502,22.40109935103999,23.667111178302825
249,LightGBM,25797,8253,82,9.056189023437462,0.9845797704222816,5.8174752908016965,41.41626916909236,19.799011878526105,0.9357551305790736,11.388728344784589,39.965517844496986
26,LightGBM,25797,8253,92,53.60049060288538,0.9860662786167698,35.10366545006692,16.097559564097804,136.7572568041326,0.9356892776605712,82.67072376051594,25.09578407692524
81,LightGBM,25797,8253,82,8.786710238854637,0.9750889272808478,5.679832811247223,45.45309455577423,15.276445330906212,0.9355075187686188,9.652815148456504,51.19531255740712
232,LightGBM,25797,8253,82,48.519850548373945,0.976526670357238,33.85319404119837,26.24021007010876,90.60074905328388,0.9349776716496008,56.813289635480274,35.64986790241419
436,LightGBM,25797,8253,77,11.92596009785792,0.977392594499924,7.541760329081447,38.65331114014565,19.595017143867267,0.9349253646998488,11.189409910282787,34.07315930825299
269,LightGBM,25797,8253,82,17.816035077130447,0.98730552985907,11.793716635123006,23.55349701146401,46.4783364577423,0.9349087521041962,26.29018905933715,39.16019269937003
272,LightGBM,25797,8253,87,12.563125631947186,0.9813371455142332,8.662419210085426,32.98885930012648,24.757489689576243,0.934836935920345,15.64969010486052,33.056193618378984
218,LightGBM,25797,8253,82,19.42813837696568,0.9856727435145048,12.71894704478683,45.44621609508425,42.584146189772135,0.9348243937348416,25.582685631769024,19.58017791346209
34,LightGBM,25797,8253,82,23.60749845453709,0.9862423056604596,15.536142516439492,20.30899022364049,56.31101184204103,0.9346877933665316,32.46123193737645,24.59312381564705
441,LightGBM,25797,8253,82,22.417332520749834,0.979250958138908,14.531844853227405,25.03747959233585,43.68278157765065,0.934451918662183,26.40005190302064,27.94039664516661
378,LightGBM,25797,8253,77,19.963174567613542,0.9798451734549168,13.399940150092576,23.976565924572128,39.76840330128039,0.9344328428091316,23.23492537414178,98.49140196968794
287,LightGBM,25797,8253,82,11.137740555475308,0.9785424601928114,7.745597241137056,42.19120003758743,20.99349829041469,0.9343587907199484,13.776545464725476,68.955920805867
74,LightGBM,25797,8253,82,16.50511152883378,0.982518278591432,10.775701070412593,28.358256175202577,32.574755435957215,0.9343214067397568,19.79960900460884,32.044372295777904
222,LightGBM,25797,8253,82,28.919292747506287,0.9767308729214088,18.77429033696497,47.21654610593448,57.72969916646791,0.9337121149127776,36.7883179939702,39.049844399841874
419,LightGBM,25797,8253,82,10.187789722305531,0.978540720345114,6.944053618933028,25.05173374729641,18.236736286610924,0.933529990668756,11.237753565058448,36.03219518994128
75,LightGBM,25797,8253,82,15.375638795057666,0.9839060208445366,9.316328657817945,36.95170458391516,33.17764262190588,0.933500981135706,18.15321519670692,34.50794966781621
434,LightGBM,25797,8253,82,49.56799398457797,0.978648902876363,32.68042415860757,33.809120603711854,107.86656794217107,0.9334683371003248,70.5402095610152,156.66950656019753
177,LightGBM,25797,8253,82,22.88480972588416,0.9845481746600004,14.93353159356625,31.575961891884173,57.641341331489,0.9333174368883728,32.49296278847829,33.90094723169618
279,LightGBM,25797,8253,87,56.98478949880834,0.9873773871564956,40.10603611814976,11.4853259526247,146.88936881449595,0.9332186870616616,95.33753214776075,15.832297558114098
149,LightGBM,25797,8253,82,11.646251919507726,0.980528501571964,8.133954356805958,20.59310971155136,24.372917160913,0.9330659824691774,14.874003649398542,27.720416703950782
376,LightGBM,25797,8253,82,15.576012714513055,0.9786600266291632,10.817885751191683,22.786794574391724,30.04674933462561,0.9328362781717436,19.101881572175515,124.88904415906568
357,LightGBM,25797,8253,82,15.9051397206139,0.9816054184633728,9.678661631990328,28.66104994142273,33.00491291635812,0.9327805495943275,18.656125282603675,32.461159098069736
156,LightGBM,25797,8253,82,16.809999717447127,0.9736037616637592,10.857715524797484,29.914456841180243,29.484701635778677,0.932675132908577,18.3745420734359,31.140511145965338
214,LightGBM,25797,8253,82,12.911657297119596,0.9826784123164864,8.356383412992217,36.889207423423706,25.146371271404124,0.9319749098101524,15.552481712135526,24.414036252795736
62,LightGBM,25797,8253,82,7.52477780787192,0.9696323537498496,5.247074696977605,27.4462630195628,11.953860016521489,0.931873430771031,7.809356815450753,38.07126284997373
368,LightGBM,25797,8253,82,15.962661844110434,0.9868186104966948,10.607191823426993,17.480468499154874,41.42567474419282,0.931608395157566,23.021277922942176,28.79083169073314
298,LightGBM,25797,8253,82,18.21735154505948,0.9786322244062794,12.52347317102904,26.38633647495791,32.64574145184007,0.930582883086526,20.949714389165766,34.309991294340094
95,LightGBM,25797,8253,82,18.8564224094156,0.9838333638386672,12.766646672041794,24.323668680966826,45.49810172475169,0.9305807190002652,26.19507511246145,31.26447189311344
385,LightGBM,25797,8253,82,14.825639541690592,0.9809294997154998,10.202385807918487,19.19157201718444,33.51816326001989,0.9303199281301828,20.78866500674747,35.850132420211885
216,LightGBM,25797,8253,82,11.505548371092576,0.9832805632171808,7.653799248772348,39.57126758451282,23.943471919846782,0.9303063730198944,15.8353969042228,27.509280311974425
345,LightGBM,25797,8253,87,51.49450811465309,0.9917611300523274,33.00748701926213,12.690506969867782,161.23689390697118,0.930283489991881,76.65627187594286,737.1906919804746
351,LightGBM,25797,8253,82,8.35130923667558,0.9807452862739854,5.670029559355763,26.45739611259169,16.0368336495725,0.930262448684207,9.507105100052785,72.37796988396758
43,LightGBM,25797,8253,82,19.68498398469496,0.9819809119580112,13.28370871285665,25.40140658882588,48.52102017425005,0.930216383978561,25.777938828636447,37.68077700381931
461,LightGBM,25797,8253,92,44.289919200001336,0.9803340210127371,29.441342237284577,29.20995788210926,85.60193160270029,0.9301441925546962,52.051592800781926,20.06935519585251
211,LightGBM,25797,8253,82,18.473904650190505,0.9853003670551288,11.331278615729676,43.56483731682936,39.76794156423969,0.9299534497481828,24.050860609101065,22.6112820557542
158,LightGBM,25797,8253,82,39.71382105234876,0.9799976258838924,23.64896435529973,46.77702824367592,82.97655033541751,0.9296686518927088,39.46893224179574,51.40098347848991
79,LightGBM,25797,8253,82,9.549619461168756,0.9776834952198314,6.462705394875316,34.66882272334048,16.935616230231588,0.929519900758224,10.04296786643565,35.91473665934101
439,LightGBM,25797,8253,82,36.71150182356011,0.979389214838819,24.494870838584088,39.32233694025241,80.95456915050104,0.92934012412485,52.00288736980367,47.32584880668801
242,LightGBM,25797,8253,82,22.76954308413752,0.9831724235103916,13.431097117394378,34.0385704209699,51.32779337828683,0.9288808168774308,24.270238219231985,38.12486413322591
220,LightGBM,25797,8253,82,9.414316811774697,0.97739470266267,6.572856702824133,23.951091520375588,15.666824334026645,0.9286426084003704,9.98288285784346,22.419010643565876
221,LightGBM,25797,8253,82,25.82584602629496,0.9847275326854136,17.33522279939809,38.69934974836613,72.1502030564394,0.9286305674289432,47.42011185513756,27.32545866229498
187,LightGBM,25797,8253,82,8.508086905297807,0.983698473125206,5.88311418853868,21.59260441529702,17.26536297292115,0.9285569365944452,9.99499502939604,22.36090277620902
283,LightGBM,25797,8253,82,37.36438735705495,0.9765041895537538,22.136209595572588,113.70954314585566,74.36640060592114,0.9285473547510056,45.715881534674,234.60509836113027
125,LightGBM,25797,8253,82,24.49225056590097,0.9722018208272606,17.196867906616887,35.3028403974114,47.342105713220576,0.9279915492710924,32.37547183243149,90.36465240294396
350,LightGBM,25797,8253,82,12.541630930116156,0.9780103601589164,8.499914569422183,23.97788245498781,22.268941588643774,0.9279406465715332,13.361976591178308,86.25845272910824
268,LightGBM,25797,8253,82,10.728538661921348,0.9831803906623552,7.279569674927111,27.1421184345998,25.377920879062696,0.927883453654935,15.741957165563749,30.8664771057542
629,LightGBM,25797,8253,92,47.3236459106233,0.977526205195894,32.71462854938932,14.560921798520146,105.25989890593176,0.9278482245581252,64.5908022090054,18.464939231287712
340,LightGBM,25797,8253,82,28.247448050501745,0.975196624523395,17.342789578928627,38.41190391338997,54.11704250691883,0.9275011289064256,26.5816630804167,48.95529741784205
17,LightGBM,25797,8253,82,39.878097534542746,0.9882063748328695,25.47075127869264,27.21496646123554,125.93192618313545,0.9274820141229744,65.0654414010805,64.8993484273421
144,LightGBM,25797,8253,82,19.88545801261088,0.9808738135464012,12.92448907050842,28.22642173952613,44.33768719129787,0.9271204987670651,25.85511605558279,72.63302474649814
217,LightGBM,25797,8253,82,15.70461625676799,0.9845545484351024,9.965408811135005,41.83289310933861,33.58056046249005,0.9269615467341016,20.513789406482378,25.011727158090626
124,LightGBM,25797,8253,82,23.793624711211717,0.973110717214746,16.620112527088473,34.59179387800896,44.96370566626652,0.9268324363531764,28.355066903198946,69.28333380478482
234,LightGBM,25797,8253,82,39.888839215447625,0.982037266657643,27.611850850212303,24.983606368667125,87.94937620475294,0.926380685020852,45.30969377779221,45.16521915763271
80,LightGBM,25797,8253,82,8.313053287474965,0.973188256297102,5.8218746617904085,34.49224178409847,15.152301711558378,0.9263341545002838,9.907104621344327,44.31636461752317
130,LightGBM,25797,8253,82,14.904613777404952,0.9772378409056196,10.035783251554122,39.731639147684895,30.94863052141939,0.9261580297960704,19.689511401851743,53.416977505933296
447,LightGBM,25797,8253,77,118.5974498159746,0.9905414875840992,75.72983826935123,72.98175117296921,356.299492012622,0.9257944632839404,189.131230456837,561.5142144643335
352,LightGBM,25797,8253,77,15.802790232779676,0.9816167561956872,10.436275409725702,22.321572396394977,34.69014546701634,0.9257827289460784,19.07724775433488,135.23293490434364
111,LightGBM,25797,8253,82,11.948430250518747,0.9740548669664592,7.366522048574223,42.3759150986541,23.10576418752228,0.9256725097391648,13.102808249586706,58.83824575714181
429,LightGBM,25797,8253,82,13.36362273295835,0.9774121498640588,8.902193552894449,22.162152213602145,27.47280661815122,0.925645004813392,17.227996730989624,82.80357992462694
363,LightGBM,25797,8253,82,13.743577203211142,0.9788049741437824,9.32985442051736,26.11858300464117,27.42679449686285,0.9255564566192545,16.132312104548696,29.2017596907663
603,LightGBM,25797,8253,92,26.79891388971219,0.9806545484673238,18.845895806491484,14.022589084530187,65.55002506905157,0.9254935183732372,43.25097675233695,20.47518734333045
60,LightGBM,25797,8253,82,12.62524558171308,0.9822722572970126,8.551305305802796,22.506904080257804,29.456595352392323,0.9252123915956414,17.268467044800182,32.65132485383086
123,LightGBM,25797,8253,82,22.873206573534464,0.9731560531982058,15.852151089370327,34.56926783241833,39.18996148116026,0.925083677908171,26.2150522030188,72.68554813099526
113,LightGBM,25797,8253,82,14.022851012621162,0.9792578892897982,9.328591873415432,37.517263967397305,31.098379542877304,0.9244396045745826,18.734517243721815,48.173453007677466
286,LightGBM,25797,8253,82,17.35465746894021,0.9698407744050644,11.95372188905089,34.15110127934681,30.5936334141097,0.9242424413555038,20.16532014311924,64.9781928107553
190,LightGBM,25797,8253,82,12.379554369380353,0.9896333123725836,7.938278183912302,31.366567146753454,32.425165872377875,0.9242156803649128,15.828054040675418,24.70498138433381
450,LightGBM,25797,8253,82,64.31717036111807,0.9900633289357672,41.17951251316776,13.600340788676066,171.61758654068566,0.923267549979632,89.06479070991391,207.85750072337996
299,LightGBM,25797,8253,82,19.805200717030672,0.9815209275939406,13.363297290426356,30.255816244711703,43.98069720305761,0.922459379968652,26.997293146914576,74.6861229284058
426,LightGBM,25797,8253,87,22.09173070954381,0.9863904048743072,14.668391992728026,16.545223384908986,54.7675032435804,0.922429325714236,30.027825648453423,20.464693051568787
416,LightGBM,25797,8253,77,13.670745244747993,0.9731762227769172,9.245965454270385,25.97700076225648,24.08889372756129,0.9214287837311824,15.43199634612341,44.28332168833884
430,LightGBM,25797,8253,82,21.47654970435687,0.9754473283471694,14.087690438040145,20.527822931777816,46.260992000138735,0.921018380273096,30.300416717361376,127.71640832520696
131,LightGBM,25797,8253,82,9.993804927549322,0.9667828452623362,6.9580538785380455,38.92459070235996,16.466234485798033,0.9210146360401766,10.799651096434498,40.12186332241681
373,LightGBM,25797,8253,82,13.723588900450224,0.9818722548632316,9.350310406602352,20.73105415681384,31.831526796525747,0.9206724255652076,20.651186388519243,124.55291001206884
348,LightGBM,25797,8253,82,13.64915533377348,0.9805544941438914,9.042268181393588,25.462171934750856,31.183786240198064,0.9206634103927605,16.739518151720993,80.79964969096906
369,LightGBM,25797,8253,82,17.812728593750144,0.981252939722232,12.004398335805073,18.754911733087948,43.612146866509136,0.9206097392682489,24.8979395512582,28.590587337341155
181,LightGBM,25797,8253,92,31.309127221950952,0.9885413023923372,21.245548703697448,12.91190713756509,105.74145992472012,0.920603403683908,56.37751744678224,17.40509657216461
370,LightGBM,25797,8253,82,7.186003825840554,0.974753613503452,4.968959355936952,26.608145621534373,12.645988580363946,0.9204556467751044,8.010143476150292,41.12424076486115
136,LightGBM,25797,8253,82,11.208739338771531,0.9798529531506316,7.692386395187056,22.581196810983457,22.504964171418465,0.919331807175196,13.602474988487842,26.79804601176245
129,LightGBM,25797,8253,82,26.43366290009236,0.9776680288823028,18.015940960553653,53.78447999504671,66.91754539271581,0.9191151772551918,38.88062227036818,81.99507860971472
377,LightGBM,25797,8253,82,21.07799742858926,0.9835637059459362,14.462645929552783,14.839301109996544,52.12423237172368,0.9181746906777292,31.564933992159183,67.32523625349954
457,LightGBM,25797,8253,82,17.16994833503268,0.988150474692434,11.423404147955008,20.618123620378743,45.81195397953541,0.917939795520365,30.22615516444008,76.34965417709203
238,LightGBM,25797,8253,82,13.802716067395789,0.9791355363900904,9.612004107789485,26.667037288253763,31.049515255712222,0.9178390974519888,19.883707082451703,44.82834574441451
446,LightGBM,25797,8253,82,9.486626314511788,0.986416755721462,5.739429762082975,45.66534053165272,26.010981036761045,0.9174645838323092,11.318580377920693,97.59140382399151
420,LightGBM,25797,8253,82,8.986632631025723,0.9786424825696604,6.162185374935315,27.09030578843088,19.21739307777072,0.917137106620518,11.521557681594478,34.33533527353655
375,LightGBM,25797,8253,82,9.619420557022728,0.9746008505133704,6.621096347821522,28.18949557222413,19.586358738854077,0.9171087828286556,12.885379665165694,108.47500337256352
84,LightGBM,25797,8253,82,12.855596880590218,0.984708137846093,7.826241022556766,40.839463016196326,23.349471689888265,0.91700888531979,12.6994944475967,85.9575153126046
251,LightGBM,25797,8253,82,8.245235847838691,0.9728738171309914,5.175836755120224,55.2855581305662,15.146506668593124,0.916887865671676,9.45853577745834,49.51984257117152
70,LightGBM,25797,8253,82,11.079908900382316,0.9755415458137794,7.224838155947763,33.371238234508304,22.33609511322147,0.9163565961022896,12.8958898047505,38.6781887780241
56,LightGBM,25797,8253,82,12.778248790658632,0.9662572377333506,8.510637404908948,48.11366872052842,20.269476232315085,0.9161730547713924,12.34810032148767,91.15817557452722
323,LightGBM,25797,8253,82,43.36076023124773,0.9644357018707236,28.359696923707745,24.56606253126493,78.37319813886342,0.9153791207391178,47.59220380764104,23.119649978134778
367,LightGBM,25797,8253,82,11.430202296790336,0.984058501379784,7.661249922192471,20.82476127746898,31.83372272548088,0.9150175507928392,18.75325764962724,30.769152813471223
94,LightGBM,25797,8253,82,15.706603960220772,0.9843508755903264,10.85161291037627,21.81700482966054,46.24092310636485,0.9147577522594104,26.639261388762183,35.078512612484445
346,LightGBM,25797,8253,82,17.527746169621217,0.9850981621559364,11.64065351093656,21.781849044629872,45.760539479578455,0.9146032291665016,24.91531876724816,224.39467525397387
241,LightGBM,25797,8253,82,25.77838955455636,0.9734299270946408,15.25728804674906,33.87663593319951,50.60688859555082,0.9142774117543196,24.706346388113435,39.48733642149691
108,LightGBM,25797,8253,77,14.491900887096666,0.9802650236263024,9.0036360341648,35.70976585288762,32.16564314921524,0.9140976276782014,17.90834756707801,57.5783529092264
433,LightGBM,25797,8253,82,16.404696414487148,0.9765588802916728,10.76311288237841,29.515736108162145,36.24541785525992,0.9134201621983726,22.83993182581112,72.9449924898111
621,LightGBM,25797,8253,112,23.367890724274577,0.9766424066944488,16.00841242931973,12.690283835089096,48.96413392201678,0.9132146947917936,30.51439270424484,15.846884699453351
339,LightGBM,25797,8253,82,20.29739566407635,0.966278361637164,12.68467072958187,37.16251556251131,37.76757296195672,0.913015718513951,20.6382232680368,54.80020961148308
137,LightGBM,25797,8253,82,9.354370474385275,0.9816738033420396,6.432167196926586,29.18025915729625,20.25779076000356,0.9121171739184576,13.442136513636752,86.82093150856865
31,LightGBM,25797,8253,82,14.001828582088228,0.9720038682480742,9.25744005508913,26.930858655624903,27.27504289546089,0.9111030188300624,16.808518893131325,32.49286393429682
437,LightGBM,25797,8253,82,10.492566333901843,0.9774143483419596,6.920819196144329,46.69646542336221,22.691883321021024,0.910402055260814,13.12648694244276,36.91829932713161
284,LightGBM,25797,8253,82,35.28380568913079,0.973095265098884,22.45545039366734,84.36132566531036,77.42780001831271,0.910341948062914,45.19454650719735,233.28059569420932
343,LightGBM,25797,8253,82,12.560689997806142,0.971886556468869,8.674845529241678,22.00148326577652,23.39586415920273,0.9103101104380362,14.74402780774674,142.69278690185502
185,LightGBM,25797,8253,82,8.50683873845532,0.9733748737802004,5.959071388039476,24.23273612747612,16.14138175208216,0.9101216175737562,10.378274172949768,25.523321277889597
294,LightGBM,25797,8253,82,15.498157525531411,0.9807249369214984,9.918723635970876,30.07262766051808,36.31135286707179,0.9092241533450496,20.154694429589117,40.00512483124128
334,LightGBM,25797,8253,82,28.971257592667587,0.9666616703899354,17.47593427428687,79.99375158457592,51.17819843750274,0.9091397628493816,30.1791158318471,75.47969308178362
380,LightGBM,25797,8253,82,21.63135608526157,0.9652693893734572,13.6633974536289,28.56015891671883,37.05472162461069,0.907786623090485,21.46891242387025,83.84587514290214
391,LightGBM,25797,8253,82,13.258339893435474,0.9671344013072846,9.414290282732804,23.65204139121304,25.9331106563869,0.9076553030409316,17.159375772808644,27.690611653595266
626,LightGBM,25797,8253,107,36.71692068461579,0.988130362787088,24.44955006100046,15.80164436779905,117.6561831831591,0.9072371422716756,59.55202522026665,19.637887873100592
270,LightGBM,25797,8253,82,20.4737136614849,0.9881098248239945,13.65753747501931,22.422232094306647,65.58673200381143,0.9070356210864252,35.43007380237867,29.902928783284267
293,LightGBM,25797,8253,77,26.56576761926162,0.9775967226901712,16.19842583250872,56.27336911244845,51.57827974751869,0.9069451563797358,28.29475122374936,244.38547890884595
100,LightGBM,25797,8253,82,11.849262667424792,0.9598922634477256,8.136491924739317,30.51015300302752,19.17840410741858,0.906764819110942,12.857181731391073,34.72660771283582
344,LightGBM,25797,8253,82,17.772529190615224,0.9672028174090094,11.105709682610897,22.382729656239583,31.432120708056097,0.9066066423567464,18.77061278394196,71.08523961420025
141,LightGBM,25797,8253,82,6.791269896315119,0.9659054273676768,4.738066828261235,31.11907175509635,13.57726559601245,0.9062297310466996,8.428183437275313,48.36419052003125
347,LightGBM,25797,8253,82,13.512353538760486,0.9865881714027652,8.825072244673523,22.078112253173902,43.742427397910845,0.9061653932362296,21.83317523215015,100.88261529472852
353,LightGBM,25797,8253,82,12.297822327260173,0.9798618564486832,8.00141929467498,34.02936111087684,28.437176253484225,0.9059960416804088,14.965250549156,33.44924290468263
458,LightGBM,25797,8253,82,30.449373014943323,0.9890745396288492,20.048916870345117,22.337704940315795,109.95653549301188,0.9056247575681222,66.0044446752376,83.72621495128767
103,LightGBM,25797,8253,82,15.029335810975436,0.9614149047518984,10.460469274638337,38.18102837195784,28.113549365686648,0.9052169644028316,18.741952760872906,72.62518556890456
33,LightGBM,25797,8253,82,22.315735222407056,0.985783080724061,14.873307041261008,20.41930975652338,63.63893076296788,0.9049962298660382,34.05559140573184,24.947494088869146
442,LightGBM,25797,8253,77,12.896740209645689,0.9870278117760488,8.058656632952436,34.87362042785684,34.847216648705604,0.904230643438898,18.59631408099972,108.53277061445286
150,LightGBM,25797,8253,82,9.32012850521746,0.971108127688746,6.410950919762633,26.64346884943296,18.629026441966413,0.9039527748820289,11.01895873058498,37.019874478578025
135,LightGBM,25797,8253,82,10.089360147572524,0.9722030291990158,7.000522428009314,31.41912285923186,19.21575843675703,0.9038007490719532,12.41573747856111,40.35622987539797
428,LightGBM,25797,8253,82,16.304939954296678,0.9796445135714026,10.959705104509595,19.678791888914425,42.86563228414085,0.9037856074836568,28.23036278306953,165.5505087926528
28,LightGBM,25797,8253,82,24.093899742069983,0.9791461412978648,16.244101182900977,29.625499145375077,63.984083227948574,0.9032267311007552,36.1834085370524,35.850003205356984
253,LightGBM,25797,8253,82,7.207385741771405,0.9678599357531324,4.565512462687968,57.5521242897247,11.81766876896775,0.901778610688187,7.565236114195367,47.57935393265047
160,LightGBM,25797,8253,82,49.33833391187028,0.96480039466444,28.258571114942796,61.791079542588925,94.06427085003638,0.9015749349713484,51.24402231397325,64.61887709556011
431,LightGBM,25797,8253,82,9.345102080829768,0.9735258178748776,6.5248222786513566,22.59399125942256,21.96780823820864,0.9015385066373164,14.264251296599406,75.14852036259045
182,LightGBM,25797,8253,82,14.496779776463232,0.982816496011222,9.980759250095495,18.10563130388924,39.40304923408444,0.9012630923587456,22.16287028522371,21.657272040850813
337,LightGBM,25797,8253,87,29.117324382530622,0.9801698869692832,19.054714527203814,19.75067693689404,70.39418660113388,0.9011725487806772,34.68477049806691,27.210058269406336
425,LightGBM,25797,8253,82,7.944708512933017,0.9813035987773552,5.484478623983643,28.77779585759599,19.30671770788352,0.9004825366287652,10.645628115284769,34.93026962206392
349,LightGBM,25797,8253,82,8.520080211446208,0.9700875998187932,5.988560945699841,24.792489306899725,17.922649135953254,0.8988297781150407,11.147603048467229,41.68092576927916
134,LightGBM,25797,8253,82,9.592206118081869,0.9722385137011812,6.550177543630733,28.690739415917637,20.218941442604294,0.8986573563154934,13.332704478873678,36.7924640931325
291,LightGBM,25797,8253,82,19.120367130985645,0.9782734596394056,12.722196718942325,49.44764103255458,50.02987881254477,0.8976949391946516,28.378886185326422,109.84194130649188
282,LightGBM,25797,8253,82,10.454385801451888,0.9596414071331724,6.147435004452272,57.48388017053847,17.576349606140457,0.8973932173020631,11.017619417119093,91.88869142799292
186,LightGBM,25797,8253,82,8.917876105045044,0.980477096357916,6.081736507331171,22.623175452328063,26.29729683219716,0.8966441482430937,13.924844847711654,24.52965328053095
246,LightGBM,25797,8253,82,7.864680710801221,0.9688946335827427,5.106806217950369,46.30380177237722,12.480609416300476,0.89610315467814,8.285364034872694,48.874501188711584
440,LightGBM,25797,8253,82,26.937505216213587,0.9804892033020556,17.643526988058195,34.93432263352948,67.94932470052512,0.8956936437580318,41.81332991633678,42.77221150993808
427,LightGBM,25797,8253,82,15.404321981781942,0.9760262330214964,10.600155758615502,16.41981667654273,39.7086119616803,0.8948988300849382,24.34336318237088,123.11095801766967
93,LightGBM,25797,8253,82,9.966980669427048,0.971391217122362,7.032207492450489,24.748447731197565,21.995678696302623,0.8947439821425256,13.838740665304446,31.793513528464707
42,LightGBM,25797,8253,92,32.965813799614,0.9791571604402992,20.254258825417228,19.482801335107062,83.38441401586144,0.89454267865845,43.35328901616564,23.34352844049396
460,LightGBM,25797,8253,82,24.98470844434004,0.9904158473432174,16.10764070699373,29.705365479512917,114.546639817255,0.8940985088476083,59.10760251150429,61.9914681427376
341,LightGBM,25797,8253,82,22.26965692213948,0.9661956673329282,14.215711563000966,39.80991628636201,44.20187373353309,0.8936207722945125,24.961230870493534,53.78677422101816
99,LightGBM,25797,8253,82,15.31726038723927,0.9666961499620712,10.464071876379116,28.84097975329035,32.13838873089491,0.8913509844493014,21.51981051396448,33.379196132390845
91,LightGBM,25797,8253,82,7.033907450422242,0.9604523928236688,5.187525620166198,24.60989666475965,13.696086465377952,0.8888591529041449,9.39614030973259,40.76730181739015
83,LightGBM,25797,8253,82,11.115636514983398,0.9827581369643048,7.363520628292368,44.09950542776782,40.6538670210971,0.8876955496820994,23.02594740640108,68.86556943579204
314,LightGBM,25797,8253,82,90.51394567105211,0.9652180268298798,55.18579108410065,48.3219503304431,176.31065051785447,0.8873416137773138,97.0192079918971,42.05764714296444
261,LightGBM,25797,8253,87,88.03461814721696,0.9783469926220264,44.37423407227504,16.614833374160582,228.23979314780505,0.8859224780491065,102.34674502151988,25.46529768340876
126,LightGBM,25797,8253,82,34.27847329366102,0.948177971183084,23.910098663221927,57.93406633007402,62.55895624348214,0.8840519960879692,43.29783339369118,169.00441261375295
173,LightGBM,25797,8253,82,40.74125953347293,0.9696012302177752,26.20825409964412,60.71592335326322,98.3087914950609,0.8820136915283479,61.51243117581362,46.302848267464974
89,LightGBM,25797,8253,82,8.343210866108908,0.9742632897526076,5.739743193340428,28.13256221402842,20.18834480899755,0.879928303408035,12.130098624184022,40.02542518379815
247,LightGBM,25797,8253,82,6.3283271171494,0.9634401787358724,4.097008655240461,45.23350329534512,10.422402541199215,0.879179240032674,6.723123799346892,50.492114447776295
449,LightGBM,25797,8253,82,32.39384046816036,0.9873185312484848,20.814947408778533,19.06488767820774,146.59999323183706,0.8746072913566025,77.21760577105798,31.98327325001713
176,LightGBM,25797,8253,82,25.87254861159272,0.9460425369459337,15.983007505945194,26.88860766495206,41.89658210199077,0.8721252321568171,25.39390667731112,34.39312530478219
292,LightGBM,25797,8253,82,34.167796123295666,0.95204153453693,19.98608207165337,50.32728335084104,61.43824965853437,0.8696443612770093,32.54962891087273,89.19295911466757
88,LightGBM,25797,8253,82,9.461541523530094,0.9708483075981762,6.054285512669194,29.84420631700071,23.498783080567826,0.869097303228297,13.934177038641558,43.46296689945635
133,LightGBM,25797,8253,82,7.969092649100927,0.9663021229775848,5.5551857922994365,38.271304126249525,24.87082332608257,0.8638885041373601,15.202391561572863,49.130317866378064
90,LightGBM,25797,8253,82,9.171710989479044,0.9769646784790356,6.221600724552156,27.51131890123025,32.021756522099125,0.8494709319854623,17.804225707234146,43.06098599020131
45,LightGBM,25797,8253,82,22.70630258152661,0.947004167941219,12.09839525634043,37.99189497298454,45.10499711395579,0.8466981535696516,22.2384515365007,61.7853330823452
86,LightGBM,25797,8253,82,6.505840231907258,0.9737476567302732,4.257654743988183,44.33057999727048,10.49293884386947,0.8412966704375787,6.085406642645432,80.96256822184422
455,LightGBM,25797,8253,82,17.650142749506717,0.9843397256075744,11.893929194881116,22.020204323099417,53.62841505240608,0.8379030500172031,33.67406363652416,79.185261212118
85,LightGBM,25797,8253,82,10.380615351633722,0.9786505339807474,6.604294837528505,46.16455132265232,45.50010943018908,0.8203910911598339,25.0686824428815,53.9204168108495
336,LightGBM,25797,8253,82,23.79716586660449,0.9832467722405712,15.73939106217509,39.5650777471601,58.939266747203,0.8105393915059482,35.76600969182065,41.908898511271566
57,LightGBM,25797,8253,87,15.485669148406751,0.9557889741251758,9.543693813356224,44.95626858700224,38.31711468776504,0.7999700290778122,16.98584160627302,75.54068283332161
197,LightGBM,25797,8253,82,4.372448586263636,0.9640302858737296,3.051087127246458,39.545425218701055,11.322971112821469,0.7810469542017704,5.892904339280412,46.46439112263359
374,LightGBM,25797,8253,82,6.55971462301732,0.9729070712465208,4.2481751221517206,40.04503714301024,24.26491682156443,0.7777457966628545,15.81982887925201,80.47340411890089
297,LightGBM,25797,8253,82,15.768951276729728,0.9298749007109336,8.308529789370661,34.97446267349004,30.237713260795854,0.7746056537837643,13.561439723696484,42.88468517094432
87,LightGBM,25797,8253,82,12.661969582491606,0.9771922782532833,8.615325861946806,22.505321856840585,49.17052879416133,0.7726686012665608,31.2960671630531,46.63927100894887
58,LightGBM,25797,8253,87,69.16805905448348,0.9530754827091984,39.29188022870285,16.39295404397062,183.5385503978573,0.7467745489902603,73.61057419643396,21.77492562843782
617,LightGBM,25797,8253,117,223.84263373877,0.9415316279035169,112.88308370758406,19.42811786924725,533.287261586969,0.743367751648584,254.2436231367729,32.133384819912564
209,LightGBM,25797,8253,77,14.00659978542664,0.973226780866828,9.723399001587577,26.807058311679228,53.47553065660395,0.7324923700634507,34.778796273692265,1901.1478952957968
200,LightGBM,25797,8253,82,6.667683472717077,0.9513686892826436,4.102671470218525,51.50580422138388,17.75267438505832,0.7289609501817107,7.924203602431551,129.89640111355035
204,LightGBM,25797,8253,82,10.432901074030417,0.959212525161294,6.946340061358165,32.059738806745905,26.610807911080464,0.7285938127523244,15.774815156879647,790.7648006153921
203,LightGBM,25797,8253,77,5.126123740790438,0.9064518746067832,3.519850554467776,36.24752856215187,10.379708060297638,0.7004653523484423,6.24739982433643,65.46022707904058
196,LightGBM,25797,8253,82,5.431628865818003,0.9078963018477187,4.020342189239387,36.71668360515369,8.060582786870459,0.6860435991485023,5.620960534261146,47.030123447275486
201,LightGBM,25797,8253,82,4.2942838420910485,0.9126257175560334,2.747486283952856,51.58901478452445,9.968703966341208,0.6674118071708478,4.770446336397191,127.31586196881166
208,LightGBM,25797,8253,82,6.598273184909981,0.971803310296724,4.5232282409942055,30.01783353221285,18.89810056462463,0.6101256796562224,10.405738244883098,207.4978761810765
199,LightGBM,25797,8253,87,2.320314903323598,0.9180804954392128,1.6558203571883054,49.21781912044306,4.365411614972897,0.6093243484741759,2.983815513187226,100.9302265573944
202,LightGBM,25797,8253,82,4.08201125089977,0.9326473270636448,2.244083880346615,64.44932410439284,12.17626118342564,0.5460568384411097,4.257783192485169,88.22312134588073
207,LightGBM,25797,8253,82,4.344762103535143,0.9551649494188176,3.036207184291284,35.58656354323671,11.249833529463746,0.5261192842396398,6.252516845895785,357.2810606388469
205,LightGBM,25797,8253,82,6.831521136833311,0.968878196449176,4.806155909760201,25.504060439228297,23.836098436878828,0.4542511464440792,12.91719151794958,692.8946799312648
206,LightGBM,25797,8253,82,3.73630891955784,0.9512186950002204,2.682076736477604,33.34660785509646,10.809081021983536,0.4529947585863348,6.380852906259424,273.7509975548831
604,LightGBM,25797,8253,92,327.4929343410584,0.88382493549786,122.60095841401206,37.67591733637759,833.235019258241,0.425084024417696,288.1669649411287,70.58459106844445
448,LightGBM,25797,8253,82,195.4458958712495,0.9066819585357988,67.5842122215,107.80625351585628,707.9755041943586,0.3992127026861974,235.08690862951715,214.74884211453448
138,LightGBM,25797,8253,77,10.800692671328846,0.9813889226357124,7.301100911424542,25.4867096801802,298.0955677593622,0.1795095660052654,170.09750160370012,68.2859107307323
198,LightGBM,25797,8253,82,14.09385027012986,0.929662855106502,10.588248033869712,33.000765744897166,142.4398974271742,-0.0187643181814178,76.54368984438003,53.19212511266049
623,LinearNoSCA,25797,8253,72,248.9419756441092,0.9516143256796292,166.1157316335045,64.53184347401756,308.98365292860177,0.946551390529866,212.11431622337489,61.71732955466024
613,LinearNoSCA,25797,8253,72,301.0984297440615,0.9502264237688216,211.36623623410009,70.6676941539933,333.7487900919568,0.9464941549224196,232.1799350670322,74.54356435632933
619,LinearNoSCA,25797,8253,72,214.0423427208604,0.9482664260953132,148.2492168408007,55.23210242061338,265.13144068199136,0.94244960711202,189.73480701879743,55.39469077965714
231,LinearNoSCA,25797,8253,72,128.44007180786815,0.946292735702997,89.67735532259722,418.2007836587035,143.6988022296254,0.9393388577456648,99.98353578243722,550.7117542598774
614,LinearNoSCA,25797,8253,72,375.1709269476039,0.9445725914430904,268.1406069342782,54.44547802233717,439.61315981112034,0.9363346206867932,318.41928938679587,57.81232125032902
602,LinearNoSCA,25797,8253,72,499.19449422807946,0.9423453750655024,359.8195017265946,50.821843038052336,614.1059735943056,0.9355859190324964,441.5748406609671,47.19764630120475
622,LinearNoSCA,25797,8253,72,186.0790872946993,0.9352121270881042,131.2085630680689,118.86982606746204,210.9384761501208,0.9292571551482176,145.48884317717827,100.7235360035086
618,LinearNoSCA,25797,8253,72,286.56456963957777,0.9311196475588702,205.5767508975612,46.18334197422705,325.68423882716394,0.9283366726984168,241.52702379849916,46.2310296264638
636,LinearNoSCA,25797,8253,72,227.28019100281549,0.9366465080458264,169.85548333426462,87.53479423647512,265.6913085108897,0.9265898132522824,189.2630535577688,73.96925461092862
607,LinearNoSCA,25797,8253,72,581.0030341064116,0.9330303713913904,406.3442978118456,53.28912903260509,706.746474586147,0.9216967879512888,493.1634892384518,62.39871733638216
624,LinearNoSCA,25797,8253,72,425.3139602849246,0.928670178997918,293.7333278607237,110.99628415437404,527.1468248023208,0.9174066523719624,356.01122789962074,101.95623120682863
14,LinearNoSCA,25797,8253,72,120.39692869443284,0.9320551635947611,85.11530040135702,102.3076226337221,162.4335532911896,0.9128722034626736,111.67112628137848,141.66239292221903
612,LinearNoSCA,25797,8253,72,454.8870100966111,0.9135392957818778,317.85084619501424,122.54363720387838,532.1654595672212,0.9118079343610466,377.0294317231021,117.03265905232055
223,LinearNoSCA,25797,8253,72,128.652276641397,0.9139071219862136,95.53094980923817,97.94682115465255,143.9192441715639,0.9099698907978389,108.75964664191004,95.7516936276257
398,LinearNoSCA,25797,8253,72,195.25444905120185,0.9228209692021714,137.1795109537034,199.66006751394164,226.62567387006047,0.908802181235112,156.89296954113064,226.40785581279368
601,LinearNoSCA,25797,8253,72,281.1171906751562,0.9158256987548472,195.65984359610945,52.86499748973179,321.5120641026381,0.908330668670474,224.649431723015,53.95743867445183
98,LinearNoSCA,25797,8253,72,47.132767472463314,0.9101873130312426,33.63195113855013,98.15881240287784,59.54718672050111,0.908151081025626,43.50133090340663,54.49110019718268
319,LinearNoSCA,25797,8253,72,86.01178250394246,0.9146322877313556,61.47099273503424,86.47465586250951,98.1065926590403,0.9077783157083265,69.68419304976891,74.6870277558257
403,LinearNoSCA,25797,8253,72,162.540088407555,0.925937826398508,118.21859799717146,100.46283736727484,208.485652755114,0.9075076597546352,151.9674096556675,318.86433464257226
414,LinearNoSCA,25797,8253,72,177.76332291873,0.9192707057789824,123.79758299656716,143.54777521069644,212.07986452729807,0.9034518539939286,146.44438723759092,439.2321166057496
169,LinearNoSCA,25797,8253,72,155.13298197821587,0.9013135954831284,102.1984691829468,97.73489383945012,170.6956331221101,0.9024253889889,112.03302410250758,84.50413803755993
399,LinearNoSCA,25797,8253,72,230.1384748759648,0.8875300314109188,158.8319247661322,425.4143436182599,226.20444700213375,0.9022457468272824,163.0766933824773,389.3662908841025
175,LinearNoSCA,25797,8253,72,68.87268813594964,0.927329843612474,48.675961966233565,70.17693503470662,88.30610907167063,0.9018751945649176,62.474322232717135,80.81926608761397
167,LinearNoSCA,25797,8253,72,254.04877959986,0.9106405872856096,184.08590650891924,42.00596546351373,325.13850721851105,0.9016165950249178,241.940266609271,44.7197991552428
9,LinearNoSCA,25797,8253,72,234.80155954925763,0.9103844783369578,159.85964944847817,98.05633142979426,279.6280620048122,0.9006637747003792,194.7298661089561,205.28461571591413
13,LinearNoSCA,25797,8253,72,76.07633454678526,0.91312631107157,54.16966490714065,85.58677206837785,99.22260068924032,0.8996175287030451,71.39508866121817,149.00227926687043
409,LinearNoSCA,25797,8253,72,80.84432167343923,0.9240186856901856,55.68924782411559,73.88893914942855,109.11433145102234,0.8988702886340314,71.37635303679168,103.91231130671784
620,LinearNoSCA,25797,8253,72,196.6762730480872,0.9244966030584674,137.8849905978376,151.82898746389682,245.0456953905397,0.8986273092051242,159.15018740100552,141.851987845901
404,LinearNoSCA,25797,8253,72,127.98190213742149,0.914797564962881,93.7890974453588,82.03956160589942,158.43570953076062,0.8982866734142001,116.2033009386551,216.6103619628145
71,LinearNoSCA,25797,8253,72,85.3460146456785,0.8794789244097623,53.94257531065528,130.23791702375752,87.81663738583649,0.8980348264876226,59.32686866093887,99.44516754010232
326,LinearNoSCA,25797,8253,72,51.43667308207242,0.8912760233095021,35.58527610028828,138.67149542828122,54.39714713476733,0.8977830436942087,38.1718120710804,95.14073251150134
17,LinearNoSCA,25797,8253,72,99.46868839885634,0.9266244717554248,64.26259912753486,89.52917331078608,150.9406106318443,0.8958195458306933,92.50964843357283,133.76997829695796
8,LinearNoSCA,25797,8253,72,141.60025635627605,0.9071143192717046,84.37831775947878,364.0517945056823,167.69674259954587,0.8948282841559013,101.03848833043368,505.6227298928467
397,LinearNoSCA,25797,8253,72,322.0008524235781,0.9090146560451504,221.3046842817222,117.09432427967364,381.8945355924356,0.8939310532295819,267.01285996067,127.3941033589754
396,LinearNoSCA,25797,8253,72,132.54782648078177,0.9058919737314004,96.3191481011079,126.2695660517762,155.5766093639615,0.8930826104220464,110.25831088593584,113.37668430870656
321,LinearNoSCA,25797,8253,72,58.89032991194019,0.8913928037503388,41.40653327809369,96.20349544173392,63.57703898118949,0.89091477413392,45.6944967576768,86.9540933042111
228,LinearNoSCA,25797,8253,72,179.5992774209007,0.9126182735968368,129.2998136248997,166.80182045454453,241.9931005940037,0.8907395887914833,171.71122975721264,209.1131597866189
320,LinearNoSCA,25797,8253,72,85.49807922834259,0.9089315224589132,62.51856405233633,76.94016052893748,102.39780647400774,0.8905228154437352,74.34210339647291,77.03971483775854
118,LinearNoSCA,25797,8253,72,48.003900496981856,0.8967935323317409,34.425307255763094,130.450545607004,57.280303885124034,0.890013439209379,42.50289180302992,78.98552613822565
153,LinearNoSCA,25797,8253,72,169.72125424044967,0.8857840606103909,118.93572933341804,137.2002746192705,183.6881607748142,0.8896492759666755,134.49153721284188,54.37399282014892
439,LinearNoSCA,25797,8253,72,84.27109399340071,0.8913955807681033,59.300447485248014,153.33200909769326,101.59046682806184,0.8887253977272088,74.2392646478965,107.38924813144492
20,LinearNoSCA,25797,8253,72,50.74285560860415,0.8934637564996347,33.57674766600184,319.03240659275,55.41536846197293,0.8876783007186375,36.29419880981391,240.4046927735927
165,LinearNoSCA,25797,8253,72,152.61393806328834,0.8888176354997652,112.29166138848748,133.0645037734713,173.40493965438597,0.8861883942677686,128.45719064518806,101.13171999733612
327,LinearNoSCA,25797,8253,72,170.84421000810704,0.8824350080130207,118.96653195833336,186.642054772322,191.08073710313116,0.8854834398586328,135.2730281100713,149.74929094435686
159,LinearNoSCA,25797,8253,72,150.2881342639459,0.8900010114089488,88.63964799491394,308.38104144629915,159.79000916180894,0.8840769749078898,95.27127383322886,283.64305883678026
395,LinearNoSCA,25797,8253,72,90.69520379213157,0.8865390307498989,64.67270099108747,83.43583118710225,107.78600317754147,0.8829178357617432,76.85765586348587,77.91114791690744
157,LinearNoSCA,25797,8253,72,80.47597306914427,0.8923890406986581,55.75524119819869,342.7020843073323,92.36886493970412,0.8814553090118254,65.25672565013156,315.5737921565613
405,LinearNoSCA,25797,8253,72,185.7656494594252,0.9038774383094322,136.3296810124267,141.73410508430342,242.1490020219232,0.881208177736451,176.21885143708414,273.4022406350651
628,LinearNoSCA,25797,8253,72,632.3048131485244,0.9049274786874189,435.07139448879445,94.28772226439008,823.8607429367884,0.8810348841489076,560.580170219892,106.47436543217962
224,LinearNoSCA,25797,8253,72,128.1577780163367,0.886632940085012,80.58039895446055,733.9871497643144,155.69355977139816,0.8798116182767312,100.12564161600972,94.16466272827256
413,LinearNoSCA,25797,8253,72,129.60922803512273,0.9041297819924676,90.56708048691372,227.9600836812779,171.19123269121562,0.8795437519214854,119.75466749116146,595.4479943222032
635,LinearNoSCA,25797,8253,72,226.58234032023088,0.8865915533513749,159.14986031040755,70.87223582443065,266.2625337121172,0.8792890464101935,183.50996864039172,70.68526429812306
168,LinearNoSCA,25797,8253,72,107.27268670487518,0.9130140694523176,74.10731375091108,168.48710255350088,169.1469609915693,0.8789048402083608,109.79361438494176,158.6835813989779
605,LinearNoSCA,25797,8253,72,184.35915851819053,0.8864316857994412,125.1521948274372,75.4721912167545,198.49835453384236,0.8786563628197224,133.9645737935609,60.09147126562512
235,LinearNoSCA,25797,8253,72,115.87086360005236,0.8825990493219702,80.397392158229,150.37048844559664,140.2562499618116,0.877305566238784,101.18142016120308,181.8648123762669
16,LinearNoSCA,25797,8253,72,115.567105120041,0.8947633507023227,80.76119037814692,85.4863518576846,147.1703179528228,0.8769452132621055,103.56186540128348,144.1492197085992
392,LinearNoSCA,25797,8253,72,171.7107780857769,0.8658652475776825,113.08572147851292,55.959852097228,188.1511631201572,0.8755802174662025,128.69910567390525,50.16968950845665
279,LinearNoSCA,25797,8253,72,182.05142206681884,0.8711692554732873,123.70837931471138,44.23402986289496,202.3914771521823,0.8732176889534332,146.70853623141025,39.909451645016425
272,LinearNoSCA,25797,8253,72,31.184265184938308,0.8850116891753873,22.13702060678017,115.6546005619766,34.82871026911822,0.871037611296136,25.04982447415872,111.89182122951703
477,LinearNoSCA,25797,8253,72,255.80397716256545,0.8862651717077424,183.10927445690635,242.88997554724304,311.09045572165974,0.8709628850418628,224.4153924706281,200.87689023366727
61,LinearNoSCA,25797,8253,72,27.587264747629916,0.8694009523312194,19.99817470444115,101.14563940048264,29.045450949056832,0.8698255714092142,20.95131506033101,100.81441852710272
22,LinearNoSCA,25797,8253,72,44.68052743388579,0.8869513899024922,31.11973606450738,281.3667234865463,54.26307296867156,0.8697084725313745,36.71975667714777,251.95299355223855
306,LinearNoSCA,25797,8253,72,67.45893728641144,0.8686610710488581,47.33022393055759,107.88912617723513,74.71703929043878,0.8685738922755901,53.18046700614376,77.53896002773433
453,LinearNoSCA,25797,8253,72,105.80874698983934,0.8587624522866835,70.90789642695479,64.62523016428902,111.98348170143976,0.8681482033364332,77.84631714298921,50.449606239869496
264,LinearNoSCA,25797,8253,72,155.9633252020471,0.8633818591803581,95.73190106631554,105.65300966712957,158.85113812602827,0.86770164840384,101.92100387089276,84.3891600972973
234,LinearNoSCA,25797,8253,72,96.15202118235662,0.8956274096916036,69.46251161611059,90.57996338389486,117.97872625028702,0.867525084517471,77.62160731932906,98.09957981834944
616,LinearNoSCA,25797,8253,72,413.9075377556908,0.8717169072098364,260.5313731831654,39.61242300197024,445.2549920687477,0.8670765397238318,288.3491627396519,41.80347811780153
238,LinearNoSCA,25797,8253,72,31.860481127256453,0.8888312364710144,23.053225254270732,91.89705026762245,39.530779932771225,0.8668238920486896,28.370921223176037,126.86575067067244
151,LinearNoSCA,25797,8253,72,158.96804875167737,0.8663971845007773,107.39300661849764,53.34333050880009,175.61182531188874,0.8656985978786909,120.91696268141344,47.27627318830359
603,LinearNoSCA,25797,8253,72,65.76685057009948,0.883491241566688,48.40552591579041,46.7383840782428,88.01500039855281,0.865673492940611,63.23870851246468,41.97653284958955
434,LinearNoSCA,25797,8253,72,123.81043903457744,0.8667914697401362,84.24354591601757,117.64766962233516,153.48755692519728,0.8652896378108184,108.87387509190468,461.8589330575097
312,LinearNoSCA,25797,8253,72,119.96969090385753,0.871793463778179,78.9138908032601,159.28467849010602,135.73085433342976,0.8646652436266264,90.12213479179522,145.07008181538723
216,LinearNoSCA,25797,8253,72,33.907899425372165,0.8547859055366868,22.44794884181236,297.857642604902,33.44801006314279,0.8639935872232056,24.508135778393616,64.34620315636597
278,LinearNoSCA,25797,8253,72,252.3719352386311,0.8547156128628347,162.284090555126,63.32611863258537,263.0275072837085,0.8636026257944036,170.71801122137,45.57765448866881
277,LinearNoSCA,25797,8253,72,158.44652990029053,0.8755125541049386,106.38022439860244,69.23900109239725,194.4414610512264,0.8621070887582786,134.40154814818908,82.16932925177296
32,LinearNoSCA,25797,8253,72,122.2599617324881,0.8709385271903534,83.72415585560739,68.8652637866297,145.7676805702069,0.8620882304944357,104.14676040013528,75.5772428836458
218,LinearNoSCA,25797,8253,72,65.82198540236196,0.8355466914464635,41.836653640019485,485.20187188225526,62.03486972846102,0.8616876562587105,42.84510041451551,56.65549466801901
308,LinearNoSCA,25797,8253,72,96.93730410943574,0.8705744270737931,66.22784189911364,133.4790147120619,108.52175457670408,0.8613412722614319,74.80710218757241,96.39344352837334
452,LinearNoSCA,25797,8253,72,156.47619050959827,0.8595846335208849,99.4835791547419,54.8633991999971,172.69887803597146,0.860602540905411,110.89032662267472,65.0340405947919
451,LinearNoSCA,25797,8253,72,247.79770438828857,0.861727787067581,150.27312738760992,70.47436935047706,263.40144595731584,0.8604278124624488,163.5088928460614,64.77502232120708
162,LinearNoSCA,25797,8253,72,154.67891599072388,0.8688627900985445,114.96048495676015,96.27635128484668,181.9796727684821,0.8598648646971436,139.88717149811765,62.38082221816741
259,LinearNoSCA,25797,8253,72,214.6910631927988,0.8527360399089742,131.5217371085843,71.40404693068142,214.1125431942013,0.8598524934401512,133.7890948600477,58.50881199603496
68,LinearNoSCA,25797,8253,72,75.08261618708205,0.8474385982862347,44.49176846411001,131.97615891191998,71.53528555961665,0.8598474627231973,43.68621263967189,122.20366633331162
610,LinearNoSCA,25797,8253,72,1136.672205174239,0.8864193851962893,794.5862417587716,144.57749975024794,1534.8670093100363,0.8595792566400596,1079.8563048897813,189.14158008777687
103,LinearNoSCA,25797,8253,72,28.422845731118624,0.8620012616793252,19.954750819282857,108.87588655724024,34.264011292052594,0.8592087501727077,24.599502379251533,195.6442548588087
213,LinearNoSCA,25797,8253,72,79.21997160427729,0.8371060616347293,50.78385767467933,466.9622734303514,68.94198755636319,0.8582360149300855,49.24094794163491,58.01197372980247
611,LinearNoSCA,25797,8253,72,1122.6189276399102,0.8816627105219477,822.4972605672091,52.02185547370309,1405.7242236136417,0.8580757705753124,1048.0285707200198,59.46853658975535
305,LinearNoSCA,25797,8253,72,94.3055447506501,0.857459088209915,63.35858886645942,78.96300624597527,97.04533474848304,0.8579311255771167,65.64808078796867,54.24248519167766
355,LinearNoSCA,25797,8253,72,64.93365353618978,0.8677482223730226,43.63030172449506,150.17837914548053,74.57691501616695,0.8578480759038467,50.675447409085606,125.19995051989368
625,LinearNoSCA,25797,8253,72,191.3460530887185,0.8709195931962884,139.22740598343466,44.56339113657231,230.2106853487681,0.8577370362706314,166.18961366526614,41.48020037258888
447,LinearNoSCA,25797,8253,72,453.6667002844632,0.8615968602349053,294.32663807049903,726.6394919677471,494.1743878280168,0.8572532036611248,333.04628209043017,974.102384340884
65,LinearNoSCA,25797,8253,72,67.12673386107828,0.8543298668410253,41.41666191300707,167.51546625260224,71.0794801942254,0.857157210390042,45.83805536708457,164.2115826992473
10,LinearNoSCA,25797,8253,72,210.9994241903979,0.8686165429958361,136.59463611186533,139.00217910418408,273.9872546096173,0.8570586519478769,187.1192752433874,246.4615164307128
438,LinearNoSCA,25797,8253,72,79.816687898545,0.8635868159516562,53.968811449718615,150.21830816518306,92.47436993685594,0.856772998759961,66.34830339352318,79.21237372471676
450,LinearNoSCA,25797,8253,72,257.9475895283944,0.8401730534392335,160.77406142061642,71.40860176220781,234.749794577117,0.8564292640521495,153.50411106131466,338.4072606533361
329,LinearNoSCA,25797,8253,72,60.78064213876144,0.8714857843356354,43.421085003249615,227.85281400488472,74.20682008000335,0.8555358591332962,54.368683697462565,192.2588838543584
311,LinearNoSCA,25797,8253,72,139.26884145586143,0.8615224984247942,92.0190099940355,162.99643535075342,157.116526231677,0.8553154234439816,105.1070089997654,133.47509995826147
217,LinearNoSCA,25797,8253,72,52.333548810881695,0.8284833348791675,33.44562754669087,403.2641543981354,47.52946917473275,0.8536806999361957,33.06217918944415,69.47168731558652
78,LinearNoSCA,25797,8253,72,40.35005171397938,0.8540257352529969,24.17502665819552,145.5738844431807,42.24151484138853,0.8533783803649053,26.0070671131902,95.94737261566196
273,LinearNoSCA,25797,8253,72,148.60628007727897,0.8636079610894114,100.49546639738324,118.4497298289446,171.70774276135927,0.8527859597966351,119.8025659761258,136.8277489175407
214,LinearNoSCA,25797,8253,72,41.89565655150022,0.8176265066250719,26.435244443178284,308.13531428382646,37.09297874389839,0.8519863048691921,25.77903131222961,58.44303896240738
301,LinearNoSCA,25797,8253,72,82.53459305036007,0.8477532926824979,52.551222420622615,321.0219446110221,86.28103363934859,0.851263423877467,56.83888017555075,164.41177875917825
280,LinearNoSCA,25797,8253,72,40.76965563359553,0.8430300515138298,27.43983986392743,138.3682626453034,44.44581528326889,0.8509677137731495,30.743089471263843,101.80165502911056
426,LinearNoSCA,25797,8253,72,74.99420571494493,0.8431656661490088,46.83837986812575,65.5069708898736,75.95769345934674,0.85079093183098,49.94405674814322,53.280529266322695
221,LinearNoSCA,25797,8253,72,74.740315562106,0.8720883963495111,53.059419529295525,163.82792653496608,104.34285907147672,0.8507334161485348,75.72662909837089,91.92384668696724
76,LinearNoSCA,25797,8253,72,74.05323719590196,0.8577842837212188,43.22310158015338,155.33666874687523,75.46223784356918,0.8505613906712677,43.5464253656267,102.84883764117842
189,LinearNoSCA,25797,8253,72,60.319900082224926,0.8248645088692272,35.380682432488875,259.80905498550834,55.11518030694888,0.84977840891144,32.86321262745031,76.43108889603316
265,LinearNoSCA,25797,8253,72,180.885364203103,0.85554575076728,106.8478723326634,133.89685316952858,212.1012969918937,0.8493741683771847,129.03073089208317,104.71803998608206
307,LinearNoSCA,25797,8253,72,155.00127267618385,0.8553035603772663,105.56643502237318,225.98921627073076,170.95508582727973,0.8493657806015726,118.15962900707594,194.3530764419285
421,LinearNoSCA,25797,8253,72,47.476096472292056,0.8352007001806592,31.78487122184617,81.79144986675027,45.00315446190156,0.8490686575145768,30.64802732939798,124.50500117563298
363,LinearNoSCA,25797,8253,72,38.213327480420695,0.8361433429703599,26.00473320897062,82.48750227882913,39.062413652017305,0.8489936949417654,26.997834985445603,79.51889091161614
263,LinearNoSCA,25797,8253,72,127.30099656339372,0.8512882456766144,75.76212913621279,109.68390687147163,138.51690415504103,0.8489401024768211,83.25203858276328,79.38563548447716
64,LinearNoSCA,25797,8253,72,56.984440907159325,0.8469734201887009,33.471110676748154,139.07132724772663,58.1833416317124,0.8487514581486789,35.203951368029266,133.82861442177528
309,LinearNoSCA,25797,8253,72,95.60676442770846,0.8620512187589132,61.67124972257588,133.2370332281189,110.61165651458728,0.8482917935840963,72.40493771458716,112.5107994169762
310,LinearNoSCA,25797,8253,72,275.494594740741,0.8620524776966476,176.83656601846613,119.0609522952638,323.3801312841758,0.84803974521211,211.25198437354453,99.3571493913904
372,LinearNoSCA,25797,8253,72,27.94914739072339,0.8488111356948635,19.29030756695367,71.30761594982592,27.78895916428669,0.8478166287292561,19.227534951464225,172.90314201343037
79,LinearNoSCA,25797,8253,72,25.169644526329265,0.8449726910380191,15.602486823517884,139.22366883969616,24.889052739348248,0.847776664020996,15.284020650566326,91.70186674414728
266,LinearNoSCA,25797,8253,72,116.6554236547066,0.8677944957607449,69.07523748089291,137.8454266970511,147.46949768268868,0.8474859444582996,91.58934813822096,138.6459242913681
609,LinearNoSCA,25797,8253,72,574.9562404998308,0.8560286540078474,349.65538856775675,89.75849851909082,708.8957389413052,0.8473224811376864,425.6839444371584,91.11335580235624
67,LinearNoSCA,25797,8253,72,52.793230260205966,0.8481975091596299,31.99101984362457,134.0085422076579,54.346739485601766,0.8471117593252915,33.96386029412858,150.6150823685219
287,LinearNoSCA,25797,8253,72,28.287836900153973,0.8615843453042447,20.55826051806811,160.86130622479288,32.10752506061226,0.846460329053558,23.647125972845277,175.69934038050272
74,LinearNoSCA,25797,8253,72,48.29839917355257,0.8503031225601221,29.73738169552336,136.07723370012107,49.83517797748793,0.8462788793603528,31.775322777422684,106.76582121544932
51,LinearNoSCA,25797,8253,72,183.56933700608812,0.8512359703266009,112.24109289071484,269.8714600813579,199.7066303335874,0.8462600295062728,123.4128025405452,461.0094879455166
34,LinearNoSCA,25797,8253,72,82.31600084690857,0.8327314691652677,49.82417129887098,95.01935306786832,86.71598506945897,0.8451161917048747,55.00748945652867,80.41848377169212
256,LinearNoSCA,25797,8253,72,58.952202544306765,0.8489159888808245,39.55687996818109,59.10374431431086,64.8877027599218,0.845020668550419,43.591051319609946,122.24328058086986
254,LinearNoSCA,25797,8253,72,218.2367051262972,0.8393284192232383,128.2216420104491,88.0442608597397,208.62121081410717,0.8439848834108896,123.75872619302991,226.7017655990137
615,LinearNoSCA,25797,8253,72,44.13831178272087,0.8582658220522668,29.267661271559174,83.12434796082006,48.62319256861143,0.8434515157017553,31.66916505949248,79.77518511380238
432,LinearNoSCA,25797,8253,72,50.681367742012455,0.84849098369681,34.89941850172342,82.38834326151914,53.75374530265881,0.8433809931857211,37.214414604709546,184.00779691064392
152,LinearNoSCA,25797,8253,72,47.00001379093303,0.8435406411693622,31.67974497111916,108.06300304747184,53.99583372338793,0.8430493111973729,36.27906768665702,88.87064876693638
393,LinearNoSCA,25797,8253,72,97.19254973264609,0.8675308294679085,65.5709014831983,73.14710312907094,121.72352197049597,0.8427283713218701,82.57203229099605,64.58149561847037
424,LinearNoSCA,25797,8253,72,63.93519518237716,0.8405985702819666,40.92089429346233,105.31901225471452,58.67928554611792,0.8424353457622595,39.114755552313696,79.19232208603691
72,LinearNoSCA,25797,8253,72,79.47006861129216,0.8259233037284419,45.441933050504105,167.1585253983064,77.08820746481935,0.8421683299619769,46.89178747726127,111.89065769748628
630,LinearNoSCA,25797,8253,72,187.8357169796686,0.8421968734672617,122.83337711709044,66.95135874861006,207.56641457651529,0.8413251515235234,139.6105013015614,67.01717468845739
212,LinearNoSCA,25797,8253,72,66.02772401015454,0.8160715104171828,39.69569918658392,396.847084924332,63.75219002320668,0.8412956502699106,41.37767067121881,76.85469844996824
60,LinearNoSCA,25797,8253,72,36.89491705282592,0.8486066332174518,24.29211089807105,92.72693901496582,42.91376467664061,0.8412704524276494,28.94638308922878,88.58427035867386
407,LinearNoSCA,25797,8253,72,115.55130102255572,0.8712912260913367,81.31503302723821,84.9856944853526,143.73361005928228,0.8411907843202084,97.52593080079274,291.31006481305894
69,LinearNoSCA,25797,8253,72,49.99711785279072,0.8364300638121146,29.88970040747653,126.92201351701446,48.51122001506808,0.8411895352731821,28.942566337893336,111.91480492177024
38,LinearNoSCA,25797,8253,72,113.1039338337756,0.8339777079295287,71.66257135113814,370.6454109042632,117.41653065364882,0.8411330282725809,75.89733673536416,91.81628079843578
160,LinearNoSCA,25797,8253,72,102.2421708332932,0.848842758316143,63.20837918848531,294.7332607527765,119.5100227875815,0.8411215544464217,77.35216095912448,265.78782407683764
49,LinearNoSCA,25797,8253,72,47.01867773613309,0.8553034868244798,30.271091906689165,220.40203912365604,54.583649007885526,0.8400862907465438,35.18062234080473,276.84984704760654
418,LinearNoSCA,25797,8253,72,36.97109779677708,0.8296341670309902,23.600387448749647,94.4630458757394,31.756954949139807,0.8400045692701612,20.64325010940833,65.77725567165807
255,LinearNoSCA,25797,8253,72,62.0090782892555,0.8606332029802024,40.5613022873347,85.57185864972415,71.15527702754812,0.839908966116454,47.35325367030804,223.72093720306907
62,LinearNoSCA,25797,8253,72,17.270457810851042,0.8400326056361261,12.480661533238573,83.08900132725184,18.338688493346016,0.8396618994653733,13.384994187207193,85.27920931793818
195,LinearNoSCA,25797,8253,72,81.02785946444286,0.8307647221855538,47.9962977988147,295.43384263817416,77.46500622293844,0.839409241661704,47.24603695046276,131.53646216099196
379,LinearNoSCA,25797,8253,72,56.357107812993895,0.8668612795797934,38.19272204223774,88.42944703060547,58.95536237918189,0.838794853528254,38.06522228036052,185.30573575659227
59,LinearNoSCA,25797,8253,72,58.33814812612678,0.8367776442160673,34.9262928401742,104.66277841496978,62.27354224713003,0.8387299131550447,38.44178154788238,120.59377877647611
384,LinearNoSCA,25797,8253,72,66.13251188568876,0.8617238480376194,43.387604365072136,60.89449300685329,75.2622212059278,0.8386979829895113,46.172533666114525,299.9625326209741
191,LinearNoSCA,25797,8253,72,34.81587116332145,0.8338854033209921,20.61426173442957,249.2349926054829,35.87797866029018,0.8386546262055576,21.348271554081965,129.70914477785033
386,LinearNoSCA,25797,8253,72,36.99070066133015,0.8567512117664363,24.313301972764503,64.16799691551756,41.74254885992598,0.8385978864146652,27.103476041266696,210.0434233627256
333,LinearNoSCA,25797,8253,72,196.41763318472223,0.8638500157418795,131.10970960258695,411.7135044763053,247.03312172140983,0.8385748241427708,168.9040691140959,390.2842266661322
185,LinearNoSCA,25797,8253,72,21.45194994259496,0.8306875770068205,14.691627930221523,73.24225800308,21.64633488231188,0.8383623321319121,15.418753574405129,55.13375209543597
303,LinearNoSCA,25797,8253,72,82.79571037636605,0.8525846322365165,52.46624820752201,310.2588564354508,91.70263521709184,0.8382603185147561,58.47754419545485,574.134656883016
606,LinearNoSCA,25797,8253,72,215.9278735064994,0.8550838834395076,152.60053493562694,94.64079388051636,260.4244310435944,0.8377863568029759,187.8190265840403,111.66657201162823
187,LinearNoSCA,25797,8253,72,27.18397669862532,0.8335857821428835,16.839384930980433,73.86284092224243,26.016980143498497,0.8377732703382824,17.000049876634908,57.24015305062016
232,LinearNoSCA,25797,8253,72,125.8452661711246,0.8420900281592998,89.04449227205805,83.9388298518505,143.24680934700294,0.8374567814649421,100.75866000208718,82.80862713415796
210,LinearNoSCA,25797,8253,72,75.93542851232031,0.8064754034148301,45.63022263552245,687.5117176415538,61.28390113444342,0.8367648295952983,39.43963631926759,124.96224960980533
245,LinearNoSCA,25797,8253,72,36.85687317317885,0.8166130131859701,23.623426610052,379.8786542922444,34.439458687046105,0.8360127057028912,23.224601200620373,161.87843920994698
313,LinearNoSCA,25797,8253,72,296.7579080580411,0.8699025685596139,189.3096099883268,141.9318531233438,370.98002635343903,0.836003489162377,231.1443707602864,130.28500603961152
383,LinearNoSCA,25797,8253,72,47.162100493958974,0.8434754489960559,29.58152579386873,58.99962476996987,49.291130639138125,0.8358009123180876,30.34768135224189,249.99438014569228
35,LinearNoSCA,25797,8253,72,119.1646724457014,0.8404736357425491,73.13353329670117,78.48640197139744,138.49416083910145,0.8352234054991076,87.85771465913427,71.65444873007493
188,LinearNoSCA,25797,8253,72,99.554893763122,0.8313694624951589,58.90447572663395,66.10742677760425,103.11899678372218,0.8348865925090183,63.14656709771916,65.72925059817065
366,LinearNoSCA,25797,8253,72,150.28829257518237,0.8347618947264577,86.8032722862007,91.64677061164856,141.05636650778837,0.8347453331257616,80.65907620924925,82.80524678052669
298,LinearNoSCA,25797,8253,72,50.32574923103907,0.8369317786224137,32.92010114663572,137.96383110451077,50.37203596507365,0.8347305779947596,34.024788512512934,74.63731994367453
66,LinearNoSCA,25797,8253,72,64.67698797976317,0.8445397633644776,38.41089331260456,124.81602007367378,70.58022771610597,0.8342526091020599,43.02965213418965,153.60687510108812
77,LinearNoSCA,25797,8253,72,60.371368485096205,0.8545122780006242,35.40812194999828,122.92066594188104,72.47003142233054,0.8341611637761667,42.93375599509935,118.8676188402474
194,LinearNoSCA,25797,8253,72,32.93146947329556,0.8162251751544122,19.401084565703165,212.89909269931735,29.604475658393607,0.8337127502993162,17.465997818501855,146.43864821046247
381,LinearNoSCA,25797,8253,72,67.98152646176129,0.862513667450937,45.26987378770819,67.70545471297159,80.79039120351581,0.8336248396577801,52.300269582705695,308.79588621034526
371,LinearNoSCA,25797,8253,72,79.93071875587512,0.8469630732354658,50.99241548449027,48.09256137049849,91.508650591047,0.8335770349190874,57.123734162359646,56.86578199293933
158,LinearNoSCA,25797,8253,72,102.20069149844294,0.8675335598875614,67.89553796576618,333.5739996676731,127.69990088424456,0.8334213602707994,80.53291999274975,322.4882091347995
52,LinearNoSCA,25797,8253,72,68.36190987240212,0.8446684299392933,41.01521063533004,208.86089534559252,74.98313185614573,0.8324226888615752,45.41524217779264,483.5144598220074
257,LinearNoSCA,25797,8253,72,37.3317376485137,0.8363216200523471,24.410537418646115,69.5308057321509,41.59827856318931,0.8323775938744465,27.641306766049368,122.17215987809328
193,LinearNoSCA,25797,8253,72,22.810800198703834,0.8212511470325206,14.236577392604945,198.9453400983749,21.99265516012329,0.8322839558083801,13.907801726019276,150.6366810123236
316,LinearNoSCA,25797,8253,72,241.83905324112897,0.8375797391631331,157.69637877969538,93.59927072166752,282.10398887117964,0.8322716390384984,185.34520420142263,88.15667941790734
36,LinearNoSCA,25797,8253,72,86.08803171117088,0.8113619252327081,52.05379710283728,313.6312176541395,84.89839897548117,0.8320393321816907,52.03691256990767,123.46036950446462
91,LinearNoSCA,25797,8253,72,13.760774555194985,0.8486394588296939,10.1512948720818,53.50519541385624,16.841910747141565,0.8319403528551051,12.062806334034123,76.02039468242711
192,LinearNoSCA,25797,8253,72,74.12345937837075,0.8260722521604815,46.77659503143354,173.96193506230577,74.1521683092602,0.831936313162375,47.70513368673978,70.14314174866595
422,LinearNoSCA,25797,8253,72,27.487893536064785,0.8233129925439935,17.17202355523445,97.63675013020811,25.35229781538432,0.831783757714709,15.900303039671098,83.2842235642301
211,LinearNoSCA,25797,8253,72,65.09291809928281,0.8175026437353456,40.766815403419685,428.225471759314,61.700391610609614,0.8313849372576672,42.3414170675285,72.0249840183255
55,LinearNoSCA,25797,8253,72,97.09398012500272,0.8467387435020559,62.91680001065743,222.18082556739125,105.57197245528349,0.8312691353919505,68.62368249449928,652.5110863036547
164,LinearNoSCA,25797,8253,72,634.9521743728108,0.8279304011952484,432.6580693270608,199.13856248861288,722.2643164610845,0.8312149300697522,506.8960497439149,107.43023842209118
375,LinearNoSCA,25797,8253,72,23.87231834337612,0.8435734222717239,16.72311489336004,99.75090034856954,27.952030864333477,0.8311784661204861,19.083724238752797,173.86005369333446
26,LinearNoSCA,25797,8253,72,165.06242860753073,0.867862509674785,116.55204496659422,83.56326590833274,221.72040205186337,0.8309582652215329,153.21508779983176,102.9407818434504
430,LinearNoSCA,25797,8253,72,52.516446407072365,0.8531883919071026,36.28107734579257,73.29012657416641,67.81168211589704,0.8302908774139041,49.64153662704786,268.7196299898994
394,LinearNoSCA,25797,8253,72,81.70790287962517,0.8508693178529065,52.621016848786304,83.45873574618297,105.02510980040222,0.82993846009968,69.69566823090378,86.81296149852894
461,LinearNoSCA,25797,8253,72,128.3443208738502,0.834857403977645,91.08945823145328,255.1724636029692,133.61169609292463,0.8298137997952081,94.64108384425826,61.370603619416144
423,LinearNoSCA,25797,8253,72,39.891216289254345,0.8350304308089067,24.370437951260605,101.4822122397436,40.16254373573347,0.828950023395911,25.807201614995574,91.51053150206276
456,LinearNoSCA,25797,8253,72,181.57735125216809,0.8255927285515331,111.04101427943571,429.0092446183498,179.63352253371417,0.8287593356694885,111.4712215123382,332.2565081785792
268,LinearNoSCA,25797,8253,72,33.696767213483305,0.8340752245286465,20.801475089764093,114.41732699836082,39.19555485529538,0.827973055491529,25.159968558810583,97.43940286985908
621,LinearNoSCA,25797,8253,72,65.41053120250568,0.8169859556612515,41.907147707095525,36.590684134805095,68.94337468165803,0.8279419025540874,46.55762646365423,36.87872912564208
323,LinearNoSCA,25797,8253,72,95.04870242334653,0.8291114947449056,65.7501716509615,63.9304884591571,111.9547357859098,0.827325847181736,76.94163572325799,47.24393090953853
368,LinearNoSCA,25797,8253,72,53.17808761283554,0.8537095429814737,33.72819722432708,79.34244355198081,65.84949288359212,0.8271901543308778,42.33645638377057,96.8269236205432
220,LinearNoSCA,25797,8253,72,26.362667453372225,0.8227397700771755,16.55458919630005,81.18199912701509,24.381220898538583,0.8271824208269265,16.280925852297656,61.62936354038286
388,LinearNoSCA,25797,8253,72,67.61710925663326,0.8607921093537004,43.75105564069384,75.22478992536648,84.08871021186229,0.8264334686655154,51.94545143854069,336.7746268340768
190,LinearNoSCA,25797,8253,72,51.269221554593166,0.8221952183546845,29.964301657327205,223.9495267376589,49.08974648952312,0.8263013185123443,29.93807457673333,104.39310956160426
431,LinearNoSCA,25797,8253,72,21.992701190112083,0.8533737930817058,15.683690229959096,67.7602300909483,29.20870289729433,0.8259325756681827,20.728936927933216,129.83284191412832
382,LinearNoSCA,25797,8253,72,66.4158934351015,0.8646114028750739,44.14738269309741,48.77056194208926,80.07540064999844,0.8258662546398347,51.01175764569743,349.691913135808
441,LinearNoSCA,25797,8253,72,63.25904324458093,0.8347751304852853,40.10833091157623,108.19072624910685,71.21335381613473,0.8257943273318957,46.33306399360872,87.43168516621617
154,LinearNoSCA,25797,8253,72,60.68372396626384,0.8210906468043002,39.43214372938796,132.52333649561913,63.64137881847792,0.8256823591776848,41.30159272057798,99.99193195235809
419,LinearNoSCA,25797,8253,72,30.42236078795801,0.8086444691218578,18.966550237373507,94.181035156112,29.552628400154017,0.8254484419911794,18.867035700053144,84.14189596706649
183,LinearNoSCA,25797,8253,72,51.08391509928208,0.817229183380965,32.18533277779082,76.55877955192756,53.78432240410714,0.8252342661526382,35.16035119368316,67.59288379569173
296,LinearNoSCA,25797,8253,72,44.72636940244089,0.8281547662024463,28.279149542233537,166.20660207672617,46.44205870848579,0.8251325781936032,29.371283853471848,92.41089635245844
107,LinearNoSCA,25797,8253,72,73.66341058613689,0.8384421025167019,46.77575198117427,238.17670539686327,88.17038094778054,0.8251060504414681,56.52863187379171,351.61621493242416
475,LinearNoSCA,25797,8253,72,158.9880390074722,0.8438992545730841,100.1402381788834,101.81071303585088,195.23707183594465,0.8250906724025674,123.81453049572433,126.31102559505904
471,LinearNoSCA,25797,8253,72,270.5098242838787,0.8550170067141161,163.52631680210774,874.589529143636,386.76482050840286,0.8247977270568188,227.35640207844972,868.171439639226
359,LinearNoSCA,25797,8253,72,178.75446636795482,0.8251169632226976,108.3543488835164,291.830720771393,193.40108097746528,0.8247910271153021,118.91647278857177,129.37136279608924
243,LinearNoSCA,25797,8253,72,97.02157243685708,0.8210054089825777,56.210943543512165,69.11264524373362,100.78032007716185,0.8246070270733545,58.44823355476388,63.81402588714136
627,LinearNoSCA,25797,8253,72,46.87138093236599,0.8258011568932295,32.210372593919736,70.93274813697356,51.75586881114813,0.8243515362606135,35.45596323678394,71.86974675992714
345,LinearNoSCA,25797,8253,72,230.39444679844289,0.8350737313166813,135.71936406593034,77.37061543622113,256.3963723915767,0.8237088363573482,152.31301653719038,727.2548728657041
156,LinearNoSCA,25797,8253,72,42.36261644897591,0.8323621122417916,26.842719413046225,131.3850911581849,47.74860814153413,0.8234354698623124,31.34625298172281,137.66000700749942
325,LinearNoSCA,25797,8253,72,55.34981529233785,0.8446000606614353,34.49423050975033,105.33775610631638,71.50819066128902,0.8233677692955218,41.71664520888274,110.72283437710814
324,LinearNoSCA,25797,8253,72,126.78875748636044,0.8691719341415235,78.91642191477557,128.3447033916223,209.661392997004,0.8232374895233635,121.82298633013892,137.56933939765682
269,LinearNoSCA,25797,8253,72,61.2373601301241,0.8500227516595371,38.741766730626274,114.16810615605068,76.64419962998784,0.8229972419873575,49.8287871676326,121.98884175334608
75,LinearNoSCA,25797,8253,72,49.780976468441565,0.8312965667689975,30.10854500612836,215.00637687552157,54.18696059406123,0.8226162746883408,35.57947828566393,175.91117928599348
33,LinearNoSCA,25797,8253,72,79.69285035888493,0.8186899746280709,48.4974463274152,96.98511673846627,86.96607223589534,0.8225831747346111,55.31978387851625,98.728143863777
50,LinearNoSCA,25797,8253,72,51.0763269821714,0.8497360765520132,33.61876600686258,224.8660770961569,63.89333470312049,0.8219945968871752,42.02661717056417,227.56396949160904
328,LinearNoSCA,25797,8253,72,149.76245986098905,0.8460300664542563,99.45620122402232,337.32202086741864,216.364464102368,0.8219645875971244,147.04445387804284,186.05691833083463
304,LinearNoSCA,25797,8253,72,75.89193189363874,0.8377074773999277,48.57086136844892,254.38551836422087,83.07527639874885,0.82129466842883,54.09336526557789,449.6727243319605
350,LinearNoSCA,25797,8253,72,35.13589858028102,0.8274113573410898,23.146011963982755,102.83787914993422,35.08297895171369,0.8211519808100204,22.822108777819388,261.97319557852
136,LinearNoSCA,25797,8253,72,34.234484827286806,0.8120573047799393,22.132421657980373,89.53625109127333,33.513816258264804,0.8211069598738929,23.04084479733319,71.85022183353412
54,LinearNoSCA,25797,8253,72,133.8579023876728,0.8315749496261957,80.10082699671025,369.03575790801256,144.7217003722308,0.8210866889552473,85.71192814035054,785.1233948276879
377,LinearNoSCA,25797,8253,72,63.524111064228336,0.8507128590443043,41.86191896775715,53.82091271370339,77.14766188329374,0.8207521941850113,50.68738449523022,105.07270251404007
250,LinearNoSCA,25797,8253,72,40.3602449314412,0.8050572453448822,24.73048586570971,402.4604660615688,35.37033632854987,0.8207254962860001,22.77448523907551,180.12527867783683
369,LinearNoSCA,25797,8253,72,50.54437478159633,0.8490552779944928,33.507177104243304,68.60654980914542,65.63305058614813,0.8201967748919516,42.234749691570656,84.43579888413507
6,LinearNoSCA,25797,8253,72,33.337987309391764,0.8419251778251072,23.481343665120622,110.3994894209768,43.63930176901869,0.8200371867732503,31.422799560350843,131.2218854611048
300,LinearNoSCA,25797,8253,72,66.85491108305438,0.8353717655457656,42.50370405056928,265.56466261168026,74.19575299161099,0.8197635265694838,49.19019486208079,137.6181983841064
354,LinearNoSCA,25797,8253,72,57.74249363962738,0.8214654168430142,34.757048425182134,178.9979697666524,62.4607270982885,0.8192169665160012,38.14028348227818,137.39466787328814
440,LinearNoSCA,25797,8253,72,80.17895913623,0.8271453414793796,50.33570631226566,183.58467138456845,89.64295707752245,0.8184597901840545,58.82617997107726,96.44677770005732
391,LinearNoSCA,25797,8253,72,30.49793377857187,0.8260981968336679,22.35978282139975,61.18621916845629,36.38861902752987,0.8181832533796627,27.206696598931217,64.73896902866055
149,LinearNoSCA,25797,8253,72,33.71566646716589,0.8368111388538517,21.209527968398447,68.77765506523646,40.23545311564722,0.8175895724030032,25.67860376289267,88.94751545496038
5,LinearNoSCA,25797,8253,72,64.78091296835929,0.8128995527293431,42.378478393629,105.57745582185254,70.49954074555694,0.8175772187576096,46.85107801597787,95.36047598202016
428,LinearNoSCA,25797,8253,72,43.84313645277441,0.8528208441075877,29.789438517379317,70.94337027876668,59.0278409083336,0.817553569865231,42.40047369023982,247.9961800391628
367,LinearNoSCA,25797,8253,72,35.28082170228528,0.8481206621061989,21.770449660167355,80.89425229098019,46.64799172446912,0.8175178926367083,30.392079979032303,105.13700231188898
436,LinearNoSCA,25797,8253,72,35.153895188525546,0.8035685930324518,21.054709175547465,172.0483716844341,32.815032638567665,0.8174986302381553,20.143824118235983,106.75496788747505
416,LinearNoSCA,25797,8253,72,35.49276012602556,0.8191930580388599,23.140094439891296,71.94005570534706,36.76401451298068,0.8169896622919374,24.796179988793128,90.51774706703154
155,LinearNoSCA,25797,8253,72,71.29298605908707,0.8265601425730241,44.960308497703046,125.658054527161,81.80449546946618,0.8169635164422993,53.8529873927154,129.74091892445884
262,LinearNoSCA,25797,8253,72,88.29540808673691,0.8288764312705091,52.07621901944548,164.17631434908694,101.53145763696163,0.8167400401902766,60.69147246673273,150.12496792877798
429,LinearNoSCA,25797,8253,72,35.993735914556,0.8361372133256652,23.984825669877534,78.04760133996483,43.15168387154269,0.8165576579399483,28.713493035047644,182.6490394593681
147,LinearNoSCA,25797,8253,72,97.33413683419852,0.824548766834839,61.1746855225305,400.3017430410616,108.0168397837186,0.8158276251914092,68.40406077160922,647.0238171096381
373,LinearNoSCA,25797,8253,72,41.94046758986231,0.8306929967093215,26.33185810122074,68.24739713579373,48.50477024654188,0.8158048720110642,32.041399139300154,239.2189916976208
244,LinearNoSCA,25797,8253,72,45.11308306699146,0.8088881023962712,28.32799993543001,479.4104523165618,42.67374872578712,0.8155120923358588,27.88837838052427,217.9054904175019
119,LinearNoSCA,25797,8253,72,209.0181532410049,0.8358951148500623,143.8643823701933,408.01417599592577,264.0579849525938,0.8151573224146818,191.7820293499946,133.39911614456437
427,LinearNoSCA,25797,8253,72,38.50012417621882,0.8502470574064611,26.4102216027203,50.13655092915833,52.66830338240916,0.8151000495385846,36.055114233782014,206.40515973076575
425,LinearNoSCA,25797,8253,72,25.204125782741,0.8118321769823572,15.467711401347616,112.3906038257508,26.330467871728253,0.8149029245598876,16.413226476233334,93.36785883765714
376,LinearNoSCA,25797,8253,72,42.452893754571726,0.8414756851961401,28.869211952672423,77.02593909220403,49.9085364502279,0.8146940196339658,34.19541754288121,286.59659746024874
225,LinearNoSCA,25797,8253,72,783.2931673772785,0.8182411920378694,454.9676846372103,181.3422156979212,926.6762073857586,0.8145566677809786,536.0275322522067,176.93327205114343
270,LinearNoSCA,25797,8253,72,78.96264161602159,0.8231364489682986,47.32647233674079,133.4774770485437,92.65533002034552,0.8144651903215365,56.96366013150135,131.92408776704622
39,LinearNoSCA,25797,8253,72,63.54745790542143,0.8060376707955252,37.56440885065226,217.9440394443556,65.9131749803273,0.8143539863449383,39.11741466688284,92.49690157344818
459,LinearNoSCA,25797,8253,72,93.19094011202884,0.8326161413045436,59.51305425029232,134.46044307769853,114.22722216944332,0.814221314592729,74.53702330561195,144.11874855328227
180,LinearNoSCA,25797,8253,72,61.24243080163424,0.8224423815459544,39.24364166388936,118.7856285273178,71.20561136242404,0.8137682784275879,46.34977778888997,88.50294302662002
288,LinearNoSCA,25797,8253,72,57.696894456038834,0.8067850833188753,36.979842339688894,322.30060556530213,58.634106415304274,0.8134273478318719,38.01643987794127,322.8454982187564
364,LinearNoSCA,25797,8253,72,28.20008494174249,0.804436125197889,17.095845628641566,159.9201148432148,26.93230008913223,0.8125615996787758,17.275002838109113,164.2749242521337
271,LinearNoSCA,25797,8253,72,107.77811833700204,0.82265995766521,67.09166633381132,73.96377788335793,117.21804168673364,0.8121887460502156,73.81872214462003,62.68381179047998
299,LinearNoSCA,25797,8253,72,59.67404060605949,0.8322383991031889,37.35921291634045,157.27529177498047,68.52944235368741,0.8117393969043285,44.55626444965127,140.85353704499929
82,LinearNoSCA,25797,8253,72,34.014642907029234,0.8020581287372361,21.381261718765987,178.18675610352287,33.70579695685027,0.8115262974753036,21.475438089186444,138.40375093389986
37,LinearNoSCA,25797,8253,72,66.20427373335843,0.8001500357254486,38.1806032899915,215.2885822572914,69.34068325619808,0.8113626476229963,41.32578200985496,172.6366046767501
358,LinearNoSCA,25797,8253,72,74.27904741143294,0.8186789930135109,43.89742578075751,134.53156818385284,83.8136811948616,0.8110085090690875,50.03326631458424,98.23589615044068
295,LinearNoSCA,25797,8253,72,82.11208142932263,0.8271755641588356,50.020130469511926,244.3282788103128,93.957920919804,0.8108821175103517,56.48759650521015,117.39104779708735
356,LinearNoSCA,25797,8253,72,85.01003940557028,0.8291852099179682,52.18414144416236,250.15935521151133,104.0190938468296,0.8104813141435374,65.51993218993255,170.19850194850795
437,LinearNoSCA,25797,8253,72,30.688770115165603,0.8067906468114769,18.614378537170317,230.59946801701443,33.03278310781868,0.8101339586344631,20.78502089269068,120.7221434213822
31,LinearNoSCA,25797,8253,72,35.52417290122506,0.8197910044334308,23.20233459480986,100.094397175037,39.88930207157275,0.8098619638593203,26.93248058635403,102.89811590011008
417,LinearNoSCA,25797,8253,72,31.85096674021909,0.8083910422746209,19.399085288836087,144.66934743119043,30.601115487283117,0.80937874802005,19.192889431767966,127.12747784188964
276,LinearNoSCA,25797,8253,72,352.6253917656724,0.8172267202770813,197.880816195236,1171.4605549946225,359.261143851473,0.8092892231505906,196.3368751101362,508.6315774017427
258,LinearNoSCA,25797,8253,72,54.19163553361041,0.8244136345222298,33.45013212811071,110.5406285042554,61.69943115555311,0.8091283654933044,38.98084603054775,84.39688946917929
47,LinearNoSCA,25797,8253,72,111.78538071401655,0.8169389204552726,65.27171084168317,285.2533559185093,122.3684072673392,0.8090006590083697,71.22102237012818,212.69610537052813
236,LinearNoSCA,25797,8253,72,108.3272119350336,0.826177835304925,72.7858883442914,176.90966294017164,131.53472874093896,0.8088449272681457,88.5617291286824,341.413340231476
44,LinearNoSCA,25797,8253,72,153.89228302006032,0.8177486902339687,91.53415359857382,355.1859687604078,158.13313450163582,0.8079084264594207,94.5937664040839,580.2848646491491
137,LinearNoSCA,25797,8253,72,30.918858603581427,0.7997879938950345,18.9612816992528,137.7824296198549,29.98026139513721,0.8075177519120631,19.207979456542887,113.1629381203434
458,LinearNoSCA,25797,8253,72,116.24377959412232,0.8407708848077544,72.6467356255497,231.11239568185457,157.11604476300607,0.807310939040222,100.86349093112506,325.0378515060819
252,LinearNoSCA,25797,8253,72,30.598068363649286,0.7816875498883253,18.550686049495035,311.62502104183386,28.532163228437845,0.8071758659408705,18.302552008360173,197.6785991547231
385,LinearNoSCA,25797,8253,72,41.60087453098603,0.8498448841396861,26.88406738985195,69.4418740026311,55.79821591498867,0.8068971017297797,35.91633646861378,107.47448764167665
182,LinearNoSCA,25797,8253,72,46.18946942317079,0.8255565801490227,28.76790622126632,71.68775069880488,55.147502428541415,0.8065932818177621,34.53790313821058,64.6199858511628
123,LinearNoSCA,25797,8253,72,59.72513070734486,0.8169766573686721,42.64964252239934,145.82917636268672,63.11983830497366,0.805661641427869,47.11406891329867,234.3684163552961
351,LinearNoSCA,25797,8253,72,26.24138900782131,0.8098914829053276,15.930940531490064,110.54871900351236,26.797206137642284,0.8052809331677564,16.62759136232164,216.64618041116776
53,LinearNoSCA,25797,8253,72,53.33857467755868,0.8267698678732204,30.49822392002209,242.0815453008335,62.57776606114994,0.8052078497812666,36.29121843586314,332.6758455723544
222,LinearNoSCA,25797,8253,72,80.7889293333186,0.8184030870720412,52.06111646786798,322.6297636785423,98.97287417357158,0.8051645678704733,67.59881259652872,198.6270346371525
387,LinearNoSCA,25797,8253,72,56.30404912241076,0.8450250176968164,35.97515056545916,60.33791578817024,71.50726250762582,0.8047532516561611,47.24169208263373,290.56105857196104
70,LinearNoSCA,25797,8253,72,29.533234091016897,0.8262284632603626,19.183646177090704,130.48046250096877,34.134733005781825,0.8046514382077705,22.618025908207507,113.7174780462708
173,LinearNoSCA,25797,8253,72,97.94349880393376,0.8243135230243935,66.98861736057177,401.0060586881728,126.54203597463363,0.804513606771921,87.32188043870121,231.33622345284536
608,LinearNoSCA,25797,8253,72,115.15272976457584,0.8254180109834715,73.36735687855017,112.2003954713978,137.8517878562166,0.8044900701534426,88.47155156915103,125.05477480204696
463,LinearNoSCA,25797,8253,72,75.89883611459052,0.7823988221081787,46.69194743420837,360.22845837647367,69.86143340434737,0.8042898621072977,45.90775366200284,285.713005155559
179,LinearNoSCA,25797,8253,72,153.43735314321563,0.8334517524049333,94.03268280464827,142.77895873706566,194.3631226970144,0.8033939384766821,122.9525715004202,130.37352872746862
314,LinearNoSCA,25797,8253,72,197.0282705719362,0.8351912322073601,133.8132418873747,188.97076036674804,233.1321894311696,0.8030250881057162,156.72503737916256,190.66984378849548
125,LinearNoSCA,25797,8253,72,62.11964459453927,0.8211796721016595,42.43799553761347,163.9730171104709,78.48351766581372,0.8021002500074996,55.76041098128385,308.21692245867285
346,LinearNoSCA,25797,8253,72,61.301945477207234,0.8177211845417347,37.66673232752153,125.97849239947394,69.66406458598127,0.8020858720326977,43.13319780579487,338.347901966462
336,LinearNoSCA,25797,8253,72,53.97577907391215,0.9138121878237664,37.42059449142052,164.39120074677794,60.27255782458324,0.8018706953987136,45.43597890109098,158.8236771732754
95,LinearNoSCA,25797,8253,72,63.01449574056847,0.8194564415061161,39.95342394627389,126.05538780573784,76.86831568697347,0.801852641746542,49.41798652856567,109.94618796733366
109,LinearNoSCA,25797,8253,72,74.06452672555409,0.8083344171809431,43.28402710499378,237.4117048702856,82.02863756177685,0.8016694834863585,48.69760522959772,242.09181643216547
433,LinearNoSCA,25797,8253,72,45.18473602914028,0.8221616353087857,30.395374808727787,111.72364197466496,54.90556795859401,0.8013249537238876,38.66875974841356,200.74725897137364
2,LinearNoSCA,25797,8253,72,120.41376497645544,0.8138372978172517,70.25222218648665,140.68316506227424,139.04528183064988,0.8006544905079028,81.97963905972895,118.1321449908851
48,LinearNoSCA,25797,8253,72,32.633670381921306,0.8159407156493219,21.38954189455493,173.49102618731305,38.71214822953937,0.8006382303134651,25.36576937922652,218.61327029423344
365,LinearNoSCA,25797,8253,72,58.80002157784834,0.8132823584224174,36.004353657500594,116.27506797888326,67.61438106688885,0.8006371463844193,42.32296582625757,138.4336638013751
361,LinearNoSCA,25797,8253,72,51.90049803019664,0.7958551262517706,28.63426611602728,147.24080080630932,51.64890548953693,0.8002003568845284,30.15610594008825,243.2323108851208
99,LinearNoSCA,25797,8253,72,36.34954462740601,0.8124443286652092,25.101669151016768,106.1811020013106,43.64461158708996,0.7996271560026065,30.656397214064555,88.17588247977733
215,LinearNoSCA,25797,8253,72,73.35920665285377,0.8190809808178734,44.38437992064731,423.68685671021547,97.41544674984962,0.7991790646372897,61.17978105391888,81.91865258999572
444,LinearNoSCA,25797,8253,72,55.99372852936346,0.809118074660991,32.85413002869825,194.76550685414,50.83570735132728,0.7991308718889006,29.39850409950509,411.35543024841326
101,LinearNoSCA,25797,8253,72,118.87983072277264,0.8007176848233997,75.74730048529766,293.77320706425326,135.20994770852397,0.7988922047254515,87.12397692441567,363.85739101385576
348,LinearNoSCA,25797,8253,72,41.75908037718345,0.8179840088651734,25.708039334778345,118.73355479325154,49.7290792442913,0.7982392542066107,30.707729430059285,255.7419140331463
3,LinearNoSCA,25797,8253,72,150.9210907677787,0.8089218773049031,89.60670237607499,138.4324531072673,176.19086447274344,0.7981985646787325,105.22339004485823,127.57224207897322
286,LinearNoSCA,25797,8253,72,44.05259069221714,0.8056739598248474,31.497081360133546,132.49750667858743,50.01876936435126,0.7974977474578646,35.968302245611355,230.7043367725687
1,LinearNoSCA,25797,8253,72,167.69528762499306,0.8080324961750988,97.38557494381251,136.71475425044272,187.9460830276005,0.7974887716722423,111.81089552480432,100.09563788145348
110,LinearNoSCA,25797,8253,72,56.26505386317317,0.8013054735699123,34.188394199552704,368.6744659332809,61.60704812060145,0.7966328189046936,38.171576888305374,376.629536114835
81,LinearNoSCA,25797,8253,72,25.208964749135667,0.7949546892066599,16.268204974720216,292.35814076625803,27.142610971044626,0.796404717988181,18.14993180713733,233.3750030710332
146,LinearNoSCA,25797,8253,72,100.69320062353084,0.8079769857810722,59.53896915060802,457.5883035959536,121.82966725062413,0.7963749612411483,73.23962035134986,751.6673277459039
248,LinearNoSCA,25797,8253,72,34.27968436409192,0.808505748597783,21.392754478682,449.20180184391694,35.04217539864351,0.7960865741306893,23.7214611494306,254.93248584654597
260,LinearNoSCA,25797,8253,72,38.058090839040624,0.8001257170049036,22.52903272005075,125.38422436231149,42.2190635428012,0.796086367700755,25.7435275169905,107.13858121494906
88,LinearNoSCA,25797,8253,72,24.129088443245383,0.8104072159185465,15.049851504637,98.34640797127948,29.37502734025013,0.7954429706243032,18.649960144523888,88.63318438643684
134,LinearNoSCA,25797,8253,72,26.75042015632177,0.7840928998752118,16.66054195072565,99.97911802996722,28.72927675895112,0.7953909747065269,20.11075763821992,110.30714634878362
445,LinearNoSCA,25797,8253,72,36.37861760887186,0.8105425824147534,21.87538368523712,319.41399151916505,41.070409082941815,0.7951409176693444,25.17598130244189,444.032730573577
4,LinearNoSCA,25797,8253,72,140.1089583962541,0.7987763311722721,84.21112460298923,129.45121527944167,157.8058417930185,0.7950909570002941,94.91545725801733,115.97107695329947
150,LinearNoSCA,25797,8253,72,24.06026087990602,0.8074548649607108,15.1099178987641,81.39172898898524,27.22415675760566,0.7948774638439833,17.160567065554716,99.22487066605268
352,LinearNoSCA,25797,8253,72,50.54870072237332,0.811906152214533,31.500004944259487,106.782486372563,57.67917220814896,0.794822007026119,36.024507500526504,316.3431260100945
353,LinearNoSCA,25797,8253,72,38.16974151549375,0.8060001287932149,24.245534195998445,197.9850711335456,42.18822030704952,0.7931023241005375,26.668095102654725,136.43626861984484
443,LinearNoSCA,25797,8253,72,33.26178622049526,0.8016983520616081,20.863736938576245,221.35015157573997,34.152103013369775,0.7930092461257681,21.45185965740762,301.342960237367
56,LinearNoSCA,25797,8253,72,30.269958795535597,0.8106516117844731,20.13693320428729,228.9698901573916,31.8794089707088,0.7926428049989993,20.913099304380207,310.1397567700156
289,LinearNoSCA,25797,8253,72,90.79734944290765,0.808289969629655,55.78932925975147,102.0327536506424,108.4425043084344,0.7925541072525877,70.21368262036229,115.04689899765496
349,LinearNoSCA,25797,8253,72,21.367401480694777,0.8118659884449481,14.23928121356443,79.09130786224856,25.67002360163981,0.7924604681876359,18.058062847104008,113.0390096358713
370,LinearNoSCA,25797,8253,72,19.93729128402344,0.8056624844675382,12.49522975439914,75.82159875796664,20.446040439640928,0.7920675765857759,13.226242520074662,90.99365190152268
135,LinearNoSCA,25797,8253,72,27.658115646117327,0.791111083278631,18.09135826351997,136.30011798668252,28.305428047703383,0.7912646122401867,19.941599994728385,140.8263969841567
378,LinearNoSCA,25797,8253,72,60.542241258613146,0.8146311119611804,39.49632418045851,89.00214623532358,71.10503732304447,0.790390586480562,46.86580071669102,319.14642543181367
337,LinearNoSCA,25797,8253,72,77.43699352662715,0.8597447177031106,51.11908861916213,84.06282829379698,102.54917598913836,0.7902662341092618,61.19930659524651,105.59310178657115
96,LinearNoSCA,25797,8253,72,54.32444808358937,0.8038406557445904,35.16305816162807,97.8393819486808,66.5598168322761,0.7899841776906241,44.35736563316893,88.09424061122132
80,LinearNoSCA,25797,8253,72,23.21731981088448,0.7908643368195983,15.69990251081721,194.4946866207399,25.63223493676628,0.7891945138325318,17.583826920002455,181.05987507716924
249,LinearNoSCA,25797,8253,72,32.833172075503306,0.797313152550469,19.613462202745943,281.20592766583525,35.87716834459291,0.7890460143122793,23.1890726099876,198.4439586514607
93,LinearNoSCA,25797,8253,72,27.052046950229773,0.7892476554134078,17.698223501678132,91.83474823058908,31.14508838925447,0.7889665316289479,20.43401319669992,74.80012399244428
282,LinearNoSCA,25797,8253,72,27.60986541797553,0.7185070325546388,15.12417474116571,238.20014564770787,25.241060843622545,0.7883911082044952,18.1008726172841,236.9337378614999
89,LinearNoSCA,25797,8253,72,23.617951850217544,0.7937608743864047,14.591561833905024,105.4308518933267,26.84535304032868,0.7876865736171478,17.405637970802236,100.8093749504001
283,LinearNoSCA,25797,8253,72,109.36185995047332,0.7987172886518757,69.71714526165661,746.9267877239334,128.41880964019708,0.786930116803985,84.65580989433113,739.9263017087932
130,LinearNoSCA,25797,8253,72,44.53966510908511,0.796733459512373,28.98874821012782,170.8615077821495,52.64100587937165,0.7863667920854958,36.03711868132369,147.2221697837205
420,LinearNoSCA,25797,8253,72,27.56258940361537,0.7990921880433326,17.053515294307317,102.14387619071915,30.863168394451822,0.7862765560458539,19.251040853401857,105.58034892909532
127,LinearNoSCA,25797,8253,72,122.72040528858734,0.806080306669156,79.50687936968102,287.49763833707976,155.61615512503073,0.7852414486806103,104.76025324908242,407.10681568529327
446,LinearNoSCA,25797,8253,72,35.93572568862372,0.8050906099096893,20.590365914304563,347.0934248515496,41.98704289309427,0.7849410811956206,24.05752973104878,490.3070345645301
97,LinearNoSCA,25797,8253,72,110.11263410156452,0.8137256577745736,71.4752330014759,146.55709951170556,132.61902248215637,0.7848277662410957,86.78519690281607,69.08321108780655
360,LinearNoSCA,25797,8253,72,65.02861505081782,0.7979562243678177,38.53196255359863,104.16671386954512,69.75046840917912,0.7845347931290567,42.6866260526474,281.70017865392805
240,LinearNoSCA,25797,8253,72,133.0388314425197,0.7975262116275644,83.57888662272975,268.0136983159266,154.90737107068975,0.7839431113127872,97.10442386682786,284.64390387788046
144,LinearNoSCA,25797,8253,72,63.06672464310888,0.807620965091454,39.3427667139132,163.64762764733956,76.39331691841574,0.7836434459265245,48.82462583396215,339.34360356611387
237,LinearNoSCA,25797,8253,72,132.32796766133976,0.8003485989054688,83.00007778084563,256.8608790290286,164.07774478384874,0.7834869165083393,106.39312843418216,507.73931633290255
94,LinearNoSCA,25797,8253,72,53.15598170524979,0.8207621427667677,33.58124809117121,122.40466269487231,73.87397801985844,0.7824370824477149,48.464920306572544,128.72067305491976
30,LinearNoSCA,25797,8253,72,67.10284687016328,0.7965458580606515,41.275166238318015,147.87736912146335,78.6959670183482,0.7822888376913288,48.07465455868883,151.54527253193078
362,LinearNoSCA,25797,8253,72,27.56980770279883,0.7909086567549952,16.185261560177395,118.82174168642446,29.340876331346937,0.7822843273081828,17.963405963341657,136.96526714361562
343,LinearNoSCA,25797,8253,72,33.502400152144695,0.7999959026111161,21.805459815975677,72.05314358710008,36.45891755244248,0.7821924910336638,23.859056031313816,217.9239136935722
344,LinearNoSCA,25797,8253,72,44.81865036608837,0.7914281880554306,28.740082361827756,73.34953900032745,48.07743912656743,0.7815000834935192,31.168119510957123,136.25197116006805
357,LinearNoSCA,25797,8253,72,53.09742631512393,0.7949962161681072,30.97909323790883,149.64008258340934,59.64333098922976,0.7804863378324225,35.6913327325099,128.8725828438173
46,LinearNoSCA,25797,8253,72,70.20984805592896,0.7926149575320265,41.697706290822026,166.80317163138702,81.45697260359374,0.7799095022330526,48.98326837149564,305.5016192227304
141,LinearNoSCA,25797,8253,72,17.092230602253,0.7840363010479546,11.12526213359395,116.67849519813215,20.801074394872803,0.7799040410413467,13.663524758062689,145.84466145809455
145,LinearNoSCA,25797,8253,72,52.63518711949734,0.7893992933360753,31.02975504238587,311.9800271841181,57.58527475552143,0.7794270890874505,34.69084100490008,371.2930079666581
84,LinearNoSCA,25797,8253,72,47.38859387252688,0.7922105334675604,28.837343779139182,294.2995560415473,38.15491086876281,0.77839560601669,23.117701713388453,204.5309344574164
131,LinearNoSCA,25797,8253,72,26.03092069491936,0.7746384859936328,17.029053246268965,151.95754567955296,27.634777598263256,0.7775307555053992,18.887994669085916,115.4945724946067
442,LinearNoSCA,25797,8253,72,50.55753579285796,0.8006459172167133,29.741231924796704,239.0278096664232,53.14238202016635,0.7772732331388099,32.17600504963685,325.98185225720624
108,LinearNoSCA,25797,8253,72,47.06904248234966,0.7918115519472951,30.301123844097333,223.23245561920535,51.88200040211853,0.77651205397555,33.63467285407389,206.10115997969552
143,LinearNoSCA,25797,8253,72,88.32172939983376,0.796038224555776,51.98165133171807,264.6850483657555,105.06641836857384,0.7761965525726696,62.06809026226,634.7591471984946
294,LinearNoSCA,25797,8253,72,51.75252691047368,0.7850691352307702,30.596303911413603,181.66426476515065,57.16426266128718,0.775024792754121,35.369654499105025,112.43575987740248
176,LinearNoSCA,25797,8253,72,50.99935723389733,0.7903463132326295,33.801979760135225,88.70163329963144,55.680175621645965,0.7741454411151418,37.52652918441768,84.77011176421493
181,LinearNoSCA,25797,8253,72,119.87759310378075,0.8320154403585642,74.09787736607944,70.09436586758724,178.72509950933116,0.7731794623589956,112.51692487271588,80.55771384051184
457,LinearNoSCA,25797,8253,72,66.13213678270984,0.8242124607252733,39.72200090153991,142.97355033143046,76.33380518458912,0.7721711134683862,46.405850277251474,134.82601134112812
347,LinearNoSCA,25797,8253,72,49.39204855059858,0.8207991467014445,30.06101533922813,123.5511588421836,68.17847399594866,0.7720435779322375,39.96177677861623,339.34821491359867
113,LinearNoSCA,25797,8253,72,46.07173618427207,0.7761023859292389,28.27457985786081,236.9951639671879,54.04558536414145,0.7717876449216483,33.726242663193005,214.1226201882032
251,LinearNoSCA,25797,8253,72,23.91567288682951,0.7717831383360755,14.904862042030352,347.0880542096846,25.10435610394543,0.7716833162155685,16.970739665403165,156.0947852170039
318,LinearNoSCA,25797,8253,72,677.5154448043519,0.7826940995204792,442.8763928485338,113.97891611614816,783.0915319696435,0.7711488149318428,521.7796256980932,103.13731556633358
626,LinearNoSCA,25797,8253,72,149.76178797683076,0.802527340423019,91.37020471451984,93.48546969417872,184.9129146675736,0.7708715081328208,114.87539915645053,94.80076849227484
253,LinearNoSCA,25797,8253,72,18.219358175187217,0.7946203754935812,12.215020327580808,301.40768314388174,18.06975190076904,0.770360376696801,12.435748848285469,148.64397286057277
460,LinearNoSCA,25797,8253,72,99.85254218666446,0.8469182553108614,65.32394696264059,153.87342931614265,168.89938140141751,0.7697532623179297,99.57509536159814,171.8345423814402
114,LinearNoSCA,25797,8253,72,47.1186000306371,0.773435147340213,29.19280100282357,193.21836000870127,53.19960837546867,0.7674364900894075,33.09595371696936,210.98552768891733
186,LinearNoSCA,25797,8253,72,27.480773995104357,0.8146129205330935,16.662658342041613,76.88134679628908,39.46793532329625,0.7671899795387993,24.192027821026,84.36988145502671
291,LinearNoSCA,25797,8253,72,55.95668692917197,0.8139189668075213,37.18589037054141,303.59329376422914,75.55585459754165,0.7666679157752296,49.046436242707465,343.0450514063741
197,LinearNoSCA,25797,8253,72,11.349079212336225,0.757669087475321,7.377688411423417,116.12619872423384,11.761503228292703,0.7637586822375769,7.846050437708582,87.96679308830558
293,LinearNoSCA,25797,8253,72,80.98330454640794,0.7918109878525303,50.427029603933015,319.2481133301088,82.37808914695256,0.762628428772803,51.98406489364526,454.6038989821736
246,LinearNoSCA,25797,8253,72,19.597339090820725,0.8068621714385582,13.605001677853735,252.9458018677896,18.90144506310937,0.7617017825843305,14.079252255902755,180.32176679553064
111,LinearNoSCA,25797,8253,72,36.428049627424144,0.7588395777569458,22.497235171825643,249.83266819130995,41.39824540439348,0.7613987774531349,25.84576399093929,265.2581031967617
449,LinearNoSCA,25797,8253,72,124.92902215361644,0.8113871145357099,78.55794113793017,92.33676020664052,202.76244548575636,0.7601280728130975,128.30391975038387,126.66623076273
290,LinearNoSCA,25797,8253,72,62.78541324240608,0.7915773878334562,39.949824710402645,227.73180963070268,74.27915196925572,0.7586263923955743,46.75838959799485,195.2600113473592
120,LinearNoSCA,25797,8253,72,356.53844271631266,0.7730903051497515,234.5804589571189,898.1627506829268,434.38128321598685,0.7569629263670672,293.3207540554264,158.6453414230323
476,LinearNoSCA,25797,8253,72,274.69203890609987,0.7885814741768924,160.3177781804568,225.5914793544976,353.1340198519442,0.7552553926580623,217.5159255035919,354.4881725524656
28,LinearNoSCA,25797,8253,72,75.77099385062185,0.7937574848453395,49.826993494985686,149.57562609281004,102.11501106003412,0.753514892055852,65.9026289874157,177.14790174909533
87,LinearNoSCA,25797,8253,72,34.85409009816213,0.8271828362792978,21.60343903951133,76.59736875247454,51.252113178264025,0.7530134979770629,33.86974829016277,90.3313907663389
100,LinearNoSCA,25797,8253,72,29.017020904112204,0.759480027631913,18.985667484484686,97.31103928280102,31.29576449200589,0.7517289866472359,20.58067243847604,80.598760292364
247,LinearNoSCA,25797,8253,72,15.137106765277618,0.790823943219409,9.942901641291884,220.5512985067216,14.975211545083305,0.7505682063108201,10.674176314719247,144.98606296354032
334,LinearNoSCA,25797,8253,72,74.60807630659471,0.7789040305786648,47.25451790082453,586.6626000873281,84.80676773515768,0.7505032455657771,55.49306466364927,366.0094354517759
41,LinearNoSCA,25797,8253,72,118.6544913765418,0.77203508956773,72.0054412741258,634.7130655003037,137.8695420394017,0.7500032023058473,83.47470575273452,434.5075340833039
340,LinearNoSCA,25797,8253,72,85.5954557726381,0.7722524215152744,51.62993961475306,206.18114916518692,100.7996841023278,0.748474814832611,59.39372753326082,265.099968935656
209,LinearNoSCA,25797,8253,72,35.08875301488727,0.8319761148754103,24.526499591360405,85.98705468625066,51.92614680172564,0.7477691744120947,34.102637000097644,1132.74284500172
261,LinearNoSCA,25797,8253,72,284.06151580616734,0.7745573635623859,159.59881558790497,96.5161142493866,339.5392308456703,0.7475372726487004,190.67756484468944,95.0372705085358
284,LinearNoSCA,25797,8253,72,101.72396362336906,0.7763729053198392,66.56961676527746,467.4823131218727,130.32108144183394,0.7460052093500837,84.82644862599511,743.7083197598567
177,LinearNoSCA,25797,8253,72,85.80326639226665,0.7827834954126183,52.3442523799318,224.8134357777196,112.51206314217222,0.7459364835877645,69.57362467686075,249.08142910039305
90,LinearNoSCA,25797,8253,72,25.9356556319554,0.8158006818755266,16.165822277778247,100.41958885294947,41.63370842098772,0.745539566130434,26.04335086760512,149.40767343271844
42,LinearNoSCA,25797,8253,72,114.11045543248272,0.7502645698697707,65.84362864663315,89.1743953233014,129.83259245393376,0.7443331434734312,76.41291784527522,85.86232700776583
43,LinearNoSCA,25797,8253,72,69.05099056785468,0.7782812089386477,42.29791446946405,138.451049238778,93.25865552108384,0.7422065236883698,56.308505881372376,183.49744186260563
242,LinearNoSCA,25797,8253,72,87.3460520514632,0.7523721413718267,48.49313903458376,273.2765607086135,98.12049019528811,0.7401031653920747,56.38247127446928,311.56067787569543
292,LinearNoSCA,25797,8253,72,75.38546398882437,0.7665431782452867,50.19381642023607,204.5488174521876,86.84649529461576,0.7395305773552481,58.673628846734736,244.73625167530165
455,LinearNoSCA,25797,8253,72,59.40794668217586,0.8225843171428042,36.57847984369869,135.74900666458777,68.38226829565755,0.7364445965361153,43.6756447642496,122.48032691829803
380,LinearNoSCA,25797,8253,72,55.19053566951153,0.7739137530713726,38.09802962637316,92.57954454338991,63.058307693906,0.7329507029011897,42.38905073148004,233.6326555970521
629,LinearNoSCA,25797,8253,72,153.05705696384348,0.7649140167871179,104.3141409453018,56.039103158011606,203.00488831919185,0.7316299070187311,141.71703217768683,65.70558401600721
341,LinearNoSCA,25797,8253,72,59.48365846887796,0.7588203521292529,37.35743365599426,151.46539512334834,70.45479210885051,0.7297308042171968,43.40703075865477,208.72005420984743
124,LinearNoSCA,25797,8253,72,71.04424781962442,0.7602736103134182,47.49818306473404,133.98694284565306,86.90186897649457,0.7266918168482381,59.03910038174281,244.99128377571253
85,LinearNoSCA,25797,8253,72,33.67411140257753,0.7753361959097974,21.036447410516963,245.645343218648,56.21796737645924,0.7258089526769469,37.781563547166,256.1694621999129
241,LinearNoSCA,25797,8253,72,80.44308305012474,0.7412629660149341,45.8925467919884,203.10870836051637,90.83084266272104,0.7238515002927046,52.04803236531146,239.66063498171275
122,LinearNoSCA,25797,8253,72,108.05955824825664,0.7631415430769402,68.56343342464345,268.1159232169706,139.3604189551255,0.7234519194044069,91.01000921119773,527.8008519089357
83,LinearNoSCA,25797,8253,72,40.04753237191273,0.776196414710229,24.548767327440085,312.5939109511607,63.8318762539273,0.7231347420966249,42.78231109704248,448.1788831904649
464,LinearNoSCA,25797,8253,72,196.3830507973773,0.7754651471259355,119.65861361803998,816.0897801163948,279.10683006322915,0.7169433441067108,169.61588760140577,1170.4042311708397
129,LinearNoSCA,25797,8253,72,85.61605386285412,0.7657267099625875,54.717281329759736,287.3514434252245,125.52469491131043,0.715393127660878,84.62706420682402,235.8911274492626
374,LinearNoSCA,25797,8253,72,20.08006522447445,0.7461271250297354,12.809761662228908,156.43449721484913,27.61024164509993,0.7122384364245616,19.23506641843034,154.2486919964296
339,LinearNoSCA,25797,8253,72,58.84903503195888,0.7165302483377505,35.33793328592862,182.3225099211644,70.29891057889192,0.6986301400423971,43.1757860010121,260.40231328041745
133,LinearNoSCA,25797,8253,72,21.64760981471757,0.7513407084861505,13.843808800728969,157.89734492780073,37.65810090165168,0.6879448807548765,25.19341040775795,237.24348987589207
126,LinearNoSCA,25797,8253,72,84.9341309156916,0.6818470429386523,60.28550465330912,260.25224797794806,103.01064573371671,0.6856246344894941,74.64934201363018,368.2524530104741
57,LinearNoSCA,25797,8253,72,37.67969636969735,0.7382507603436688,21.936848298349595,149.51974156238174,48.61350302571427,0.6780241429886423,24.97264309428273,165.05521563896846
45,LinearNoSCA,25797,8253,72,56.11562713999802,0.6763195157810089,31.20928389349629,175.7730171724396,66.22784753235675,0.6694940003851817,37.59323860888787,188.59377587486773
198,LinearNoSCA,25797,8253,72,24.2946509911818,0.7909997729444865,17.912079825182932,70.49964271997003,81.5900593875857,0.6657396069448096,48.11956390203105,64.66430680617916
617,LinearNoSCA,25797,8253,72,497.5945823263104,0.711073967167464,285.4876072272994,77.93840221957888,618.4013254858304,0.6549121788786149,347.7879761709072,85.97331977922998
297,LinearNoSCA,25797,8253,72,37.99636205455857,0.5928523793452425,17.007460356416697,102.56028119276696,39.76290150439682,0.6102364124326365,20.170344581061997,100.2531252361341
58,LinearNoSCA,25797,8253,72,183.26457230301395,0.670583255343377,95.07486660386816,44.42631758326,230.86347562884455,0.59935177962471,108.80716709469714,41.51382112038785
196,LinearNoSCA,25797,8253,72,9.682729795617288,0.7073068770982607,6.769264479445923,79.64880922600014,9.17422646074205,0.5932988797481275,6.541821703702141,56.895251972017405
86,LinearNoSCA,25797,8253,72,19.622881769381152,0.7611711095226277,12.326422987178448,232.28167188717293,16.885120874782967,0.5890394794520006,10.16046521939503,144.69650702205092
138,LinearNoSCA,25797,8253,72,36.791402028762775,0.7840461389196587,22.34896308350974,120.21858618877894,222.446320098566,0.5431086501191165,120.71982208594896,308.6877256034392
204,LinearNoSCA,25797,8253,72,27.727078975964247,0.7119121920835411,17.60168294333705,112.8417607563982,35.51556555190731,0.5165616560426523,22.568226788055863,1007.2880871981524
203,LinearNoSCA,25797,8253,72,11.018095379123016,0.5678147177687798,6.4620550844884885,62.29703133065523,13.244135179569795,0.5123322935265829,8.00807504718557,86.68797847894658
206,LinearNoSCA,25797,8253,72,8.316472622208511,0.7583169542716893,5.60291631145287,77.31228852665947,10.510509817220024,0.4827964373753642,6.977156022667883,242.08634517545988
200,LinearNoSCA,25797,8253,72,21.42486479511413,0.4978861452419446,11.01880691135672,133.06433848967603,25.751655552066037,0.4296852541577227,13.388119913936348,255.8508139374168
208,LinearNoSCA,25797,8253,72,17.725512307013545,0.7965137199925274,11.576572817166385,96.95852522476092,23.201689319386315,0.4123381020080507,14.457772613326751,281.1919408061133
205,LinearNoSCA,25797,8253,72,17.87157438000369,0.7870117966185284,11.704435895329594,72.58523619337117,24.83308484710464,0.4076425753757148,15.857103915547125,694.5050005594355
199,LinearNoSCA,25797,8253,72,4.4849818692990375,0.6939341735057085,3.0950528713550205,105.2228179176124,5.44796770169679,0.3915358513587501,3.819351274563748,129.52093925253777
201,LinearNoSCA,25797,8253,72,10.459508664698651,0.4816480980202307,5.723948087558879,111.00617911794215,13.626793394977444,0.3785348616768265,6.978369624898123,204.72979448580816
207,LinearNoSCA,25797,8253,72,10.084340039021964,0.7584646931623276,6.628375451637301,108.56554339014262,13.077929663027948,0.3595948167196703,8.504557838089324,465.2357277822792
202,LinearNoSCA,25797,8253,72,13.050265379506076,0.3115932384451709,5.515437661781023,159.16427899734157,15.23505435278414,0.289340471398916,6.104327572074903,150.53215572258952
448,LinearNoSCA,25797,8253,72,537.7187627628956,0.2936452234204484,199.03288678824765,340.5686586858224,778.8618975161365,0.2728814983957615,270.4486479959338,296.37911046878884
604,LinearNoSCA,25797,8253,72,840.9398245336037,0.2339821442620233,324.0093040734768,103.17074373798908,962.3977943152628,0.2330296299783746,367.4719345147998,87.36352643143485
